CustomerID,CustomerName,City,CustomerSegment
1,Customer 1,Rajahmundry,New
2,Customer 2,Tirupati,Returning
3,Customer 3,Ongole,New
4,Customer 4,Guntur,Returning
5,Customer 5,Visakhapatnam,Returning
6,Customer 6,Kurnool,VIP
7,Customer 7,Ongole,Returning
8,Customer 8,Kakinada,Returning
9,Customer 9,Visakhapatnam,New
10,Customer 10,Guntur,VIP
11,Customer 11,Ongole,New
12,Customer 12,Ongole,VIP
13,Customer 13,Rajahmundry,VIP
14,Customer 14,Rajahmundry,New
15,Customer 15,Kurnool,Returning
16,Customer 16,Anantapur,Returning
17,Customer 17,Tirupati,New
18,Customer 18,Visakhapatnam,Returning
19,Customer 19,Nellore,Returning
20,Customer 20,Kakinada,Returning
21,Customer 21,Tirupati,New
22,Customer 22,Rajahmundry,New
23,Customer 23,Kurnool,New
24,Customer 24,Visakhapatnam,VIP
25,Customer 25,Ongole,Returning
26,Customer 26,Visakhapatnam,VIP
27,Customer 27,Vijayawada,VIP
28,Customer 28,Anantapur,Returning
29,Customer 29,Visakhapatnam,New
30,Customer 30,Anantapur,New
31,Customer 31,Guntur,VIP
32,Customer 32,Nellore,New
33,Customer 33,Anantapur,VIP
34,Customer 34,Visakhapatnam,Returning
35,Customer 35,Tirupati,Returning
36,Customer 36,Rajahmundry,VIP
37,Customer 37,Kurnool,New
38,Customer 38,Visakhapatnam,New
39,Customer 39,Tirupati,Returning
40,Customer 40,Nellore,New
41,Customer 41,Anantapur,New
42,Customer 42,Rajahmundry,Returning
43,Customer 43,Nellore,VIP
44,Customer 44,Rajahmundry,Returning
45,Customer 45,Ongole,New
46,Customer 46,Anantapur,Returning
47,Customer 47,Kakinada,VIP
48,Customer 48,Tirupati,VIP
49,Customer 49,Kurnool,Returning
50,Customer 50,Kurnool,New
51,Customer 51,Kurnool,New
52,Customer 52,Kurnool,VIP
53,Customer 53,Kakinada,VIP
54,Customer 54,Vijayawada,New
55,Customer 55,Tirupati,Returning
56,Customer 56,Nellore,New
57,Customer 57,Rajahmundry,New
58,Customer 58,Nellore,New
59,Customer 59,Tirupati,VIP
60,Customer 60,Rajahmundry,VIP
61,Customer 61,Vijayawada,VIP
62,Customer 62,Anantapur,Returning
63,Customer 63,Kakinada,Returning
64,Customer 64,Tirupati,Returning
65,Customer 65,Tirupati,VIP
66,Customer 66,Vijayawada,VIP
67,Customer 67,Kurnool,New
68,Customer 68,Ongole,New
69,Customer 69,Anantapur,VIP
70,Customer 70,Ongole,New
71,Customer 71,Vijayawada,Returning
72,Customer 72,Anantapur,New
73,Customer 73,Visakhapatnam,VIP
74,Customer 74,Visakhapatnam,VIP
75,Customer 75,Visakhapatnam,New
76,Customer 76,Visakhapatnam,Returning
77,Customer 77,Nellore,VIP
78,Customer 78,Vijayawada,Returning
79,Customer 79,Nellore,New
80,Customer 80,Vijayawada,Returning
81,Customer 81,Anantapur,Returning
82,Customer 82,Nellore,New
83,Customer 83,Guntur,VIP
84,Customer 84,Kakinada,VIP
85,Customer 85,Guntur,VIP
86,Customer 86,Visakhapatnam,New
87,Customer 87,Kurnool,New
88,Customer 88,Nellore,New
89,Customer 89,Visakhapatnam,New
90,Customer 90,Kurnool,VIP
91,Customer 91,Tirupati,VIP
92,Customer 92,Ongole,New
93,Customer 93,Kakinada,Returning
94,Customer 94,Kurnool,Returning
95,Customer 95,Kurnool,VIP
96,Customer 96,Rajahmundry,Returning
97,Customer 97,Visakhapatnam,VIP
98,Customer 98,Anantapur,Returning
99,Customer 99,Vijayawada,VIP
100,Customer 100,Vijayawada,VIP
101,Customer 101,Guntur,Returning
102,Customer 102,Rajahmundry,VIP
103,Customer 103,Visakhapatnam,New
104,Customer 104,Visakhapatnam,Returning
105,Customer 105,Vijayawada,Returning
106,Customer 106,Rajahmundry,Returning
107,Customer 107,Tirupati,Returning
108,Customer 108,Rajahmundry,New
109,Customer 109,Kakinada,New
110,Customer 110,Kurnool,Returning
111,Customer 111,Vijayawada,New
112,Customer 112,Tirupati,VIP
113,Customer 113,Tirupati,Returning
114,Customer 114,Ongole,VIP
115,Customer 115,Kurnool,New
116,Customer 116,Nellore,VIP
117,Customer 117,Tirupati,Returning
118,Customer 118,Vijayawada,Returning
119,Customer 119,Kurnool,New
120,Customer 120,Kakinada,Returning
121,Customer 121,Kakinada,New
122,Customer 122,Anantapur,New
123,Customer 123,Kakinada,New
124,Customer 124,Rajahmundry,Returning
125,Customer 125,Kakinada,New
126,Customer 126,Visakhapatnam,Returning
127,Customer 127,Kurnool,Returning
128,Customer 128,Nellore,VIP
129,Customer 129,Guntur,New
130,Customer 130,Kakinada,VIP
131,Customer 131,Tirupati,Returning
132,Customer 132,Visakhapatnam,Returning
133,Customer 133,Tirupati,New
134,Customer 134,Rajahmundry,Returning
135,Customer 135,Anantapur,New
136,Customer 136,Nellore,VIP
137,Customer 137,Rajahmundry,New
138,Customer 138,Kurnool,VIP
139,Customer 139,Visakhapatnam,Returning
140,Customer 140,Guntur,VIP
141,Customer 141,Tirupati,Returning
142,Customer 142,Anantapur,VIP
143,Customer 143,Kurnool,New
144,Customer 144,Nellore,Returning
145,Customer 145,Tirupati,VIP
146,Customer 146,Vijayawada,VIP
147,Customer 147,Rajahmundry,VIP
148,Customer 148,Tirupati,VIP
149,Customer 149,Kakinada,VIP
150,Customer 150,Tirupati,Returning
151,Customer 151,Kakinada,VIP
152,Customer 152,Kakinada,Returning
153,Customer 153,Vijayawada,New
154,Customer 154,Kurnool,New
155,Customer 155,Vijayawada,Returning
156,Customer 156,Nellore,New
157,Customer 157,Tirupati,New
158,Customer 158,Nellore,Returning
159,Customer 159,Visakhapatnam,New
160,Customer 160,Kakinada,VIP
161,Customer 161,Rajahmundry,New
162,Customer 162,Rajahmundry,New
163,Customer 163,Kurnool,VIP
164,Customer 164,Nellore,Returning
165,Customer 165,Tirupati,VIP
166,Customer 166,Guntur,New
167,Customer 167,Kakinada,Returning
168,Customer 168,Vijayawada,VIP
169,Customer 169,Guntur,VIP
170,Customer 170,Nellore,Returning
171,Customer 171,Anantapur,Returning
172,Customer 172,Visakhapatnam,Returning
173,Customer 173,Ongole,Returning
174,Customer 174,Tirupati,Returning
175,Customer 175,Guntur,New
176,Customer 176,Ongole,VIP
177,Customer 177,Guntur,Returning
178,Customer 178,Anantapur,Returning
179,Customer 179,Tirupati,New
180,Customer 180,Visakhapatnam,New
181,Customer 181,Rajahmundry,New
182,Customer 182,Nellore,Returning
183,Customer 183,Rajahmundry,New
184,Customer 184,Nellore,VIP
185,Customer 185,Nellore,VIP
186,Customer 186,Nellore,Returning
187,Customer 187,Rajahmundry,Returning
188,Customer 188,Nellore,New
189,Customer 189,Kakinada,VIP
190,Customer 190,Vijayawada,Returning
191,Customer 191,Visakhapatnam,Returning
192,Customer 192,Rajahmundry,Returning
193,Customer 193,Ongole,VIP
194,Customer 194,Kakinada,Returning
195,Customer 195,Tirupati,New
196,Customer 196,Visakhapatnam,VIP
197,Customer 197,Ongole,VIP
198,Customer 198,Kurnool,New
199,Customer 199,Rajahmundry,Returning
200,Customer 200,Rajahmundry,New
201,Customer 201,Rajahmundry,VIP
202,Customer 202,Rajahmundry,Returning
203,Customer 203,Ongole,New
204,Customer 204,Rajahmundry,VIP
205,Customer 205,Vijayawada,New
206,Customer 206,Guntur,New
207,Customer 207,Nellore,Returning
208,Customer 208,Ongole,Returning
209,Customer 209,Rajahmundry,Returning
210,Customer 210,Anantapur,New
211,Customer 211,Ongole,New
212,Customer 212,Nellore,Returning
213,Customer 213,Nellore,New
214,Customer 214,Guntur,VIP
215,Customer 215,Nellore,VIP
216,Customer 216,Ongole,New
217,Customer 217,Visakhapatnam,New
218,Customer 218,Tirupati,Returning
219,Customer 219,Visakhapatnam,Returning
220,Customer 220,Kakinada,Returning
221,Customer 221,Nellore,New
222,Customer 222,Visakhapatnam,Returning
223,Customer 223,Guntur,Returning
224,Customer 224,Rajahmundry,New
225,Customer 225,Anantapur,Returning
226,Customer 226,Kakinada,New
227,Customer 227,Guntur,VIP
228,Customer 228,Ongole,New
229,Customer 229,Kakinada,Returning
230,Customer 230,Rajahmundry,VIP
231,Customer 231,Kurnool,VIP
232,Customer 232,Kurnool,New
233,Customer 233,Anantapur,VIP
234,Customer 234,Kurnool,Returning
235,Customer 235,Anantapur,Returning
236,Customer 236,Ongole,Returning
237,Customer 237,Tirupati,VIP
238,Customer 238,Anantapur,VIP
239,Customer 239,Vijayawada,Returning
240,Customer 240,Kakinada,VIP
241,Customer 241,Kurnool,Returning
242,Customer 242,Kurnool,VIP
243,Customer 243,Visakhapatnam,Returning
244,Customer 244,Anantapur,VIP
245,Customer 245,Vijayawada,Returning
246,Customer 246,Kakinada,New
247,Customer 247,Tirupati,Returning
248,Customer 248,Ongole,Returning
249,Customer 249,Visakhapatnam,Returning
250,Customer 250,Anantapur,Returning
251,Customer 251,Rajahmundry,Returning
252,Customer 252,Anantapur,New
253,Customer 253,Kakinada,Returning
254,Customer 254,Tirupati,New
255,Customer 255,Rajahmundry,New
256,Customer 256,Nellore,VIP
257,Customer 257,Vijayawada,Returning
258,Customer 258,Guntur,Returning
259,Customer 259,Guntur,VIP
260,Customer 260,Anantapur,New
261,Customer 261,Guntur,VIP
262,Customer 262,Visakhapatnam,VIP
263,Customer 263,Visakhapatnam,Returning
264,Customer 264,Ongole,Returning
265,Customer 265,Kurnool,VIP
266,Customer 266,Guntur,New
267,Customer 267,Tirupati,New
268,Customer 268,Tirupati,New
269,Customer 269,Rajahmundry,Returning
270,Customer 270,Rajahmundry,VIP
271,Customer 271,Visakhapatnam,New
272,Customer 272,Vijayawada,New
273,Customer 273,Nellore,VIP
274,Customer 274,Anantapur,VIP
275,Customer 275,Rajahmundry,Returning
276,Customer 276,Nellore,New
277,Customer 277,Visakhapatnam,New
278,Customer 278,Kakinada,New
279,Customer 279,Visakhapatnam,VIP
280,Customer 280,Visakhapatnam,VIP
281,Customer 281,Kakinada,Returning
282,Customer 282,Vijayawada,VIP
283,Customer 283,Nellore,Returning
284,Customer 284,Kurnool,Returning
285,Customer 285,Ongole,VIP
286,Customer 286,Guntur,Returning
287,Customer 287,Anantapur,VIP
288,Customer 288,Vijayawada,New
289,Customer 289,Nellore,New
290,Customer 290,Guntur,VIP
291,Customer 291,Nellore,VIP
292,Customer 292,Vijayawada,VIP
293,Customer 293,Guntur,Returning
294,Customer 294,Kakinada,VIP
295,Customer 295,Nellore,Returning
296,Customer 296,Kurnool,New
297,Customer 297,Rajahmundry,Returning
298,Customer 298,Anantapur,Returning
299,Customer 299,Vijayawada,VIP
300,Customer 300,Tirupati,VIP
301,Customer 301,Kakinada,New
302,Customer 302,Vijayawada,Returning
303,Customer 303,Ongole,VIP
304,Customer 304,Rajahmundry,Returning
305,Customer 305,Visakhapatnam,VIP
306,Customer 306,Vijayawada,Returning
307,Customer 307,Ongole,New
308,Customer 308,Nellore,New
309,Customer 309,Kurnool,Returning
310,Customer 310,Ongole,VIP
311,Customer 311,Tirupati,VIP
312,Customer 312,Visakhapatnam,Returning
313,Customer 313,Visakhapatnam,New
314,Customer 314,Anantapur,Returning
315,Customer 315,Visakhapatnam,New
316,Customer 316,Tirupati,VIP
317,Customer 317,Tirupati,New
318,Customer 318,Vijayawada,VIP
319,Customer 319,Guntur,Returning
320,Customer 320,Nellore,New
321,Customer 321,Guntur,New
322,Customer 322,Rajahmundry,New
323,Customer 323,Anantapur,New
324,Customer 324,Kakinada,VIP
325,Customer 325,Kurnool,VIP
326,Customer 326,Ongole,New
327,Customer 327,Anantapur,New
328,Customer 328,Nellore,New
329,Customer 329,Ongole,VIP
330,Customer 330,Vijayawada,Returning
331,Customer 331,Visakhapatnam,New
332,Customer 332,Rajahmundry,VIP
333,Customer 333,Ongole,VIP
334,Customer 334,Tirupati,New
335,Customer 335,Ongole,New
336,Customer 336,Anantapur,Returning
337,Customer 337,Rajahmundry,Returning
338,Customer 338,Guntur,Returning
339,Customer 339,Visakhapatnam,Returning
340,Customer 340,Guntur,New
341,Customer 341,Anantapur,New
342,Customer 342,Visakhapatnam,Returning
343,Customer 343,Visakhapatnam,Returning
344,Customer 344,Ongole,VIP
345,Customer 345,Visakhapatnam,New
346,Customer 346,Visakhapatnam,VIP
347,Customer 347,Tirupati,Returning
348,Customer 348,Vijayawada,New
349,Customer 349,Tirupati,VIP
350,Customer 350,Kurnool,New
351,Customer 351,Ongole,Returning
352,Customer 352,Kurnool,Returning
353,Customer 353,Rajahmundry,VIP
354,Customer 354,Ongole,New
355,Customer 355,Nellore,VIP
356,Customer 356,Nellore,Returning
357,Customer 357,Rajahmundry,Returning
358,Customer 358,Ongole,Returning
359,Customer 359,Rajahmundry,VIP
360,Customer 360,Kurnool,VIP
361,Customer 361,Vijayawada,New
362,Customer 362,Tirupati,New
363,Customer 363,Kurnool,New
364,Customer 364,Kurnool,VIP
365,Customer 365,Vijayawada,Returning
366,Customer 366,Nellore,Returning
367,Customer 367,Kurnool,Returning
368,Customer 368,Vijayawada,VIP
369,Customer 369,Rajahmundry,New
370,Customer 370,Tirupati,VIP
371,Customer 371,Kakinada,VIP
372,Customer 372,Nellore,New
373,Customer 373,Tirupati,Returning
374,Customer 374,Tirupati,Returning
375,Customer 375,Anantapur,Returning
376,Customer 376,Nellore,New
377,Customer 377,Kurnool,Returning
378,Customer 378,Nellore,New
379,Customer 379,Tirupati,VIP
380,Customer 380,Kurnool,VIP
381,Customer 381,Vijayawada,VIP
382,Customer 382,Ongole,Returning
383,Customer 383,Kakinada,Returning
384,Customer 384,Anantapur,Returning
385,Customer 385,Kakinada,VIP
386,Customer 386,Tirupati,New
387,Customer 387,Guntur,VIP
388,Customer 388,Nellore,Returning
389,Customer 389,Ongole,VIP
390,Customer 390,Guntur,New
391,Customer 391,Kurnool,Returning
392,Customer 392,Kurnool,VIP
393,Customer 393,Kurnool,New
394,Customer 394,Kakinada,VIP
395,Customer 395,Vijayawada,Returning
396,Customer 396,Tirupati,New
397,Customer 397,Tirupati,VIP
398,Customer 398,Ongole,Returning
399,Customer 399,Rajahmundry,Returning
400,Customer 400,Ongole,VIP
401,Customer 401,Anantapur,Returning
402,Customer 402,Anantapur,VIP
403,Customer 403,Guntur,VIP
404,Customer 404,Kurnool,New
405,Customer 405,Guntur,VIP
406,Customer 406,Kakinada,VIP
407,Customer 407,Ongole,New
408,Customer 408,Rajahmundry,New
409,Customer 409,Ongole,Returning
410,Customer 410,Ongole,VIP
411,Customer 411,Kakinada,VIP
412,Customer 412,Tirupati,New
413,Customer 413,Tirupati,New
414,Customer 414,Visakhapatnam,Returning
415,Customer 415,Rajahmundry,New
416,Customer 416,Nellore,VIP
417,Customer 417,Guntur,Returning
418,Customer 418,Kurnool,New
419,Customer 419,Nellore,VIP
420,Customer 420,Kakinada,Returning
421,Customer 421,Kakinada,Returning
422,Customer 422,Anantapur,New
423,Customer 423,Guntur,New
424,Customer 424,Guntur,VIP
425,Customer 425,Rajahmundry,New
426,Customer 426,Kakinada,Returning
427,Customer 427,Ongole,Returning
428,Customer 428,Nellore,VIP
429,Customer 429,Visakhapatnam,Returning
430,Customer 430,Rajahmundry,VIP
431,Customer 431,Tirupati,VIP
432,Customer 432,Guntur,VIP
433,Customer 433,Vijayawada,VIP
434,Customer 434,Nellore,VIP
435,Customer 435,Kurnool,Returning
436,Customer 436,Vijayawada,New
437,Customer 437,Kurnool,Returning
438,Customer 438,Kakinada,New
439,Customer 439,Nellore,Returning
440,Customer 440,Nellore,Returning
441,Customer 441,Tirupati,VIP
442,Customer 442,Ongole,VIP
443,Customer 443,Vijayawada,VIP
444,Customer 444,Ongole,New
445,Customer 445,Nellore,New
446,Customer 446,Kurnool,VIP
447,Customer 447,Vijayawada,New
448,Customer 448,Ongole,Returning
449,Customer 449,Visakhapatnam,New
450,Customer 450,Kurnool,New
451,Customer 451,Guntur,Returning
452,Customer 452,Rajahmundry,VIP
453,Customer 453,Tirupati,New
454,Customer 454,Nellore,Returning
455,Customer 455,Ongole,Returning
456,Customer 456,Kakinada,VIP
457,Customer 457,Kakinada,VIP
458,Customer 458,Visakhapatnam,VIP
459,Customer 459,Tirupati,New
460,Customer 460,Vijayawada,VIP
461,Customer 461,Ongole,Returning
462,Customer 462,Tirupati,VIP
463,Customer 463,Tirupati,Returning
464,Customer 464,Rajahmundry,Returning
465,Customer 465,Guntur,New
466,Customer 466,Nellore,Returning
467,Customer 467,Kakinada,Returning
468,Customer 468,Nellore,VIP
469,Customer 469,Nellore,Returning
470,Customer 470,Rajahmundry,VIP
471,Customer 471,Vijayawada,New
472,Customer 472,Nellore,Returning
473,Customer 473,Kakinada,New
474,Customer 474,Anantapur,New
475,Customer 475,Rajahmundry,New
476,Customer 476,Visakhapatnam,New
477,Customer 477,Ongole,Returning
478,Customer 478,Guntur,Returning
479,Customer 479,Rajahmundry,Returning
480,Customer 480,Kurnool,VIP
481,Customer 481,Vijayawada,New
482,Customer 482,Visakhapatnam,VIP
483,Customer 483,Kurnool,Returning
484,Customer 484,Guntur,New
485,Customer 485,Tirupati,New
486,Customer 486,Vijayawada,New
487,Customer 487,Nellore,Returning
488,Customer 488,Kakinada,VIP
489,Customer 489,Nellore,VIP
490,Customer 490,Rajahmundry,New
491,Customer 491,Kakinada,New
492,Customer 492,Vijayawada,Returning
493,Customer 493,Anantapur,New
494,Customer 494,Guntur,VIP
495,Customer 495,Visakhapatnam,VIP
496,Customer 496,Visakhapatnam,New
497,Customer 497,Kakinada,New
498,Customer 498,Kurnool,VIP
499,Customer 499,Kakinada,Returning
500,Customer 500,Kakinada,New
501,Customer 501,Kakinada,VIP
502,Customer 502,Visakhapatnam,VIP
503,Customer 503,Vijayawada,VIP
504,Customer 504,Guntur,VIP
505,Customer 505,Visakhapatnam,Returning
506,Customer 506,Guntur,New
507,Customer 507,Nellore,VIP
508,Customer 508,Guntur,VIP
509,Customer 509,Kurnool,New
510,Customer 510,Vijayawada,VIP
511,Customer 511,Vijayawada,New
512,Customer 512,Guntur,Returning
513,Customer 513,Rajahmundry,Returning
514,Customer 514,Anantapur,VIP
515,Customer 515,Ongole,Returning
516,Customer 516,Kurnool,Returning
517,Customer 517,Guntur,New
518,Customer 518,Kakinada,VIP
519,Customer 519,Ongole,New
520,Customer 520,Kurnool,New
521,Customer 521,Tirupati,Returning
522,Customer 522,Kakinada,Returning
523,Customer 523,Vijayawada,Returning
524,Customer 524,Kakinada,VIP
525,Customer 525,Rajahmundry,Returning
526,Customer 526,Nellore,VIP
527,Customer 527,Kakinada,New
528,Customer 528,Tirupati,VIP
529,Customer 529,Kakinada,New
530,Customer 530,Kurnool,VIP
531,Customer 531,Kurnool,New
532,Customer 532,Tirupati,Returning
533,Customer 533,Nellore,New
534,Customer 534,Ongole,New
535,Customer 535,Vijayawada,New
536,Customer 536,Nellore,New
537,Customer 537,Rajahmundry,New
538,Customer 538,Kakinada,VIP
539,Customer 539,Visakhapatnam,Returning
540,Customer 540,Kakinada,Returning
541,Customer 541,Anantapur,Returning
542,Customer 542,Anantapur,Returning
543,Customer 543,Guntur,New
544,Customer 544,Nellore,VIP
545,Customer 545,Kurnool,VIP
546,Customer 546,Kakinada,VIP
547,Customer 547,Guntur,New
548,Customer 548,Rajahmundry,VIP
549,Customer 549,Ongole,VIP
550,Customer 550,Rajahmundry,VIP
551,Customer 551,Guntur,VIP
552,Customer 552,Ongole,VIP
553,Customer 553,Vijayawada,New
554,Customer 554,Visakhapatnam,VIP
555,Customer 555,Ongole,New
556,Customer 556,Guntur,VIP
557,Customer 557,Vijayawada,New
558,Customer 558,Anantapur,Returning
559,Customer 559,Kurnool,New
560,Customer 560,Ongole,Returning
561,Customer 561,Tirupati,Returning
562,Customer 562,Guntur,VIP
563,Customer 563,Anantapur,New
564,Customer 564,Ongole,Returning
565,Customer 565,Nellore,Returning
566,Customer 566,Visakhapatnam,New
567,Customer 567,Guntur,New
568,Customer 568,Visakhapatnam,New
569,Customer 569,Visakhapatnam,Returning
570,Customer 570,Visakhapatnam,New
571,Customer 571,Kurnool,VIP
572,Customer 572,Ongole,Returning
573,Customer 573,Nellore,New
574,Customer 574,Rajahmundry,VIP
575,Customer 575,Guntur,New
576,Customer 576,Visakhapatnam,Returning
577,Customer 577,Kakinada,New
578,Customer 578,Rajahmundry,VIP
579,Customer 579,Kurnool,VIP
580,Customer 580,Kurnool,New
581,Customer 581,Nellore,VIP
582,Customer 582,Visakhapatnam,New
583,Customer 583,Anantapur,VIP
584,Customer 584,Nellore,Returning
585,Customer 585,Vijayawada,Returning
586,Customer 586,Rajahmundry,Returning
587,Customer 587,Rajahmundry,VIP
588,Customer 588,Guntur,Returning
589,Customer 589,Nellore,VIP
590,Customer 590,Ongole,Returning
591,Customer 591,Guntur,VIP
592,Customer 592,Anantapur,VIP
593,Customer 593,Kurnool,Returning
594,Customer 594,Kurnool,VIP
595,Customer 595,Tirupati,New
596,Customer 596,Kurnool,New
597,Customer 597,Nellore,Returning
598,Customer 598,Vijayawada,Returning
599,Customer 599,Nellore,VIP
600,Customer 600,Nellore,New
601,Customer 601,Nellore,New
602,Customer 602,Guntur,New
603,Customer 603,Guntur,Returning
604,Customer 604,Visakhapatnam,Returning
605,Customer 605,Ongole,Returning
606,Customer 606,Ongole,VIP
607,Customer 607,Nellore,VIP
608,Customer 608,Ongole,VIP
609,Customer 609,Ongole,Returning
610,Customer 610,Anantapur,Returning
611,Customer 611,Guntur,New
612,Customer 612,Anantapur,New
613,Customer 613,Guntur,Returning
614,Customer 614,Rajahmundry,Returning
615,Customer 615,Kurnool,Returning
616,Customer 616,Anantapur,VIP
617,Customer 617,Kakinada,Returning
618,Customer 618,Nellore,VIP
619,Customer 619,Tirupati,Returning
620,Customer 620,Guntur,New
621,Customer 621,Visakhapatnam,New
622,Customer 622,Ongole,VIP
623,Customer 623,Ongole,VIP
624,Customer 624,Tirupati,Returning
625,Customer 625,Tirupati,New
626,Customer 626,Tirupati,VIP
627,Customer 627,Kurnool,New
628,Customer 628,Nellore,New
629,Customer 629,Visakhapatnam,New
630,Customer 630,Kurnool,VIP
631,Customer 631,Anantapur,VIP
632,Customer 632,Visakhapatnam,Returning
633,Customer 633,Nellore,Returning
634,Customer 634,Anantapur,Returning
635,Customer 635,Vijayawada,New
636,Customer 636,Anantapur,Returning
637,Customer 637,Anantapur,New
638,Customer 638,Rajahmundry,Returning
639,Customer 639,Rajahmundry,VIP
640,Customer 640,Nellore,VIP
641,Customer 641,Guntur,Returning
642,Customer 642,Kakinada,Returning
643,Customer 643,Vijayawada,VIP
644,Customer 644,Vijayawada,Returning
645,Customer 645,Nellore,VIP
646,Customer 646,Rajahmundry,Returning
647,Customer 647,Rajahmundry,New
648,Customer 648,Anantapur,VIP
649,Customer 649,Guntur,New
650,Customer 650,Visakhapatnam,Returning
651,Customer 651,Vijayawada,Returning
652,Customer 652,Guntur,VIP
653,Customer 653,Kakinada,New
654,Customer 654,Nellore,VIP
655,Customer 655,Tirupati,Returning
656,Customer 656,Anantapur,VIP
657,Customer 657,Kakinada,Returning
658,Customer 658,Rajahmundry,Returning
659,Customer 659,Vijayawada,Returning
660,Customer 660,Rajahmundry,VIP
661,Customer 661,Ongole,VIP
662,Customer 662,Guntur,Returning
663,Customer 663,Anantapur,New
664,Customer 664,Rajahmundry,Returning
665,Customer 665,Tirupati,Returning
666,Customer 666,Nellore,New
667,Customer 667,Guntur,New
668,Customer 668,Visakhapatnam,VIP
669,Customer 669,Rajahmundry,New
670,Customer 670,Nellore,Returning
671,Customer 671,Kakinada,VIP
672,Customer 672,Anantapur,Returning
673,Customer 673,Tirupati,New
674,Customer 674,Tirupati,New
675,Customer 675,Rajahmundry,VIP
676,Customer 676,Tirupati,New
677,Customer 677,Vijayawada,VIP
678,Customer 678,Guntur,VIP
679,Customer 679,Rajahmundry,Returning
680,Customer 680,Vijayawada,VIP
681,Customer 681,Nellore,Returning
682,Customer 682,Tirupati,Returning
683,Customer 683,Nellore,New
684,Customer 684,Visakhapatnam,Returning
685,Customer 685,Ongole,New
686,Customer 686,Ongole,Returning
687,Customer 687,Vijayawada,New
688,Customer 688,Ongole,Returning
689,Customer 689,Nellore,New
690,Customer 690,Vijayawada,VIP
691,Customer 691,Kakinada,New
692,Customer 692,Vijayawada,Returning
693,Customer 693,Ongole,VIP
694,Customer 694,Visakhapatnam,VIP
695,Customer 695,Visakhapatnam,VIP
696,Customer 696,Visakhapatnam,VIP
697,Customer 697,Vijayawada,New
698,Customer 698,Visakhapatnam,New
699,Customer 699,Kurnool,New
700,Customer 700,Kakinada,Returning
701,Customer 701,Vijayawada,New
702,Customer 702,Guntur,New
703,Customer 703,Vijayawada,VIP
704,Customer 704,Kakinada,New
705,Customer 705,Anantapur,Returning
706,Customer 706,Tirupati,New
707,Customer 707,Visakhapatnam,New
708,Customer 708,Rajahmundry,New
709,Customer 709,Tirupati,Returning
710,Customer 710,Kakinada,New
711,Customer 711,Vijayawada,VIP
712,Customer 712,Kurnool,New
713,Customer 713,Nellore,New
714,Customer 714,Nellore,VIP
715,Customer 715,Guntur,New
716,Customer 716,Guntur,Returning
717,Customer 717,Anantapur,VIP
718,Customer 718,Vijayawada,VIP
719,Customer 719,Vijayawada,VIP
720,Customer 720,Rajahmundry,Returning
721,Customer 721,Kurnool,VIP
722,Customer 722,Tirupati,Returning
723,Customer 723,Visakhapatnam,New
724,Customer 724,Guntur,New
725,Customer 725,Nellore,New
726,Customer 726,Ongole,Returning
727,Customer 727,Rajahmundry,Returning
728,Customer 728,Rajahmundry,VIP
729,Customer 729,Tirupati,New
730,Customer 730,Anantapur,New
731,Customer 731,Anantapur,Returning
732,Customer 732,Vijayawada,Returning
733,Customer 733,Kurnool,Returning
734,Customer 734,Nellore,Returning
735,Customer 735,Kurnool,VIP
736,Customer 736,Rajahmundry,New
737,Customer 737,Kakinada,New
738,Customer 738,Ongole,New
739,Customer 739,Kurnool,New
740,Customer 740,Tirupati,Returning
741,Customer 741,Tirupati,Returning
742,Customer 742,Vijayawada,New
743,Customer 743,Rajahmundry,New
744,Customer 744,Guntur,VIP
745,Customer 745,Tirupati,New
746,Customer 746,Guntur,New
747,Customer 747,Nellore,VIP
748,Customer 748,Nellore,Returning
749,Customer 749,Kurnool,New
750,Customer 750,Visakhapatnam,VIP
751,Customer 751,Rajahmundry,Returning
752,Customer 752,Vijayawada,New
753,Customer 753,Nellore,New
754,Customer 754,Kakinada,New
755,Customer 755,Kurnool,VIP
756,Customer 756,Nellore,New
757,Customer 757,Visakhapatnam,VIP
758,Customer 758,Ongole,VIP
759,Customer 759,Visakhapatnam,Returning
760,Customer 760,Ongole,VIP
761,Customer 761,Vijayawada,VIP
762,Customer 762,Nellore,Returning
763,Customer 763,Ongole,Returning
764,Customer 764,Tirupati,VIP
765,Customer 765,Rajahmundry,VIP
766,Customer 766,Tirupati,Returning
767,Customer 767,Anantapur,New
768,Customer 768,Anantapur,New
769,Customer 769,Visakhapatnam,VIP
770,Customer 770,Vijayawada,Returning
771,Customer 771,Kakinada,VIP
772,Customer 772,Vijayawada,New
773,Customer 773,Kakinada,VIP
774,Customer 774,Tirupati,VIP
775,Customer 775,Kurnool,VIP
776,Customer 776,Guntur,VIP
777,Customer 777,Kakinada,Returning
778,Customer 778,Tirupati,Returning
779,Customer 779,Vijayawada,New
780,Customer 780,Tirupati,VIP
781,Customer 781,Guntur,New
782,Customer 782,Guntur,Returning
783,Customer 783,Visakhapatnam,Returning
784,Customer 784,Nellore,New
785,Customer 785,Kurnool,VIP
786,Customer 786,Guntur,New
787,Customer 787,Kurnool,New
788,Customer 788,Rajahmundry,Returning
789,Customer 789,Ongole,Returning
790,Customer 790,Ongole,New
791,Customer 791,Rajahmundry,VIP
792,Customer 792,Vijayawada,New
793,Customer 793,Kurnool,Returning
794,Customer 794,Kakinada,VIP
795,Customer 795,Guntur,Returning
796,Customer 796,Rajahmundry,New
797,Customer 797,Tirupati,Returning
798,Customer 798,Kurnool,New
799,Customer 799,Rajahmundry,Returning
800,Customer 800,Kakinada,New
801,Customer 801,Ongole,VIP
802,Customer 802,Visakhapatnam,New
803,Customer 803,Tirupati,Returning
804,Customer 804,Anantapur,Returning
805,Customer 805,Vijayawada,VIP
806,Customer 806,Ongole,VIP
807,Customer 807,Kakinada,VIP
808,Customer 808,Visakhapatnam,Returning
809,Customer 809,Vijayawada,Returning
810,Customer 810,Anantapur,Returning
811,Customer 811,Anantapur,Returning
812,Customer 812,Anantapur,VIP
813,Customer 813,Visakhapatnam,VIP
814,Customer 814,Kurnool,Returning
815,Customer 815,Guntur,New
816,Customer 816,Visakhapatnam,New
817,Customer 817,Nellore,VIP
818,Customer 818,Tirupati,VIP
819,Customer 819,Kurnool,New
820,Customer 820,Tirupati,Returning
821,Customer 821,Kurnool,VIP
822,Customer 822,Guntur,Returning
823,Customer 823,Tirupati,New
824,Customer 824,Vijayawada,Returning
825,Customer 825,Anantapur,New
826,Customer 826,Rajahmundry,Returning
827,Customer 827,Ongole,VIP
828,Customer 828,Tirupati,Returning
829,Customer 829,Ongole,Returning
830,Customer 830,Tirupati,VIP
831,Customer 831,Visakhapatnam,New
832,Customer 832,Ongole,New
833,Customer 833,Visakhapatnam,New
834,Customer 834,Tirupati,Returning
835,Customer 835,Rajahmundry,New
836,Customer 836,Tirupati,Returning
837,Customer 837,Anantapur,Returning
838,Customer 838,Tirupati,VIP
839,Customer 839,Guntur,Returning
840,Customer 840,Visakhapatnam,New
841,Customer 841,Guntur,New
842,Customer 842,Kakinada,New
843,Customer 843,Kurnool,New
844,Customer 844,Kurnool,VIP
845,Customer 845,Ongole,VIP
846,Customer 846,Nellore,Returning
847,Customer 847,Kurnool,VIP
848,Customer 848,Nellore,New
849,Customer 849,Nellore,VIP
850,Customer 850,Anantapur,VIP
851,Customer 851,Nellore,Returning
852,Customer 852,Kurnool,VIP
853,Customer 853,Tirupati,VIP
854,Customer 854,Kakinada,Returning
855,Customer 855,Visakhapatnam,Returning
856,Customer 856,Nellore,New
857,Customer 857,Kurnool,VIP
858,Customer 858,Ongole,VIP
859,Customer 859,Nellore,Returning
860,Customer 860,Guntur,Returning
861,Customer 861,Nellore,VIP
862,Customer 862,Kakinada,New
863,Customer 863,Anantapur,VIP
864,Customer 864,Rajahmundry,VIP
865,Customer 865,Ongole,Returning
866,Customer 866,Guntur,New
867,Customer 867,Kurnool,VIP
868,Customer 868,Guntur,Returning
869,Customer 869,Vijayawada,VIP
870,Customer 870,Ongole,VIP
871,Customer 871,Vijayawada,New
872,Customer 872,Anantapur,Returning
873,Customer 873,Anantapur,Returning
874,Customer 874,Nellore,VIP
875,Customer 875,Rajahmundry,VIP
876,Customer 876,Vijayawada,VIP
877,Customer 877,Anantapur,New
878,Customer 878,Guntur,Returning
879,Customer 879,Tirupati,Returning
880,Customer 880,Rajahmundry,New
881,Customer 881,Vijayawada,Returning
882,Customer 882,Rajahmundry,VIP
883,Customer 883,Anantapur,VIP
884,Customer 884,Visakhapatnam,New
885,Customer 885,Kurnool,New
886,Customer 886,Tirupati,VIP
887,Customer 887,Ongole,VIP
888,Customer 888,Anantapur,VIP
889,Customer 889,Visakhapatnam,VIP
890,Customer 890,Rajahmundry,Returning
891,Customer 891,Anantapur,New
892,Customer 892,Ongole,VIP
893,Customer 893,Ongole,VIP
894,Customer 894,Kakinada,VIP
895,Customer 895,Kakinada,VIP
896,Customer 896,Kakinada,New
897,Customer 897,Anantapur,VIP
898,Customer 898,Anantapur,VIP
899,Customer 899,Kakinada,Returning
900,Customer 900,Anantapur,New
901,Customer 901,Rajahmundry,New
902,Customer 902,Guntur,Returning
903,Customer 903,Nellore,Returning
904,Customer 904,Rajahmundry,New
905,Customer 905,Kurnool,New
906,Customer 906,Vijayawada,New
907,Customer 907,Kurnool,New
908,Customer 908,Anantapur,VIP
909,Customer 909,Rajahmundry,Returning
910,Customer 910,Vijayawada,VIP
911,Customer 911,Vijayawada,New
912,Customer 912,Vijayawada,New
913,Customer 913,Vijayawada,New
914,Customer 914,Rajahmundry,Returning
915,Customer 915,Vijayawada,VIP
916,Customer 916,Vijayawada,New
917,Customer 917,Tirupati,New
918,Customer 918,Kakinada,New
919,Customer 919,Vijayawada,New
920,Customer 920,Guntur,VIP
921,Customer 921,Kurnool,New
922,Customer 922,Anantapur,VIP
923,Customer 923,Visakhapatnam,New
924,Customer 924,Guntur,Returning
925,Customer 925,Anantapur,New
926,Customer 926,Ongole,New
927,Customer 927,Anantapur,VIP
928,Customer 928,Guntur,VIP
929,Customer 929,Kakinada,Returning
930,Customer 930,Kakinada,New
931,Customer 931,Kakinada,New
932,Customer 932,Tirupati,New
933,Customer 933,Kakinada,New
934,Customer 934,Vijayawada,VIP
935,Customer 935,Kurnool,Returning
936,Customer 936,Kakinada,VIP
937,Customer 937,Ongole,VIP
938,Customer 938,Ongole,Returning
939,Customer 939,Tirupati,VIP
940,Customer 940,Kakinada,New
941,Customer 941,Nellore,New
942,Customer 942,Visakhapatnam,New
943,Customer 943,Visakhapatnam,Returning
944,Customer 944,Kurnool,Returning
945,Customer 945,Tirupati,VIP
946,Customer 946,Kurnool,VIP
947,Customer 947,Anantapur,VIP
948,Customer 948,Visakhapatnam,Returning
949,Customer 949,Nellore,Returning
950,Customer 950,Ongole,New
951,Customer 951,Nellore,New
952,Customer 952,Kurnool,Returning
953,Customer 953,Vijayawada,Returning
954,Customer 954,Kakinada,New
955,Customer 955,Vijayawada,VIP
956,Customer 956,Kakinada,VIP
957,Customer 957,Ongole,New
958,Customer 958,Kurnool,VIP
959,Customer 959,Kakinada,Returning
960,Customer 960,Kurnool,New
961,Customer 961,Tirupati,New
962,Customer 962,Ongole,Returning
963,Customer 963,Kurnool,VIP
964,Customer 964,Nellore,Returning
965,Customer 965,Visakhapatnam,VIP
966,Customer 966,Visakhapatnam,New
967,Customer 967,Kakinada,VIP
968,Customer 968,Kakinada,VIP
969,Customer 969,Ongole,VIP
970,Customer 970,Anantapur,VIP
971,Customer 971,Rajahmundry,New
972,Customer 972,Tirupati,VIP
973,Customer 973,Vijayawada,VIP
974,Customer 974,Guntur,New
975,Customer 975,Kakinada,VIP
976,Customer 976,Ongole,VIP
977,Customer 977,Kurnool,New
978,Customer 978,Anantapur,New
979,Customer 979,Tirupati,VIP
980,Customer 980,Vijayawada,New
981,Customer 981,Rajahmundry,VIP
982,Customer 982,Vijayawada,VIP
983,Customer 983,Rajahmundry,Returning
984,Customer 984,Tirupati,New
985,Customer 985,Kakinada,VIP
986,Customer 986,Ongole,New
987,Customer 987,Nellore,New
988,Customer 988,Kurnool,VIP
989,Customer 989,Guntur,Returning
990,Customer 990,Visakhapatnam,New
991,Customer 991,Kurnool,Returning
992,Customer 992,Nellore,Returning
993,Customer 993,Kakinada,Returning
994,Customer 994,Visakhapatnam,New
995,Customer 995,Kurnool,VIP
996,Customer 996,Visakhapatnam,VIP
997,Customer 997,Kurnool,New
998,Customer 998,Ongole,VIP
999,Customer 999,Kurnool,New
1000,Customer 1000,Nellore,VIP
1001,Customer 1001,Rajahmundry,New
1002,Customer 1002,Anantapur,Returning
1003,Customer 1003,Vijayawada,Returning
1004,Customer 1004,Kurnool,New
1005,Customer 1005,Visakhapatnam,New
1006,Customer 1006,Tirupati,New
1007,Customer 1007,Guntur,Returning
1008,Customer 1008,Ongole,Returning
1009,Customer 1009,Vijayawada,New
1010,Customer 1010,Visakhapatnam,VIP
1011,Customer 1011,Tirupati,New
1012,Customer 1012,Nellore,Returning
1013,Customer 1013,Rajahmundry,VIP
1014,Customer 1014,Guntur,VIP
1015,Customer 1015,Nellore,New
1016,Customer 1016,Guntur,Returning
1017,Customer 1017,Vijayawada,Returning
1018,Customer 1018,Rajahmundry,New
1019,Customer 1019,Nellore,New
1020,Customer 1020,Kurnool,VIP
1021,Customer 1021,Kurnool,New
1022,Customer 1022,Kurnool,Returning
1023,Customer 1023,Guntur,VIP
1024,Customer 1024,Visakhapatnam,Returning
1025,Customer 1025,Visakhapatnam,Returning
1026,Customer 1026,Ongole,VIP
1027,Customer 1027,Nellore,Returning
1028,Customer 1028,Tirupati,VIP
1029,Customer 1029,Guntur,Returning
1030,Customer 1030,Visakhapatnam,VIP
1031,Customer 1031,Anantapur,New
1032,Customer 1032,Rajahmundry,VIP
1033,Customer 1033,Ongole,Returning
1034,Customer 1034,Tirupati,New
1035,Customer 1035,Anantapur,VIP
1036,Customer 1036,Guntur,Returning
1037,Customer 1037,Rajahmundry,Returning
1038,Customer 1038,Nellore,VIP
1039,Customer 1039,Kurnool,VIP
1040,Customer 1040,Nellore,Returning
1041,Customer 1041,Kakinada,Returning
1042,Customer 1042,Vijayawada,New
1043,Customer 1043,Ongole,Returning
1044,Customer 1044,Nellore,VIP
1045,Customer 1045,Visakhapatnam,VIP
1046,Customer 1046,Visakhapatnam,New
1047,Customer 1047,Guntur,VIP
1048,Customer 1048,Anantapur,VIP
1049,Customer 1049,Rajahmundry,VIP
1050,Customer 1050,Guntur,VIP
1051,Customer 1051,Guntur,Returning
1052,Customer 1052,Ongole,VIP
1053,Customer 1053,Vijayawada,Returning
1054,Customer 1054,Vijayawada,VIP
1055,Customer 1055,Nellore,Returning
1056,Customer 1056,Vijayawada,Returning
1057,Customer 1057,Kurnool,Returning
1058,Customer 1058,Anantapur,New
1059,Customer 1059,Tirupati,Returning
1060,Customer 1060,Anantapur,New
1061,Customer 1061,Tirupati,Returning
1062,Customer 1062,Kurnool,New
1063,Customer 1063,Ongole,New
1064,Customer 1064,Kakinada,New
1065,Customer 1065,Ongole,VIP
1066,Customer 1066,Ongole,VIP
1067,Customer 1067,Rajahmundry,VIP
1068,Customer 1068,Visakhapatnam,VIP
1069,Customer 1069,Vijayawada,Returning
1070,Customer 1070,Guntur,VIP
1071,Customer 1071,Visakhapatnam,Returning
1072,Customer 1072,Vijayawada,VIP
1073,Customer 1073,Visakhapatnam,Returning
1074,Customer 1074,Anantapur,VIP
1075,Customer 1075,Kakinada,New
1076,Customer 1076,Visakhapatnam,New
1077,Customer 1077,Vijayawada,Returning
1078,Customer 1078,Anantapur,VIP
1079,Customer 1079,Kurnool,New
1080,Customer 1080,Kurnool,VIP
1081,Customer 1081,Rajahmundry,Returning
1082,Customer 1082,Kurnool,New
1083,Customer 1083,Anantapur,VIP
1084,Customer 1084,Guntur,VIP
1085,Customer 1085,Tirupati,Returning
1086,Customer 1086,Kurnool,VIP
1087,Customer 1087,Kakinada,VIP
1088,Customer 1088,Ongole,Returning
1089,Customer 1089,Kurnool,VIP
1090,Customer 1090,Rajahmundry,VIP
1091,Customer 1091,Kurnool,Returning
1092,Customer 1092,Tirupati,New
1093,Customer 1093,Visakhapatnam,Returning
1094,Customer 1094,Tirupati,New
1095,Customer 1095,Ongole,Returning
1096,Customer 1096,Vijayawada,Returning
1097,Customer 1097,Kakinada,VIP
1098,Customer 1098,Vijayawada,Returning
1099,Customer 1099,Rajahmundry,Returning
1100,Customer 1100,Tirupati,Returning
1101,Customer 1101,Ongole,VIP
1102,Customer 1102,Tirupati,Returning
1103,Customer 1103,Rajahmundry,New
1104,Customer 1104,Tirupati,Returning
1105,Customer 1105,Ongole,Returning
1106,Customer 1106,Ongole,VIP
1107,Customer 1107,Rajahmundry,New
1108,Customer 1108,Nellore,Returning
1109,Customer 1109,Kurnool,New
1110,Customer 1110,Rajahmundry,Returning
1111,Customer 1111,Ongole,VIP
1112,Customer 1112,Visakhapatnam,Returning
1113,Customer 1113,Nellore,Returning
1114,Customer 1114,Rajahmundry,Returning
1115,Customer 1115,Nellore,VIP
1116,Customer 1116,Kurnool,VIP
1117,Customer 1117,Visakhapatnam,New
1118,Customer 1118,Tirupati,New
1119,Customer 1119,Anantapur,Returning
1120,Customer 1120,Visakhapatnam,Returning
1121,Customer 1121,Tirupati,VIP
1122,Customer 1122,Rajahmundry,Returning
1123,Customer 1123,Rajahmundry,VIP
1124,Customer 1124,Ongole,Returning
1125,Customer 1125,Tirupati,New
1126,Customer 1126,Ongole,New
1127,Customer 1127,Ongole,New
1128,Customer 1128,Visakhapatnam,New
1129,Customer 1129,Guntur,VIP
1130,Customer 1130,Tirupati,VIP
1131,Customer 1131,Rajahmundry,New
1132,Customer 1132,Kakinada,VIP
1133,Customer 1133,Visakhapatnam,New
1134,Customer 1134,Ongole,VIP
1135,Customer 1135,Kurnool,VIP
1136,Customer 1136,Nellore,New
1137,Customer 1137,Guntur,VIP
1138,Customer 1138,Vijayawada,Returning
1139,Customer 1139,Tirupati,Returning
1140,Customer 1140,Vijayawada,New
1141,Customer 1141,Visakhapatnam,New
1142,Customer 1142,Rajahmundry,Returning
1143,Customer 1143,Rajahmundry,VIP
1144,Customer 1144,Rajahmundry,Returning
1145,Customer 1145,Guntur,VIP
1146,Customer 1146,Rajahmundry,VIP
1147,Customer 1147,Tirupati,VIP
1148,Customer 1148,Guntur,VIP
1149,Customer 1149,Vijayawada,Returning
1150,Customer 1150,Ongole,New
1151,Customer 1151,Nellore,Returning
1152,Customer 1152,Rajahmundry,Returning
1153,Customer 1153,Ongole,VIP
1154,Customer 1154,Visakhapatnam,New
1155,Customer 1155,Rajahmundry,New
1156,Customer 1156,Rajahmundry,New
1157,Customer 1157,Kurnool,New
1158,Customer 1158,Vijayawada,New
1159,Customer 1159,Nellore,New
1160,Customer 1160,Nellore,New
1161,Customer 1161,Rajahmundry,VIP
1162,Customer 1162,Vijayawada,VIP
1163,Customer 1163,Tirupati,New
1164,Customer 1164,Kakinada,VIP
1165,Customer 1165,Tirupati,New
1166,Customer 1166,Kurnool,Returning
1167,Customer 1167,Kurnool,Returning
1168,Customer 1168,Guntur,VIP
1169,Customer 1169,Anantapur,Returning
1170,Customer 1170,Vijayawada,Returning
1171,Customer 1171,Vijayawada,VIP
1172,Customer 1172,Ongole,Returning
1173,Customer 1173,Anantapur,VIP
1174,Customer 1174,Tirupati,Returning
1175,Customer 1175,Kurnool,New
1176,Customer 1176,Rajahmundry,New
1177,Customer 1177,Rajahmundry,New
1178,Customer 1178,Nellore,VIP
1179,Customer 1179,Guntur,Returning
1180,Customer 1180,Tirupati,VIP
1181,Customer 1181,Rajahmundry,VIP
1182,Customer 1182,Ongole,Returning
1183,Customer 1183,Vijayawada,Returning
1184,Customer 1184,Vijayawada,VIP
1185,Customer 1185,Guntur,VIP
1186,Customer 1186,Tirupati,Returning
1187,Customer 1187,Kurnool,Returning
1188,Customer 1188,Visakhapatnam,VIP
1189,Customer 1189,Kurnool,Returning
1190,Customer 1190,Kakinada,Returning
1191,Customer 1191,Visakhapatnam,Returning
1192,Customer 1192,Ongole,Returning
1193,Customer 1193,Vijayawada,VIP
1194,Customer 1194,Nellore,New
1195,Customer 1195,Ongole,VIP
1196,Customer 1196,Rajahmundry,Returning
1197,Customer 1197,Tirupati,VIP
1198,Customer 1198,Kurnool,New
1199,Customer 1199,Tirupati,New
1200,Customer 1200,Guntur,Returning
1201,Customer 1201,Kakinada,New
1202,Customer 1202,Visakhapatnam,Returning
1203,Customer 1203,Kakinada,VIP
1204,Customer 1204,Tirupati,VIP
1205,Customer 1205,Anantapur,Returning
1206,Customer 1206,Visakhapatnam,VIP
1207,Customer 1207,Visakhapatnam,New
1208,Customer 1208,Tirupati,Returning
1209,Customer 1209,Anantapur,Returning
1210,Customer 1210,Vijayawada,New
1211,Customer 1211,Rajahmundry,Returning
1212,Customer 1212,Ongole,New
1213,Customer 1213,Visakhapatnam,VIP
1214,Customer 1214,Rajahmundry,Returning
1215,Customer 1215,Anantapur,Returning
1216,Customer 1216,Guntur,New
1217,Customer 1217,Kurnool,Returning
1218,Customer 1218,Ongole,Returning
1219,Customer 1219,Rajahmundry,Returning
1220,Customer 1220,Vijayawada,VIP
1221,Customer 1221,Guntur,Returning
1222,Customer 1222,Kurnool,Returning
1223,Customer 1223,Visakhapatnam,VIP
1224,Customer 1224,Tirupati,New
1225,Customer 1225,Ongole,New
1226,Customer 1226,Ongole,New
1227,Customer 1227,Nellore,VIP
1228,Customer 1228,Ongole,Returning
1229,Customer 1229,Guntur,VIP
1230,Customer 1230,Tirupati,Returning
1231,Customer 1231,Visakhapatnam,New
1232,Customer 1232,Visakhapatnam,New
1233,Customer 1233,Rajahmundry,VIP
1234,Customer 1234,Guntur,VIP
1235,Customer 1235,Kurnool,Returning
1236,Customer 1236,Anantapur,New
1237,Customer 1237,Tirupati,VIP
1238,Customer 1238,Nellore,New
1239,Customer 1239,Kakinada,VIP
1240,Customer 1240,Visakhapatnam,Returning
1241,Customer 1241,Kurnool,New
1242,Customer 1242,Rajahmundry,New
1243,Customer 1243,Vijayawada,New
1244,Customer 1244,Kakinada,New
1245,Customer 1245,Visakhapatnam,VIP
1246,Customer 1246,Visakhapatnam,VIP
1247,Customer 1247,Vijayawada,VIP
1248,Customer 1248,Tirupati,New
1249,Customer 1249,Nellore,New
1250,Customer 1250,Vijayawada,Returning
1251,Customer 1251,Vijayawada,New
1252,Customer 1252,Anantapur,VIP
1253,Customer 1253,Nellore,VIP
1254,Customer 1254,Anantapur,Returning
1255,Customer 1255,Rajahmundry,Returning
1256,Customer 1256,Rajahmundry,New
1257,Customer 1257,Rajahmundry,VIP
1258,Customer 1258,Anantapur,New
1259,Customer 1259,Visakhapatnam,VIP
1260,Customer 1260,Rajahmundry,VIP
1261,Customer 1261,Vijayawada,VIP
1262,Customer 1262,Guntur,Returning
1263,Customer 1263,Anantapur,New
1264,Customer 1264,Tirupati,VIP
1265,Customer 1265,Guntur,New
1266,Customer 1266,Nellore,VIP
1267,Customer 1267,Ongole,VIP
1268,Customer 1268,Nellore,Returning
1269,Customer 1269,Guntur,Returning
1270,Customer 1270,Kurnool,VIP
1271,Customer 1271,Guntur,Returning
1272,Customer 1272,Tirupati,New
1273,Customer 1273,Ongole,VIP
1274,Customer 1274,Vijayawada,New
1275,Customer 1275,Guntur,Returning
1276,Customer 1276,Ongole,New
1277,Customer 1277,Rajahmundry,Returning
1278,Customer 1278,Kurnool,New
1279,Customer 1279,Rajahmundry,Returning
1280,Customer 1280,Guntur,VIP
1281,Customer 1281,Vijayawada,Returning
1282,Customer 1282,Vijayawada,New
1283,Customer 1283,Guntur,Returning
1284,Customer 1284,Nellore,New
1285,Customer 1285,Ongole,Returning
1286,Customer 1286,Anantapur,VIP
1287,Customer 1287,Rajahmundry,Returning
1288,Customer 1288,Kakinada,Returning
1289,Customer 1289,Guntur,Returning
1290,Customer 1290,Tirupati,New
1291,Customer 1291,Kakinada,New
1292,Customer 1292,Ongole,New
1293,Customer 1293,Tirupati,VIP
1294,Customer 1294,Nellore,VIP
1295,Customer 1295,Visakhapatnam,Returning
1296,Customer 1296,Anantapur,VIP
1297,Customer 1297,Nellore,Returning
1298,Customer 1298,Visakhapatnam,Returning
1299,Customer 1299,Visakhapatnam,Returning
1300,Customer 1300,Kakinada,New
1301,Customer 1301,Anantapur,New
1302,Customer 1302,Kurnool,Returning
1303,Customer 1303,Visakhapatnam,VIP
1304,Customer 1304,Vijayawada,VIP
1305,Customer 1305,Nellore,Returning
1306,Customer 1306,Rajahmundry,New
1307,Customer 1307,Ongole,Returning
1308,Customer 1308,Ongole,VIP
1309,Customer 1309,Kurnool,VIP
1310,Customer 1310,Kakinada,Returning
1311,Customer 1311,Visakhapatnam,New
1312,Customer 1312,Nellore,Returning
1313,Customer 1313,Kurnool,Returning
1314,Customer 1314,Vijayawada,Returning
1315,Customer 1315,Vijayawada,VIP
1316,Customer 1316,Visakhapatnam,Returning
1317,Customer 1317,Ongole,Returning
1318,Customer 1318,Kakinada,VIP
1319,Customer 1319,Kurnool,New
1320,Customer 1320,Ongole,New
1321,Customer 1321,Guntur,New
1322,Customer 1322,Tirupati,Returning
1323,Customer 1323,Ongole,VIP
1324,Customer 1324,Vijayawada,VIP
1325,Customer 1325,Vijayawada,New
1326,Customer 1326,Nellore,VIP
1327,Customer 1327,Tirupati,Returning
1328,Customer 1328,Nellore,New
1329,Customer 1329,Kurnool,VIP
1330,Customer 1330,Guntur,Returning
1331,Customer 1331,Rajahmundry,VIP
1332,Customer 1332,Vijayawada,VIP
1333,Customer 1333,Vijayawada,VIP
1334,Customer 1334,Vijayawada,VIP
1335,Customer 1335,Rajahmundry,New
1336,Customer 1336,Vijayawada,New
1337,Customer 1337,Guntur,New
1338,Customer 1338,Rajahmundry,New
1339,Customer 1339,Kakinada,New
1340,Customer 1340,Nellore,Returning
1341,Customer 1341,Anantapur,VIP
1342,Customer 1342,Anantapur,VIP
1343,Customer 1343,Tirupati,New
1344,Customer 1344,Visakhapatnam,New
1345,Customer 1345,Kakinada,Returning
1346,Customer 1346,Nellore,New
1347,Customer 1347,Rajahmundry,Returning
1348,Customer 1348,Ongole,New
1349,Customer 1349,Tirupati,New
1350,Customer 1350,Guntur,New
1351,Customer 1351,Kurnool,New
1352,Customer 1352,Vijayawada,New
1353,Customer 1353,Kurnool,New
1354,Customer 1354,Visakhapatnam,VIP
1355,Customer 1355,Vijayawada,Returning
1356,Customer 1356,Anantapur,Returning
1357,Customer 1357,Guntur,VIP
1358,Customer 1358,Rajahmundry,Returning
1359,Customer 1359,Guntur,VIP
1360,Customer 1360,Ongole,Returning
1361,Customer 1361,Guntur,New
1362,Customer 1362,Vijayawada,Returning
1363,Customer 1363,Kurnool,Returning
1364,Customer 1364,Guntur,Returning
1365,Customer 1365,Vijayawada,VIP
1366,Customer 1366,Guntur,New
1367,Customer 1367,Ongole,New
1368,Customer 1368,Guntur,New
1369,Customer 1369,Kurnool,New
1370,Customer 1370,Nellore,New
1371,Customer 1371,Nellore,New
1372,Customer 1372,Kakinada,Returning
1373,Customer 1373,Anantapur,Returning
1374,Customer 1374,Vijayawada,Returning
1375,Customer 1375,Anantapur,New
1376,Customer 1376,Kakinada,VIP
1377,Customer 1377,Tirupati,Returning
1378,Customer 1378,Guntur,New
1379,Customer 1379,Tirupati,New
1380,Customer 1380,Nellore,VIP
1381,Customer 1381,Vijayawada,Returning
1382,Customer 1382,Kakinada,Returning
1383,Customer 1383,Kakinada,New
1384,Customer 1384,Tirupati,Returning
1385,Customer 1385,Rajahmundry,New
1386,Customer 1386,Nellore,New
1387,Customer 1387,Kakinada,New
1388,Customer 1388,Rajahmundry,New
1389,Customer 1389,Anantapur,Returning
1390,Customer 1390,Tirupati,Returning
1391,Customer 1391,Kakinada,VIP
1392,Customer 1392,Anantapur,New
1393,Customer 1393,Kurnool,New
1394,Customer 1394,Anantapur,New
1395,Customer 1395,Kurnool,Returning
1396,Customer 1396,Kakinada,Returning
1397,Customer 1397,Visakhapatnam,Returning
1398,Customer 1398,Tirupati,VIP
1399,Customer 1399,Ongole,VIP
1400,Customer 1400,Kurnool,Returning
1401,Customer 1401,Kakinada,VIP
1402,Customer 1402,Visakhapatnam,Returning
1403,Customer 1403,Ongole,New
1404,Customer 1404,Anantapur,New
1405,Customer 1405,Guntur,VIP
1406,Customer 1406,Visakhapatnam,New
1407,Customer 1407,Tirupati,New
1408,Customer 1408,Ongole,New
1409,Customer 1409,Kakinada,New
1410,Customer 1410,Visakhapatnam,VIP
1411,Customer 1411,Guntur,VIP
1412,Customer 1412,Visakhapatnam,Returning
1413,Customer 1413,Guntur,VIP
1414,Customer 1414,Ongole,New
1415,Customer 1415,Rajahmundry,VIP
1416,Customer 1416,Rajahmundry,New
1417,Customer 1417,Kakinada,VIP
1418,Customer 1418,Vijayawada,VIP
1419,Customer 1419,Kakinada,New
1420,Customer 1420,Tirupati,New
1421,Customer 1421,Nellore,New
1422,Customer 1422,Kakinada,New
1423,Customer 1423,Rajahmundry,Returning
1424,Customer 1424,Kakinada,Returning
1425,Customer 1425,Guntur,New
1426,Customer 1426,Kurnool,Returning
1427,Customer 1427,Tirupati,VIP
1428,Customer 1428,Nellore,New
1429,Customer 1429,Guntur,VIP
1430,Customer 1430,Rajahmundry,Returning
1431,Customer 1431,Kurnool,Returning
1432,Customer 1432,Kakinada,Returning
1433,Customer 1433,Guntur,VIP
1434,Customer 1434,Kakinada,Returning
1435,Customer 1435,Kakinada,New
1436,Customer 1436,Kurnool,VIP
1437,Customer 1437,Ongole,VIP
1438,Customer 1438,Kakinada,VIP
1439,Customer 1439,Nellore,VIP
1440,Customer 1440,Ongole,VIP
1441,Customer 1441,Vijayawada,VIP
1442,Customer 1442,Guntur,VIP
1443,Customer 1443,Vijayawada,VIP
1444,Customer 1444,Ongole,New
1445,Customer 1445,Kakinada,VIP
1446,Customer 1446,Guntur,Returning
1447,Customer 1447,Rajahmundry,Returning
1448,Customer 1448,Guntur,Returning
1449,Customer 1449,Kurnool,New
1450,Customer 1450,Rajahmundry,VIP
1451,Customer 1451,Anantapur,New
1452,Customer 1452,Kakinada,New
1453,Customer 1453,Anantapur,New
1454,Customer 1454,Rajahmundry,New
1455,Customer 1455,Nellore,New
1456,Customer 1456,Guntur,VIP
1457,Customer 1457,Ongole,Returning
1458,Customer 1458,Kakinada,New
1459,Customer 1459,Kurnool,Returning
1460,Customer 1460,Anantapur,VIP
1461,Customer 1461,Ongole,New
1462,Customer 1462,Tirupati,VIP
1463,Customer 1463,Tirupati,VIP
1464,Customer 1464,Kurnool,Returning
1465,Customer 1465,Ongole,Returning
1466,Customer 1466,Guntur,New
1467,Customer 1467,Guntur,Returning
1468,Customer 1468,Tirupati,Returning
1469,Customer 1469,Guntur,VIP
1470,Customer 1470,Kakinada,New
1471,Customer 1471,Ongole,VIP
1472,Customer 1472,Nellore,VIP
1473,Customer 1473,Tirupati,New
1474,Customer 1474,Anantapur,Returning
1475,Customer 1475,Nellore,Returning
1476,Customer 1476,Visakhapatnam,VIP
1477,Customer 1477,Tirupati,Returning
1478,Customer 1478,Ongole,New
1479,Customer 1479,Visakhapatnam,Returning
1480,Customer 1480,Tirupati,New
1481,Customer 1481,Anantapur,New
1482,Customer 1482,Tirupati,New
1483,Customer 1483,Tirupati,VIP
1484,Customer 1484,Kakinada,New
1485,Customer 1485,Ongole,Returning
1486,Customer 1486,Vijayawada,VIP
1487,Customer 1487,Ongole,VIP
1488,Customer 1488,Nellore,New
1489,Customer 1489,Kakinada,Returning
1490,Customer 1490,Ongole,New
1491,Customer 1491,Kurnool,Returning
1492,Customer 1492,Vijayawada,Returning
1493,Customer 1493,Vijayawada,Returning
1494,Customer 1494,Vijayawada,New
1495,Customer 1495,Kakinada,VIP
1496,Customer 1496,Anantapur,Returning
1497,Customer 1497,Guntur,Returning
1498,Customer 1498,Guntur,New
1499,Customer 1499,Visakhapatnam,New
1500,Customer 1500,Kurnool,Returning
1501,Customer 1501,Kakinada,Returning
1502,Customer 1502,Rajahmundry,New
1503,Customer 1503,Nellore,VIP
1504,Customer 1504,Kakinada,VIP
1505,Customer 1505,Nellore,Returning
1506,Customer 1506,Visakhapatnam,New
1507,Customer 1507,Ongole,New
1508,Customer 1508,Rajahmundry,New
1509,Customer 1509,Kakinada,VIP
1510,Customer 1510,Anantapur,Returning
1511,Customer 1511,Anantapur,New
1512,Customer 1512,Guntur,VIP
1513,Customer 1513,Guntur,VIP
1514,Customer 1514,Vijayawada,VIP
1515,Customer 1515,Anantapur,VIP
1516,Customer 1516,Tirupati,VIP
1517,Customer 1517,Visakhapatnam,VIP
1518,Customer 1518,Tirupati,New
1519,Customer 1519,Vijayawada,VIP
1520,Customer 1520,Anantapur,VIP
1521,Customer 1521,Kurnool,New
1522,Customer 1522,Kakinada,New
1523,Customer 1523,Ongole,Returning
1524,Customer 1524,Kurnool,Returning
1525,Customer 1525,Kakinada,VIP
1526,Customer 1526,Guntur,Returning
1527,Customer 1527,Ongole,New
1528,Customer 1528,Kakinada,Returning
1529,Customer 1529,Anantapur,Returning
1530,Customer 1530,Nellore,New
1531,Customer 1531,Visakhapatnam,Returning
1532,Customer 1532,Nellore,New
1533,Customer 1533,Anantapur,New
1534,Customer 1534,Nellore,Returning
1535,Customer 1535,Anantapur,New
1536,Customer 1536,Tirupati,VIP
1537,Customer 1537,Rajahmundry,VIP
1538,Customer 1538,Guntur,Returning
1539,Customer 1539,Rajahmundry,VIP
1540,Customer 1540,Anantapur,VIP
1541,Customer 1541,Rajahmundry,Returning
1542,Customer 1542,Anantapur,Returning
1543,Customer 1543,Vijayawada,New
1544,Customer 1544,Kurnool,Returning
1545,Customer 1545,Tirupati,Returning
1546,Customer 1546,Nellore,Returning
1547,Customer 1547,Anantapur,New
1548,Customer 1548,Kurnool,VIP
1549,Customer 1549,Kurnool,Returning
1550,Customer 1550,Nellore,New
1551,Customer 1551,Guntur,New
1552,Customer 1552,Ongole,VIP
1553,Customer 1553,Visakhapatnam,New
1554,Customer 1554,Visakhapatnam,VIP
1555,Customer 1555,Kakinada,New
1556,Customer 1556,Kurnool,New
1557,Customer 1557,Kakinada,VIP
1558,Customer 1558,Guntur,Returning
1559,Customer 1559,Rajahmundry,New
1560,Customer 1560,Nellore,Returning
1561,Customer 1561,Kakinada,VIP
1562,Customer 1562,Kakinada,New
1563,Customer 1563,Anantapur,VIP
1564,Customer 1564,Visakhapatnam,VIP
1565,Customer 1565,Rajahmundry,New
1566,Customer 1566,Anantapur,VIP
1567,Customer 1567,Guntur,Returning
1568,Customer 1568,Kakinada,VIP
1569,Customer 1569,Ongole,New
1570,Customer 1570,Kurnool,VIP
1571,Customer 1571,Rajahmundry,Returning
1572,Customer 1572,Rajahmundry,New
1573,Customer 1573,Anantapur,Returning
1574,Customer 1574,Guntur,VIP
1575,Customer 1575,Anantapur,New
1576,Customer 1576,Vijayawada,Returning
1577,Customer 1577,Nellore,Returning
1578,Customer 1578,Rajahmundry,VIP
1579,Customer 1579,Rajahmundry,VIP
1580,Customer 1580,Kakinada,VIP
1581,Customer 1581,Nellore,New
1582,Customer 1582,Visakhapatnam,VIP
1583,Customer 1583,Ongole,VIP
1584,Customer 1584,Vijayawada,VIP
1585,Customer 1585,Nellore,New
1586,Customer 1586,Visakhapatnam,Returning
1587,Customer 1587,Tirupati,New
1588,Customer 1588,Guntur,VIP
1589,Customer 1589,Nellore,VIP
1590,Customer 1590,Kakinada,VIP
1591,Customer 1591,Rajahmundry,New
1592,Customer 1592,Kakinada,Returning
1593,Customer 1593,Guntur,New
1594,Customer 1594,Nellore,Returning
1595,Customer 1595,Vijayawada,New
1596,Customer 1596,Tirupati,Returning
1597,Customer 1597,Guntur,Returning
1598,Customer 1598,Visakhapatnam,Returning
1599,Customer 1599,Tirupati,Returning
1600,Customer 1600,Rajahmundry,VIP
1601,Customer 1601,Rajahmundry,New
1602,Customer 1602,Rajahmundry,Returning
1603,Customer 1603,Anantapur,VIP
1604,Customer 1604,Kakinada,New
1605,Customer 1605,Kakinada,VIP
1606,Customer 1606,Ongole,VIP
1607,Customer 1607,Ongole,VIP
1608,Customer 1608,Vijayawada,New
1609,Customer 1609,Rajahmundry,VIP
1610,Customer 1610,Ongole,Returning
1611,Customer 1611,Nellore,VIP
1612,Customer 1612,Visakhapatnam,Returning
1613,Customer 1613,Nellore,Returning
1614,Customer 1614,Tirupati,Returning
1615,Customer 1615,Anantapur,New
1616,Customer 1616,Tirupati,VIP
1617,Customer 1617,Vijayawada,New
1618,Customer 1618,Ongole,VIP
1619,Customer 1619,Kakinada,VIP
1620,Customer 1620,Rajahmundry,Returning
1621,Customer 1621,Tirupati,Returning
1622,Customer 1622,Kurnool,New
1623,Customer 1623,Ongole,New
1624,Customer 1624,Kakinada,VIP
1625,Customer 1625,Vijayawada,VIP
1626,Customer 1626,Kakinada,New
1627,Customer 1627,Anantapur,New
1628,Customer 1628,Guntur,VIP
1629,Customer 1629,Ongole,VIP
1630,Customer 1630,Nellore,Returning
1631,Customer 1631,Rajahmundry,VIP
1632,Customer 1632,Vijayawada,New
1633,Customer 1633,Vijayawada,Returning
1634,Customer 1634,Anantapur,VIP
1635,Customer 1635,Ongole,New
1636,Customer 1636,Kakinada,VIP
1637,Customer 1637,Tirupati,Returning
1638,Customer 1638,Guntur,Returning
1639,Customer 1639,Nellore,Returning
1640,Customer 1640,Tirupati,VIP
1641,Customer 1641,Ongole,New
1642,Customer 1642,Ongole,New
1643,Customer 1643,Rajahmundry,New
1644,Customer 1644,Vijayawada,Returning
1645,Customer 1645,Kakinada,VIP
1646,Customer 1646,Rajahmundry,VIP
1647,Customer 1647,Vijayawada,Returning
1648,Customer 1648,Kurnool,Returning
1649,Customer 1649,Rajahmundry,Returning
1650,Customer 1650,Ongole,VIP
1651,Customer 1651,Kakinada,VIP
1652,Customer 1652,Vijayawada,VIP
1653,Customer 1653,Rajahmundry,VIP
1654,Customer 1654,Kakinada,New
1655,Customer 1655,Visakhapatnam,VIP
1656,Customer 1656,Kurnool,VIP
1657,Customer 1657,Ongole,VIP
1658,Customer 1658,Kurnool,Returning
1659,Customer 1659,Nellore,New
1660,Customer 1660,Anantapur,New
1661,Customer 1661,Anantapur,VIP
1662,Customer 1662,Nellore,VIP
1663,Customer 1663,Anantapur,Returning
1664,Customer 1664,Nellore,VIP
1665,Customer 1665,Anantapur,VIP
1666,Customer 1666,Tirupati,Returning
1667,Customer 1667,Kurnool,VIP
1668,Customer 1668,Kakinada,New
1669,Customer 1669,Nellore,VIP
1670,Customer 1670,Nellore,VIP
1671,Customer 1671,Vijayawada,New
1672,Customer 1672,Anantapur,Returning
1673,Customer 1673,Ongole,VIP
1674,Customer 1674,Anantapur,VIP
1675,Customer 1675,Nellore,VIP
1676,Customer 1676,Kurnool,VIP
1677,Customer 1677,Vijayawada,New
1678,Customer 1678,Guntur,VIP
1679,Customer 1679,Tirupati,VIP
1680,Customer 1680,Rajahmundry,VIP
1681,Customer 1681,Kurnool,VIP
1682,Customer 1682,Guntur,VIP
1683,Customer 1683,Rajahmundry,New
1684,Customer 1684,Tirupati,Returning
1685,Customer 1685,Kurnool,VIP
1686,Customer 1686,Tirupati,VIP
1687,Customer 1687,Visakhapatnam,VIP
1688,Customer 1688,Vijayawada,New
1689,Customer 1689,Tirupati,New
1690,Customer 1690,Guntur,Returning
1691,Customer 1691,Vijayawada,Returning
1692,Customer 1692,Nellore,New
1693,Customer 1693,Ongole,New
1694,Customer 1694,Tirupati,New
1695,Customer 1695,Nellore,VIP
1696,Customer 1696,Anantapur,VIP
1697,Customer 1697,Visakhapatnam,VIP
1698,Customer 1698,Tirupati,New
1699,Customer 1699,Vijayawada,VIP
1700,Customer 1700,Rajahmundry,Returning
1701,Customer 1701,Kakinada,Returning
1702,Customer 1702,Visakhapatnam,New
1703,Customer 1703,Ongole,New
1704,Customer 1704,Visakhapatnam,Returning
1705,Customer 1705,Nellore,Returning
1706,Customer 1706,Kakinada,Returning
1707,Customer 1707,Kurnool,Returning
1708,Customer 1708,Kakinada,New
1709,Customer 1709,Visakhapatnam,New
1710,Customer 1710,Nellore,VIP
1711,Customer 1711,Nellore,Returning
1712,Customer 1712,Anantapur,New
1713,Customer 1713,Ongole,VIP
1714,Customer 1714,Visakhapatnam,Returning
1715,Customer 1715,Vijayawada,New
1716,Customer 1716,Vijayawada,VIP
1717,Customer 1717,Anantapur,New
1718,Customer 1718,Guntur,New
1719,Customer 1719,Visakhapatnam,VIP
1720,Customer 1720,Kakinada,VIP
1721,Customer 1721,Kakinada,VIP
1722,Customer 1722,Anantapur,VIP
1723,Customer 1723,Kakinada,New
1724,Customer 1724,Visakhapatnam,Returning
1725,Customer 1725,Nellore,Returning
1726,Customer 1726,Guntur,New
1727,Customer 1727,Kurnool,Returning
1728,Customer 1728,Tirupati,New
1729,Customer 1729,Kakinada,New
1730,Customer 1730,Kurnool,Returning
1731,Customer 1731,Nellore,Returning
1732,Customer 1732,Vijayawada,VIP
1733,Customer 1733,Vijayawada,VIP
1734,Customer 1734,Kurnool,Returning
1735,Customer 1735,Kurnool,VIP
1736,Customer 1736,Vijayawada,VIP
1737,Customer 1737,Vijayawada,New
1738,Customer 1738,Guntur,New
1739,Customer 1739,Rajahmundry,New
1740,Customer 1740,Guntur,New
1741,Customer 1741,Rajahmundry,VIP
1742,Customer 1742,Visakhapatnam,VIP
1743,Customer 1743,Kurnool,Returning
1744,Customer 1744,Rajahmundry,VIP
1745,Customer 1745,Anantapur,VIP
1746,Customer 1746,Kakinada,New
1747,Customer 1747,Rajahmundry,VIP
1748,Customer 1748,Rajahmundry,New
1749,Customer 1749,Kakinada,Returning
1750,Customer 1750,Visakhapatnam,New
1751,Customer 1751,Ongole,New
1752,Customer 1752,Anantapur,VIP
1753,Customer 1753,Vijayawada,New
1754,Customer 1754,Tirupati,Returning
1755,Customer 1755,Kurnool,VIP
1756,Customer 1756,Anantapur,VIP
1757,Customer 1757,Vijayawada,New
1758,Customer 1758,Anantapur,New
1759,Customer 1759,Kakinada,New
1760,Customer 1760,Rajahmundry,New
1761,Customer 1761,Vijayawada,New
1762,Customer 1762,Kakinada,VIP
1763,Customer 1763,Vijayawada,Returning
1764,Customer 1764,Kakinada,New
1765,Customer 1765,Kakinada,New
1766,Customer 1766,Rajahmundry,New
1767,Customer 1767,Guntur,Returning
1768,Customer 1768,Visakhapatnam,Returning
1769,Customer 1769,Ongole,New
1770,Customer 1770,Vijayawada,Returning
1771,Customer 1771,Visakhapatnam,New
1772,Customer 1772,Kurnool,VIP
1773,Customer 1773,Kurnool,VIP
1774,Customer 1774,Rajahmundry,New
1775,Customer 1775,Kakinada,New
1776,Customer 1776,Anantapur,New
1777,Customer 1777,Kurnool,Returning
1778,Customer 1778,Kurnool,New
1779,Customer 1779,Ongole,Returning
1780,Customer 1780,Vijayawada,VIP
1781,Customer 1781,Vijayawada,VIP
1782,Customer 1782,Guntur,New
1783,Customer 1783,Vijayawada,New
1784,Customer 1784,Guntur,VIP
1785,Customer 1785,Kakinada,VIP
1786,Customer 1786,Tirupati,Returning
1787,Customer 1787,Anantapur,VIP
1788,Customer 1788,Guntur,New
1789,Customer 1789,Ongole,New
1790,Customer 1790,Ongole,Returning
1791,Customer 1791,Kakinada,New
1792,Customer 1792,Visakhapatnam,Returning
1793,Customer 1793,Rajahmundry,VIP
1794,Customer 1794,Guntur,New
1795,Customer 1795,Kurnool,Returning
1796,Customer 1796,Visakhapatnam,Returning
1797,Customer 1797,Rajahmundry,VIP
1798,Customer 1798,Kurnool,VIP
1799,Customer 1799,Anantapur,Returning
1800,Customer 1800,Visakhapatnam,New
1801,Customer 1801,Rajahmundry,New
1802,Customer 1802,Kurnool,VIP
1803,Customer 1803,Vijayawada,New
1804,Customer 1804,Tirupati,Returning
1805,Customer 1805,Vijayawada,New
1806,Customer 1806,Nellore,Returning
1807,Customer 1807,Anantapur,New
1808,Customer 1808,Guntur,Returning
1809,Customer 1809,Tirupati,VIP
1810,Customer 1810,Ongole,New
1811,Customer 1811,Nellore,Returning
1812,Customer 1812,Kurnool,VIP
1813,Customer 1813,Kurnool,New
1814,Customer 1814,Visakhapatnam,VIP
1815,Customer 1815,Kurnool,New
1816,Customer 1816,Anantapur,VIP
1817,Customer 1817,Tirupati,New
1818,Customer 1818,Nellore,VIP
1819,Customer 1819,Ongole,New
1820,Customer 1820,Kakinada,New
1821,Customer 1821,Guntur,VIP
1822,Customer 1822,Kurnool,New
1823,Customer 1823,Vijayawada,Returning
1824,Customer 1824,Kakinada,Returning
1825,Customer 1825,Guntur,VIP
1826,Customer 1826,Ongole,VIP
1827,Customer 1827,Kurnool,VIP
1828,Customer 1828,Kurnool,New
1829,Customer 1829,Rajahmundry,New
1830,Customer 1830,Kakinada,New
1831,Customer 1831,Nellore,VIP
1832,Customer 1832,Kurnool,Returning
1833,Customer 1833,Tirupati,VIP
1834,Customer 1834,Anantapur,VIP
1835,Customer 1835,Tirupati,VIP
1836,Customer 1836,Kurnool,New
1837,Customer 1837,Visakhapatnam,VIP
1838,Customer 1838,Guntur,New
1839,Customer 1839,Anantapur,Returning
1840,Customer 1840,Tirupati,Returning
1841,Customer 1841,Visakhapatnam,Returning
1842,Customer 1842,Nellore,Returning
1843,Customer 1843,Nellore,Returning
1844,Customer 1844,Kakinada,Returning
1845,Customer 1845,Anantapur,Returning
1846,Customer 1846,Ongole,Returning
1847,Customer 1847,Kakinada,Returning
1848,Customer 1848,Visakhapatnam,Returning
1849,Customer 1849,Vijayawada,New
1850,Customer 1850,Tirupati,New
1851,Customer 1851,Guntur,Returning
1852,Customer 1852,Anantapur,Returning
1853,Customer 1853,Rajahmundry,VIP
1854,Customer 1854,Rajahmundry,New
1855,Customer 1855,Vijayawada,Returning
1856,Customer 1856,Anantapur,VIP
1857,Customer 1857,Visakhapatnam,Returning
1858,Customer 1858,Ongole,New
1859,Customer 1859,Tirupati,New
1860,Customer 1860,Vijayawada,VIP
1861,Customer 1861,Tirupati,VIP
1862,Customer 1862,Kurnool,VIP
1863,Customer 1863,Nellore,VIP
1864,Customer 1864,Rajahmundry,Returning
1865,Customer 1865,Visakhapatnam,VIP
1866,Customer 1866,Kurnool,New
1867,Customer 1867,Kakinada,Returning
1868,Customer 1868,Kurnool,Returning
1869,Customer 1869,Visakhapatnam,Returning
1870,Customer 1870,Guntur,New
1871,Customer 1871,Tirupati,Returning
1872,Customer 1872,Ongole,Returning
1873,Customer 1873,Kurnool,Returning
1874,Customer 1874,Anantapur,Returning
1875,Customer 1875,Kurnool,VIP
1876,Customer 1876,Rajahmundry,New
1877,Customer 1877,Visakhapatnam,Returning
1878,Customer 1878,Guntur,VIP
1879,Customer 1879,Kurnool,New
1880,Customer 1880,Nellore,Returning
1881,Customer 1881,Rajahmundry,VIP
1882,Customer 1882,Vijayawada,VIP
1883,Customer 1883,Ongole,Returning
1884,Customer 1884,Tirupati,VIP
1885,Customer 1885,Ongole,Returning
1886,Customer 1886,Vijayawada,VIP
1887,Customer 1887,Tirupati,New
1888,Customer 1888,Rajahmundry,Returning
1889,Customer 1889,Tirupati,VIP
1890,Customer 1890,Ongole,VIP
1891,Customer 1891,Ongole,Returning
1892,Customer 1892,Anantapur,New
1893,Customer 1893,Visakhapatnam,VIP
1894,Customer 1894,Kakinada,New
1895,Customer 1895,Kurnool,New
1896,Customer 1896,Kurnool,New
1897,Customer 1897,Rajahmundry,Returning
1898,Customer 1898,Kurnool,New
1899,Customer 1899,Vijayawada,VIP
1900,Customer 1900,Guntur,VIP
1901,Customer 1901,Kakinada,VIP
1902,Customer 1902,Kurnool,New
1903,Customer 1903,Guntur,VIP
1904,Customer 1904,Anantapur,New
1905,Customer 1905,Tirupati,VIP
1906,Customer 1906,Vijayawada,VIP
1907,Customer 1907,Vijayawada,New
1908,Customer 1908,Nellore,Returning
1909,Customer 1909,Nellore,New
1910,Customer 1910,Vijayawada,Returning
1911,Customer 1911,Kakinada,Returning
1912,Customer 1912,Tirupati,Returning
1913,Customer 1913,Vijayawada,Returning
1914,Customer 1914,Tirupati,VIP
1915,Customer 1915,Visakhapatnam,Returning
1916,Customer 1916,Vijayawada,New
1917,Customer 1917,Guntur,VIP
1918,Customer 1918,Guntur,New
1919,Customer 1919,Tirupati,VIP
1920,Customer 1920,Kurnool,VIP
1921,Customer 1921,Nellore,New
1922,Customer 1922,Anantapur,VIP
1923,Customer 1923,Vijayawada,Returning
1924,Customer 1924,Vijayawada,New
1925,Customer 1925,Anantapur,Returning
1926,Customer 1926,Ongole,New
1927,Customer 1927,Kurnool,Returning
1928,Customer 1928,Rajahmundry,VIP
1929,Customer 1929,Anantapur,New
1930,Customer 1930,Guntur,VIP
1931,Customer 1931,Kurnool,Returning
1932,Customer 1932,Guntur,New
1933,Customer 1933,Guntur,VIP
1934,Customer 1934,Vijayawada,VIP
1935,Customer 1935,Guntur,VIP
1936,Customer 1936,Vijayawada,Returning
1937,Customer 1937,Anantapur,New
1938,Customer 1938,Rajahmundry,Returning
1939,Customer 1939,Tirupati,Returning
1940,Customer 1940,Anantapur,Returning
1941,Customer 1941,Ongole,VIP
1942,Customer 1942,Guntur,Returning
1943,Customer 1943,Guntur,VIP
1944,Customer 1944,Ongole,New
1945,Customer 1945,Nellore,New
1946,Customer 1946,Vijayawada,VIP
1947,Customer 1947,Anantapur,Returning
1948,Customer 1948,Rajahmundry,Returning
1949,Customer 1949,Kurnool,VIP
1950,Customer 1950,Visakhapatnam,VIP
1951,Customer 1951,Visakhapatnam,Returning
1952,Customer 1952,Vijayawada,VIP
1953,Customer 1953,Ongole,Returning
1954,Customer 1954,Nellore,New
1955,Customer 1955,Rajahmundry,VIP
1956,Customer 1956,Anantapur,Returning
1957,Customer 1957,Kurnool,VIP
1958,Customer 1958,Rajahmundry,VIP
1959,Customer 1959,Anantapur,Returning
1960,Customer 1960,Vijayawada,VIP
1961,Customer 1961,Guntur,VIP
1962,Customer 1962,Kurnool,Returning
1963,Customer 1963,Visakhapatnam,New
1964,Customer 1964,Tirupati,New
1965,Customer 1965,Kurnool,VIP
1966,Customer 1966,Kakinada,VIP
1967,Customer 1967,Guntur,New
1968,Customer 1968,Rajahmundry,VIP
1969,Customer 1969,Ongole,Returning
1970,Customer 1970,Visakhapatnam,Returning
1971,Customer 1971,Tirupati,VIP
1972,Customer 1972,Nellore,Returning
1973,Customer 1973,Visakhapatnam,Returning
1974,Customer 1974,Ongole,Returning
1975,Customer 1975,Vijayawada,Returning
1976,Customer 1976,Visakhapatnam,Returning
1977,Customer 1977,Ongole,Returning
1978,Customer 1978,Guntur,Returning
1979,Customer 1979,Anantapur,New
1980,Customer 1980,Anantapur,New
1981,Customer 1981,Anantapur,New
1982,Customer 1982,Kurnool,New
1983,Customer 1983,Ongole,Returning
1984,Customer 1984,Vijayawada,VIP
1985,Customer 1985,Ongole,Returning
1986,Customer 1986,Kurnool,New
1987,Customer 1987,Ongole,VIP
1988,Customer 1988,Tirupati,VIP
1989,Customer 1989,Rajahmundry,Returning
1990,Customer 1990,Vijayawada,New
1991,Customer 1991,Visakhapatnam,VIP
1992,Customer 1992,Kurnool,Returning
1993,Customer 1993,Visakhapatnam,New
1994,Customer 1994,Rajahmundry,Returning
1995,Customer 1995,Kakinada,New
1996,Customer 1996,Kakinada,VIP
1997,Customer 1997,Anantapur,New
1998,Customer 1998,Guntur,New
1999,Customer 1999,Rajahmundry,Returning
2000,Customer 2000,Ongole,New
2001,Customer 2001,Nellore,Returning
2002,Customer 2002,Tirupati,New
2003,Customer 2003,Vijayawada,VIP
2004,Customer 2004,Vijayawada,VIP
2005,Customer 2005,Nellore,Returning
2006,Customer 2006,Rajahmundry,VIP
2007,Customer 2007,Ongole,New
2008,Customer 2008,Kakinada,Returning
2009,Customer 2009,Tirupati,New
2010,Customer 2010,Ongole,Returning
2011,Customer 2011,Vijayawada,VIP
2012,Customer 2012,Rajahmundry,VIP
2013,Customer 2013,Ongole,Returning
2014,Customer 2014,Ongole,VIP
2015,Customer 2015,Rajahmundry,VIP
2016,Customer 2016,Anantapur,Returning
2017,Customer 2017,Visakhapatnam,Returning
2018,Customer 2018,Rajahmundry,Returning
2019,Customer 2019,Nellore,Returning
2020,Customer 2020,Nellore,VIP
2021,Customer 2021,Kurnool,New
2022,Customer 2022,Vijayawada,VIP
2023,Customer 2023,Nellore,Returning
2024,Customer 2024,Rajahmundry,New
2025,Customer 2025,Nellore,VIP
2026,Customer 2026,Kakinada,VIP
2027,Customer 2027,Guntur,Returning
2028,Customer 2028,Vijayawada,VIP
2029,Customer 2029,Vijayawada,VIP
2030,Customer 2030,Tirupati,VIP
2031,Customer 2031,Guntur,VIP
2032,Customer 2032,Tirupati,VIP
2033,Customer 2033,Nellore,New
2034,Customer 2034,Rajahmundry,Returning
2035,Customer 2035,Anantapur,VIP
2036,Customer 2036,Anantapur,VIP
2037,Customer 2037,Anantapur,Returning
2038,Customer 2038,Ongole,VIP
2039,Customer 2039,Rajahmundry,Returning
2040,Customer 2040,Ongole,New
2041,Customer 2041,Guntur,New
2042,Customer 2042,Guntur,Returning
2043,Customer 2043,Kakinada,Returning
2044,Customer 2044,Kakinada,Returning
2045,Customer 2045,Nellore,Returning
2046,Customer 2046,Anantapur,VIP
2047,Customer 2047,Nellore,New
2048,Customer 2048,Kurnool,Returning
2049,Customer 2049,Nellore,VIP
2050,Customer 2050,Kurnool,VIP
2051,Customer 2051,Anantapur,VIP
2052,Customer 2052,Kurnool,Returning
2053,Customer 2053,Ongole,New
2054,Customer 2054,Anantapur,New
2055,Customer 2055,Kakinada,Returning
2056,Customer 2056,Ongole,New
2057,Customer 2057,Rajahmundry,New
2058,Customer 2058,Tirupati,New
2059,Customer 2059,Nellore,New
2060,Customer 2060,Nellore,New
2061,Customer 2061,Tirupati,VIP
2062,Customer 2062,Guntur,New
2063,Customer 2063,Nellore,New
2064,Customer 2064,Vijayawada,Returning
2065,Customer 2065,Vijayawada,Returning
2066,Customer 2066,Nellore,New
2067,Customer 2067,Kurnool,New
2068,Customer 2068,Ongole,Returning
2069,Customer 2069,Rajahmundry,Returning
2070,Customer 2070,Ongole,New
2071,Customer 2071,Ongole,Returning
2072,Customer 2072,Guntur,New
2073,Customer 2073,Kurnool,VIP
2074,Customer 2074,Rajahmundry,New
2075,Customer 2075,Kakinada,VIP
2076,Customer 2076,Kakinada,New
2077,Customer 2077,Vijayawada,Returning
2078,Customer 2078,Guntur,New
2079,Customer 2079,Kakinada,New
2080,Customer 2080,Tirupati,New
2081,Customer 2081,Anantapur,VIP
2082,Customer 2082,Guntur,Returning
2083,Customer 2083,Anantapur,Returning
2084,Customer 2084,Tirupati,Returning
2085,Customer 2085,Nellore,New
2086,Customer 2086,Nellore,VIP
2087,Customer 2087,Vijayawada,Returning
2088,Customer 2088,Guntur,VIP
2089,Customer 2089,Ongole,VIP
2090,Customer 2090,Tirupati,VIP
2091,Customer 2091,Rajahmundry,New
2092,Customer 2092,Vijayawada,New
2093,Customer 2093,Kurnool,VIP
2094,Customer 2094,Vijayawada,New
2095,Customer 2095,Rajahmundry,New
2096,Customer 2096,Visakhapatnam,New
2097,Customer 2097,Kurnool,New
2098,Customer 2098,Kakinada,New
2099,Customer 2099,Vijayawada,VIP
2100,Customer 2100,Guntur,Returning
2101,Customer 2101,Tirupati,Returning
2102,Customer 2102,Tirupati,VIP
2103,Customer 2103,Tirupati,VIP
2104,Customer 2104,Visakhapatnam,Returning
2105,Customer 2105,Anantapur,VIP
2106,Customer 2106,Visakhapatnam,Returning
2107,Customer 2107,Visakhapatnam,New
2108,Customer 2108,Rajahmundry,New
2109,Customer 2109,Tirupati,VIP
2110,Customer 2110,Vijayawada,Returning
2111,Customer 2111,Kurnool,Returning
2112,Customer 2112,Kakinada,New
2113,Customer 2113,Vijayawada,New
2114,Customer 2114,Rajahmundry,Returning
2115,Customer 2115,Guntur,New
2116,Customer 2116,Guntur,Returning
2117,Customer 2117,Anantapur,New
2118,Customer 2118,Visakhapatnam,New
2119,Customer 2119,Kakinada,New
2120,Customer 2120,Ongole,Returning
2121,Customer 2121,Vijayawada,VIP
2122,Customer 2122,Kurnool,Returning
2123,Customer 2123,Kakinada,New
2124,Customer 2124,Vijayawada,Returning
2125,Customer 2125,Kurnool,New
2126,Customer 2126,Kakinada,VIP
2127,Customer 2127,Nellore,VIP
2128,Customer 2128,Anantapur,VIP
2129,Customer 2129,Kakinada,Returning
2130,Customer 2130,Kakinada,New
2131,Customer 2131,Tirupati,Returning
2132,Customer 2132,Rajahmundry,VIP
2133,Customer 2133,Kakinada,Returning
2134,Customer 2134,Visakhapatnam,New
2135,Customer 2135,Kakinada,New
2136,Customer 2136,Ongole,Returning
2137,Customer 2137,Anantapur,Returning
2138,Customer 2138,Tirupati,VIP
2139,Customer 2139,Vijayawada,VIP
2140,Customer 2140,Ongole,VIP
2141,Customer 2141,Anantapur,New
2142,Customer 2142,Vijayawada,VIP
2143,Customer 2143,Rajahmundry,Returning
2144,Customer 2144,Kurnool,Returning
2145,Customer 2145,Guntur,New
2146,Customer 2146,Anantapur,Returning
2147,Customer 2147,Kakinada,VIP
2148,Customer 2148,Anantapur,New
2149,Customer 2149,Vijayawada,Returning
2150,Customer 2150,Vijayawada,Returning
2151,Customer 2151,Guntur,New
2152,Customer 2152,Rajahmundry,VIP
2153,Customer 2153,Guntur,VIP
2154,Customer 2154,Rajahmundry,VIP
2155,Customer 2155,Guntur,Returning
2156,Customer 2156,Tirupati,New
2157,Customer 2157,Guntur,Returning
2158,Customer 2158,Rajahmundry,Returning
2159,Customer 2159,Vijayawada,New
2160,Customer 2160,Anantapur,VIP
2161,Customer 2161,Tirupati,VIP
2162,Customer 2162,Rajahmundry,New
2163,Customer 2163,Kurnool,New
2164,Customer 2164,Guntur,New
2165,Customer 2165,Anantapur,New
2166,Customer 2166,Kurnool,New
2167,Customer 2167,Kurnool,New
2168,Customer 2168,Kurnool,Returning
2169,Customer 2169,Ongole,Returning
2170,Customer 2170,Kakinada,VIP
2171,Customer 2171,Kakinada,Returning
2172,Customer 2172,Guntur,New
2173,Customer 2173,Vijayawada,VIP
2174,Customer 2174,Anantapur,Returning
2175,Customer 2175,Anantapur,New
2176,Customer 2176,Nellore,New
2177,Customer 2177,Ongole,VIP
2178,Customer 2178,Tirupati,Returning
2179,Customer 2179,Tirupati,VIP
2180,Customer 2180,Guntur,New
2181,Customer 2181,Anantapur,VIP
2182,Customer 2182,Ongole,VIP
2183,Customer 2183,Ongole,Returning
2184,Customer 2184,Rajahmundry,Returning
2185,Customer 2185,Ongole,Returning
2186,Customer 2186,Tirupati,Returning
2187,Customer 2187,Kakinada,VIP
2188,Customer 2188,Anantapur,VIP
2189,Customer 2189,Nellore,New
2190,Customer 2190,Nellore,New
2191,Customer 2191,Ongole,VIP
2192,Customer 2192,Tirupati,New
2193,Customer 2193,Guntur,New
2194,Customer 2194,Tirupati,Returning
2195,Customer 2195,Rajahmundry,New
2196,Customer 2196,Rajahmundry,VIP
2197,Customer 2197,Tirupati,New
2198,Customer 2198,Kakinada,New
2199,Customer 2199,Guntur,Returning
2200,Customer 2200,Anantapur,VIP
2201,Customer 2201,Anantapur,Returning
2202,Customer 2202,Kakinada,VIP
2203,Customer 2203,Nellore,Returning
2204,Customer 2204,Kakinada,Returning
2205,Customer 2205,Nellore,VIP
2206,Customer 2206,Rajahmundry,New
2207,Customer 2207,Anantapur,VIP
2208,Customer 2208,Guntur,Returning
2209,Customer 2209,Kurnool,VIP
2210,Customer 2210,Rajahmundry,VIP
2211,Customer 2211,Vijayawada,Returning
2212,Customer 2212,Guntur,VIP
2213,Customer 2213,Rajahmundry,New
2214,Customer 2214,Visakhapatnam,New
2215,Customer 2215,Vijayawada,VIP
2216,Customer 2216,Kakinada,Returning
2217,Customer 2217,Rajahmundry,Returning
2218,Customer 2218,Visakhapatnam,VIP
2219,Customer 2219,Rajahmundry,VIP
2220,Customer 2220,Tirupati,VIP
2221,Customer 2221,Kurnool,New
2222,Customer 2222,Ongole,VIP
2223,Customer 2223,Rajahmundry,Returning
2224,Customer 2224,Anantapur,Returning
2225,Customer 2225,Vijayawada,New
2226,Customer 2226,Kakinada,Returning
2227,Customer 2227,Visakhapatnam,Returning
2228,Customer 2228,Guntur,Returning
2229,Customer 2229,Anantapur,VIP
2230,Customer 2230,Ongole,Returning
2231,Customer 2231,Vijayawada,VIP
2232,Customer 2232,Kakinada,VIP
2233,Customer 2233,Anantapur,New
2234,Customer 2234,Tirupati,New
2235,Customer 2235,Kurnool,Returning
2236,Customer 2236,Ongole,VIP
2237,Customer 2237,Tirupati,New
2238,Customer 2238,Visakhapatnam,New
2239,Customer 2239,Nellore,Returning
2240,Customer 2240,Anantapur,VIP
2241,Customer 2241,Rajahmundry,Returning
2242,Customer 2242,Kakinada,New
2243,Customer 2243,Anantapur,New
2244,Customer 2244,Vijayawada,Returning
2245,Customer 2245,Kakinada,New
2246,Customer 2246,Rajahmundry,New
2247,Customer 2247,Ongole,VIP
2248,Customer 2248,Kurnool,VIP
2249,Customer 2249,Guntur,VIP
2250,Customer 2250,Kurnool,VIP
2251,Customer 2251,Kurnool,VIP
2252,Customer 2252,Ongole,New
2253,Customer 2253,Nellore,Returning
2254,Customer 2254,Nellore,Returning
2255,Customer 2255,Ongole,New
2256,Customer 2256,Ongole,New
2257,Customer 2257,Anantapur,VIP
2258,Customer 2258,Anantapur,VIP
2259,Customer 2259,Guntur,New
2260,Customer 2260,Ongole,New
2261,Customer 2261,Anantapur,Returning
2262,Customer 2262,Kakinada,New
2263,Customer 2263,Kurnool,Returning
2264,Customer 2264,Kakinada,New
2265,Customer 2265,Kurnool,Returning
2266,Customer 2266,Kurnool,Returning
2267,Customer 2267,Vijayawada,Returning
2268,Customer 2268,Kakinada,VIP
2269,Customer 2269,Rajahmundry,New
2270,Customer 2270,Ongole,VIP
2271,Customer 2271,Vijayawada,Returning
2272,Customer 2272,Visakhapatnam,VIP
2273,Customer 2273,Nellore,New
2274,Customer 2274,Vijayawada,New
2275,Customer 2275,Rajahmundry,New
2276,Customer 2276,Nellore,VIP
2277,Customer 2277,Ongole,Returning
2278,Customer 2278,Kurnool,Returning
2279,Customer 2279,Kurnool,New
2280,Customer 2280,Vijayawada,New
2281,Customer 2281,Kurnool,VIP
2282,Customer 2282,Ongole,VIP
2283,Customer 2283,Nellore,VIP
2284,Customer 2284,Rajahmundry,New
2285,Customer 2285,Visakhapatnam,Returning
2286,Customer 2286,Ongole,Returning
2287,Customer 2287,Tirupati,New
2288,Customer 2288,Kurnool,New
2289,Customer 2289,Anantapur,New
2290,Customer 2290,Anantapur,Returning
2291,Customer 2291,Kurnool,VIP
2292,Customer 2292,Guntur,Returning
2293,Customer 2293,Ongole,Returning
2294,Customer 2294,Vijayawada,New
2295,Customer 2295,Visakhapatnam,New
2296,Customer 2296,Vijayawada,Returning
2297,Customer 2297,Anantapur,New
2298,Customer 2298,Vijayawada,New
2299,Customer 2299,Nellore,VIP
2300,Customer 2300,Anantapur,VIP
2301,Customer 2301,Kurnool,VIP
2302,Customer 2302,Tirupati,VIP
2303,Customer 2303,Ongole,Returning
2304,Customer 2304,Nellore,VIP
2305,Customer 2305,Kurnool,VIP
2306,Customer 2306,Guntur,VIP
2307,Customer 2307,Kurnool,VIP
2308,Customer 2308,Tirupati,New
2309,Customer 2309,Rajahmundry,VIP
2310,Customer 2310,Kakinada,Returning
2311,Customer 2311,Visakhapatnam,VIP
2312,Customer 2312,Tirupati,Returning
2313,Customer 2313,Anantapur,New
2314,Customer 2314,Nellore,VIP
2315,Customer 2315,Kurnool,VIP
2316,Customer 2316,Tirupati,Returning
2317,Customer 2317,Visakhapatnam,New
2318,Customer 2318,Nellore,New
2319,Customer 2319,Vijayawada,New
2320,Customer 2320,Kakinada,VIP
2321,Customer 2321,Kurnool,VIP
2322,Customer 2322,Ongole,VIP
2323,Customer 2323,Guntur,New
2324,Customer 2324,Nellore,New
2325,Customer 2325,Rajahmundry,Returning
2326,Customer 2326,Ongole,New
2327,Customer 2327,Kakinada,VIP
2328,Customer 2328,Vijayawada,VIP
2329,Customer 2329,Anantapur,VIP
2330,Customer 2330,Guntur,Returning
2331,Customer 2331,Kakinada,New
2332,Customer 2332,Visakhapatnam,Returning
2333,Customer 2333,Vijayawada,New
2334,Customer 2334,Vijayawada,VIP
2335,Customer 2335,Ongole,Returning
2336,Customer 2336,Kakinada,VIP
2337,Customer 2337,Kurnool,New
2338,Customer 2338,Tirupati,VIP
2339,Customer 2339,Guntur,New
2340,Customer 2340,Tirupati,VIP
2341,Customer 2341,Nellore,VIP
2342,Customer 2342,Kakinada,New
2343,Customer 2343,Vijayawada,VIP
2344,Customer 2344,Anantapur,Returning
2345,Customer 2345,Tirupati,VIP
2346,Customer 2346,Tirupati,VIP
2347,Customer 2347,Anantapur,Returning
2348,Customer 2348,Rajahmundry,VIP
2349,Customer 2349,Kurnool,New
2350,Customer 2350,Vijayawada,Returning
2351,Customer 2351,Ongole,New
2352,Customer 2352,Kurnool,Returning
2353,Customer 2353,Ongole,Returning
2354,Customer 2354,Kakinada,New
2355,Customer 2355,Kurnool,New
2356,Customer 2356,Ongole,Returning
2357,Customer 2357,Kurnool,Returning
2358,Customer 2358,Kurnool,VIP
2359,Customer 2359,Kurnool,Returning
2360,Customer 2360,Visakhapatnam,New
2361,Customer 2361,Guntur,Returning
2362,Customer 2362,Kakinada,VIP
2363,Customer 2363,Nellore,Returning
2364,Customer 2364,Anantapur,Returning
2365,Customer 2365,Anantapur,VIP
2366,Customer 2366,Rajahmundry,VIP
2367,Customer 2367,Guntur,VIP
2368,Customer 2368,Guntur,Returning
2369,Customer 2369,Vijayawada,New
2370,Customer 2370,Rajahmundry,Returning
2371,Customer 2371,Visakhapatnam,Returning
2372,Customer 2372,Rajahmundry,Returning
2373,Customer 2373,Anantapur,Returning
2374,Customer 2374,Vijayawada,New
2375,Customer 2375,Rajahmundry,Returning
2376,Customer 2376,Kurnool,Returning
2377,Customer 2377,Nellore,VIP
2378,Customer 2378,Guntur,VIP
2379,Customer 2379,Guntur,VIP
2380,Customer 2380,Anantapur,Returning
2381,Customer 2381,Visakhapatnam,VIP
2382,Customer 2382,Tirupati,VIP
2383,Customer 2383,Visakhapatnam,New
2384,Customer 2384,Anantapur,VIP
2385,Customer 2385,Kurnool,New
2386,Customer 2386,Nellore,VIP
2387,Customer 2387,Vijayawada,New
2388,Customer 2388,Visakhapatnam,VIP
2389,Customer 2389,Anantapur,Returning
2390,Customer 2390,Kakinada,New
2391,Customer 2391,Vijayawada,New
2392,Customer 2392,Kurnool,New
2393,Customer 2393,Rajahmundry,Returning
2394,Customer 2394,Kakinada,New
2395,Customer 2395,Tirupati,New
2396,Customer 2396,Visakhapatnam,VIP
2397,Customer 2397,Kurnool,Returning
2398,Customer 2398,Anantapur,Returning
2399,Customer 2399,Guntur,VIP
2400,Customer 2400,Visakhapatnam,New
2401,Customer 2401,Anantapur,Returning
2402,Customer 2402,Visakhapatnam,New
2403,Customer 2403,Anantapur,New
2404,Customer 2404,Guntur,VIP
2405,Customer 2405,Tirupati,VIP
2406,Customer 2406,Visakhapatnam,Returning
2407,Customer 2407,Tirupati,Returning
2408,Customer 2408,Anantapur,New
2409,Customer 2409,Guntur,VIP
2410,Customer 2410,Vijayawada,New
2411,Customer 2411,Tirupati,VIP
2412,Customer 2412,Vijayawada,VIP
2413,Customer 2413,Tirupati,Returning
2414,Customer 2414,Nellore,VIP
2415,Customer 2415,Ongole,VIP
2416,Customer 2416,Kakinada,VIP
2417,Customer 2417,Rajahmundry,Returning
2418,Customer 2418,Kakinada,VIP
2419,Customer 2419,Kurnool,Returning
2420,Customer 2420,Vijayawada,New
2421,Customer 2421,Vijayawada,New
2422,Customer 2422,Ongole,New
2423,Customer 2423,Tirupati,VIP
2424,Customer 2424,Guntur,VIP
2425,Customer 2425,Nellore,VIP
2426,Customer 2426,Guntur,Returning
2427,Customer 2427,Kurnool,VIP
2428,Customer 2428,Guntur,Returning
2429,Customer 2429,Kurnool,VIP
2430,Customer 2430,Tirupati,New
2431,Customer 2431,Tirupati,VIP
2432,Customer 2432,Tirupati,Returning
2433,Customer 2433,Rajahmundry,New
2434,Customer 2434,Guntur,Returning
2435,Customer 2435,Kurnool,VIP
2436,Customer 2436,Rajahmundry,VIP
2437,Customer 2437,Nellore,VIP
2438,Customer 2438,Visakhapatnam,Returning
2439,Customer 2439,Kurnool,New
2440,Customer 2440,Kakinada,New
2441,Customer 2441,Nellore,New
2442,Customer 2442,Kakinada,New
2443,Customer 2443,Ongole,New
2444,Customer 2444,Anantapur,New
2445,Customer 2445,Anantapur,New
2446,Customer 2446,Vijayawada,New
2447,Customer 2447,Anantapur,VIP
2448,Customer 2448,Visakhapatnam,Returning
2449,Customer 2449,Visakhapatnam,New
2450,Customer 2450,Visakhapatnam,New
2451,Customer 2451,Rajahmundry,VIP
2452,Customer 2452,Guntur,Returning
2453,Customer 2453,Vijayawada,Returning
2454,Customer 2454,Ongole,Returning
2455,Customer 2455,Guntur,Returning
2456,Customer 2456,Anantapur,New
2457,Customer 2457,Visakhapatnam,VIP
2458,Customer 2458,Guntur,Returning
2459,Customer 2459,Rajahmundry,New
2460,Customer 2460,Ongole,Returning
2461,Customer 2461,Vijayawada,Returning
2462,Customer 2462,Rajahmundry,New
2463,Customer 2463,Visakhapatnam,New
2464,Customer 2464,Visakhapatnam,VIP
2465,Customer 2465,Ongole,Returning
2466,Customer 2466,Guntur,VIP
2467,Customer 2467,Kakinada,Returning
2468,Customer 2468,Nellore,VIP
2469,Customer 2469,Vijayawada,Returning
2470,Customer 2470,Tirupati,Returning
2471,Customer 2471,Ongole,Returning
2472,Customer 2472,Vijayawada,VIP
2473,Customer 2473,Vijayawada,New
2474,Customer 2474,Visakhapatnam,Returning
2475,Customer 2475,Anantapur,Returning
2476,Customer 2476,Vijayawada,VIP
2477,Customer 2477,Visakhapatnam,New
2478,Customer 2478,Guntur,New
2479,Customer 2479,Rajahmundry,New
2480,Customer 2480,Kurnool,Returning
2481,Customer 2481,Nellore,New
2482,Customer 2482,Vijayawada,New
2483,Customer 2483,Ongole,New
2484,Customer 2484,Kurnool,Returning
2485,Customer 2485,Visakhapatnam,Returning
2486,Customer 2486,Ongole,New
2487,Customer 2487,Rajahmundry,Returning
2488,Customer 2488,Anantapur,VIP
2489,Customer 2489,Vijayawada,Returning
2490,Customer 2490,Kurnool,Returning
2491,Customer 2491,Ongole,New
2492,Customer 2492,Vijayawada,VIP
2493,Customer 2493,Anantapur,VIP
2494,Customer 2494,Nellore,Returning
2495,Customer 2495,Kurnool,Returning
2496,Customer 2496,Visakhapatnam,VIP
2497,Customer 2497,Anantapur,Returning
2498,Customer 2498,Kakinada,Returning
2499,Customer 2499,Kurnool,Returning
2500,Customer 2500,Tirupati,VIP
2501,Customer 2501,Kurnool,VIP
2502,Customer 2502,Anantapur,Returning
2503,Customer 2503,Ongole,VIP
2504,Customer 2504,Nellore,Returning
2505,Customer 2505,Vijayawada,New
2506,Customer 2506,Tirupati,Returning
2507,Customer 2507,Tirupati,New
2508,Customer 2508,Tirupati,Returning
2509,Customer 2509,Tirupati,New
2510,Customer 2510,Kakinada,New
2511,Customer 2511,Rajahmundry,Returning
2512,Customer 2512,Anantapur,New
2513,Customer 2513,Kakinada,VIP
2514,Customer 2514,Kurnool,New
2515,Customer 2515,Anantapur,VIP
2516,Customer 2516,Nellore,New
2517,Customer 2517,Guntur,VIP
2518,Customer 2518,Kakinada,New
2519,Customer 2519,Kurnool,VIP
2520,Customer 2520,Tirupati,Returning
2521,Customer 2521,Nellore,VIP
2522,Customer 2522,Guntur,VIP
2523,Customer 2523,Anantapur,VIP
2524,Customer 2524,Nellore,VIP
2525,Customer 2525,Tirupati,New
2526,Customer 2526,Guntur,New
2527,Customer 2527,Guntur,New
2528,Customer 2528,Visakhapatnam,Returning
2529,Customer 2529,Kakinada,Returning
2530,Customer 2530,Ongole,New
2531,Customer 2531,Rajahmundry,Returning
2532,Customer 2532,Kurnool,VIP
2533,Customer 2533,Vijayawada,Returning
2534,Customer 2534,Kurnool,New
2535,Customer 2535,Kurnool,New
2536,Customer 2536,Rajahmundry,Returning
2537,Customer 2537,Tirupati,Returning
2538,Customer 2538,Nellore,VIP
2539,Customer 2539,Tirupati,VIP
2540,Customer 2540,Anantapur,Returning
2541,Customer 2541,Kakinada,New
2542,Customer 2542,Nellore,Returning
2543,Customer 2543,Tirupati,New
2544,Customer 2544,Vijayawada,New
2545,Customer 2545,Kurnool,New
2546,Customer 2546,Kurnool,VIP
2547,Customer 2547,Nellore,VIP
2548,Customer 2548,Visakhapatnam,New
2549,Customer 2549,Kakinada,VIP
2550,Customer 2550,Nellore,Returning
2551,Customer 2551,Ongole,New
2552,Customer 2552,Vijayawada,VIP
2553,Customer 2553,Tirupati,New
2554,Customer 2554,Kurnool,Returning
2555,Customer 2555,Rajahmundry,Returning
2556,Customer 2556,Vijayawada,VIP
2557,Customer 2557,Anantapur,VIP
2558,Customer 2558,Kurnool,VIP
2559,Customer 2559,Ongole,Returning
2560,Customer 2560,Kakinada,VIP
2561,Customer 2561,Visakhapatnam,New
2562,Customer 2562,Kurnool,New
2563,Customer 2563,Tirupati,VIP
2564,Customer 2564,Vijayawada,Returning
2565,Customer 2565,Anantapur,Returning
2566,Customer 2566,Tirupati,Returning
2567,Customer 2567,Kurnool,Returning
2568,Customer 2568,Anantapur,Returning
2569,Customer 2569,Tirupati,New
2570,Customer 2570,Rajahmundry,Returning
2571,Customer 2571,Visakhapatnam,Returning
2572,Customer 2572,Guntur,New
2573,Customer 2573,Kurnool,VIP
2574,Customer 2574,Anantapur,VIP
2575,Customer 2575,Kakinada,New
2576,Customer 2576,Rajahmundry,Returning
2577,Customer 2577,Anantapur,New
2578,Customer 2578,Nellore,New
2579,Customer 2579,Kurnool,New
2580,Customer 2580,Rajahmundry,Returning
2581,Customer 2581,Kurnool,VIP
2582,Customer 2582,Ongole,VIP
2583,Customer 2583,Nellore,New
2584,Customer 2584,Visakhapatnam,New
2585,Customer 2585,Ongole,Returning
2586,Customer 2586,Tirupati,New
2587,Customer 2587,Vijayawada,Returning
2588,Customer 2588,Guntur,Returning
2589,Customer 2589,Anantapur,Returning
2590,Customer 2590,Vijayawada,VIP
2591,Customer 2591,Tirupati,New
2592,Customer 2592,Kakinada,VIP
2593,Customer 2593,Kurnool,New
2594,Customer 2594,Anantapur,Returning
2595,Customer 2595,Guntur,VIP
2596,Customer 2596,Anantapur,VIP
2597,Customer 2597,Nellore,VIP
2598,Customer 2598,Nellore,New
2599,Customer 2599,Anantapur,Returning
2600,Customer 2600,Kurnool,New
2601,Customer 2601,Rajahmundry,Returning
2602,Customer 2602,Kakinada,New
2603,Customer 2603,Nellore,VIP
2604,Customer 2604,Tirupati,New
2605,Customer 2605,Guntur,VIP
2606,Customer 2606,Anantapur,VIP
2607,Customer 2607,Tirupati,Returning
2608,Customer 2608,Nellore,Returning
2609,Customer 2609,Vijayawada,New
2610,Customer 2610,Kakinada,Returning
2611,Customer 2611,Guntur,Returning
2612,Customer 2612,Anantapur,New
2613,Customer 2613,Anantapur,New
2614,Customer 2614,Ongole,VIP
2615,Customer 2615,Nellore,New
2616,Customer 2616,Visakhapatnam,VIP
2617,Customer 2617,Nellore,New
2618,Customer 2618,Kakinada,VIP
2619,Customer 2619,Kakinada,VIP
2620,Customer 2620,Ongole,Returning
2621,Customer 2621,Visakhapatnam,VIP
2622,Customer 2622,Kakinada,VIP
2623,Customer 2623,Nellore,New
2624,Customer 2624,Kurnool,Returning
2625,Customer 2625,Visakhapatnam,New
2626,Customer 2626,Kakinada,Returning
2627,Customer 2627,Kakinada,Returning
2628,Customer 2628,Kakinada,New
2629,Customer 2629,Kurnool,New
2630,Customer 2630,Vijayawada,VIP
2631,Customer 2631,Kakinada,Returning
2632,Customer 2632,Guntur,Returning
2633,Customer 2633,Ongole,Returning
2634,Customer 2634,Guntur,Returning
2635,Customer 2635,Kurnool,Returning
2636,Customer 2636,Kakinada,VIP
2637,Customer 2637,Nellore,VIP
2638,Customer 2638,Tirupati,VIP
2639,Customer 2639,Nellore,Returning
2640,Customer 2640,Nellore,Returning
2641,Customer 2641,Kurnool,New
2642,Customer 2642,Visakhapatnam,VIP
2643,Customer 2643,Guntur,New
2644,Customer 2644,Guntur,Returning
2645,Customer 2645,Tirupati,VIP
2646,Customer 2646,Visakhapatnam,Returning
2647,Customer 2647,Ongole,VIP
2648,Customer 2648,Vijayawada,Returning
2649,Customer 2649,Kakinada,VIP
2650,Customer 2650,Kurnool,New
2651,Customer 2651,Visakhapatnam,Returning
2652,Customer 2652,Kurnool,VIP
2653,Customer 2653,Rajahmundry,VIP
2654,Customer 2654,Kurnool,VIP
2655,Customer 2655,Nellore,Returning
2656,Customer 2656,Nellore,New
2657,Customer 2657,Nellore,VIP
2658,Customer 2658,Kakinada,VIP
2659,Customer 2659,Rajahmundry,New
2660,Customer 2660,Kurnool,Returning
2661,Customer 2661,Kurnool,Returning
2662,Customer 2662,Vijayawada,VIP
2663,Customer 2663,Guntur,VIP
2664,Customer 2664,Nellore,VIP
2665,Customer 2665,Rajahmundry,New
2666,Customer 2666,Tirupati,New
2667,Customer 2667,Ongole,New
2668,Customer 2668,Nellore,Returning
2669,Customer 2669,Kakinada,VIP
2670,Customer 2670,Rajahmundry,VIP
2671,Customer 2671,Guntur,VIP
2672,Customer 2672,Guntur,Returning
2673,Customer 2673,Nellore,New
2674,Customer 2674,Nellore,New
2675,Customer 2675,Tirupati,VIP
2676,Customer 2676,Kakinada,VIP
2677,Customer 2677,Visakhapatnam,VIP
2678,Customer 2678,Anantapur,VIP
2679,Customer 2679,Anantapur,Returning
2680,Customer 2680,Nellore,VIP
2681,Customer 2681,Visakhapatnam,New
2682,Customer 2682,Guntur,Returning
2683,Customer 2683,Anantapur,VIP
2684,Customer 2684,Rajahmundry,New
2685,Customer 2685,Vijayawada,New
2686,Customer 2686,Anantapur,VIP
2687,Customer 2687,Tirupati,VIP
2688,Customer 2688,Kakinada,New
2689,Customer 2689,Tirupati,Returning
2690,Customer 2690,Anantapur,New
2691,Customer 2691,Visakhapatnam,Returning
2692,Customer 2692,Kakinada,VIP
2693,Customer 2693,Anantapur,Returning
2694,Customer 2694,Rajahmundry,Returning
2695,Customer 2695,Rajahmundry,Returning
2696,Customer 2696,Tirupati,New
2697,Customer 2697,Kurnool,New
2698,Customer 2698,Kakinada,New
2699,Customer 2699,Kakinada,New
2700,Customer 2700,Nellore,VIP
2701,Customer 2701,Guntur,New
2702,Customer 2702,Kakinada,VIP
2703,Customer 2703,Guntur,New
2704,Customer 2704,Guntur,Returning
2705,Customer 2705,Kakinada,New
2706,Customer 2706,Anantapur,Returning
2707,Customer 2707,Nellore,VIP
2708,Customer 2708,Rajahmundry,Returning
2709,Customer 2709,Kurnool,New
2710,Customer 2710,Ongole,VIP
2711,Customer 2711,Nellore,Returning
2712,Customer 2712,Rajahmundry,New
2713,Customer 2713,Rajahmundry,Returning
2714,Customer 2714,Rajahmundry,VIP
2715,Customer 2715,Tirupati,VIP
2716,Customer 2716,Kurnool,Returning
2717,Customer 2717,Rajahmundry,VIP
2718,Customer 2718,Kurnool,Returning
2719,Customer 2719,Kurnool,VIP
2720,Customer 2720,Rajahmundry,Returning
2721,Customer 2721,Kakinada,Returning
2722,Customer 2722,Vijayawada,New
2723,Customer 2723,Kakinada,Returning
2724,Customer 2724,Guntur,New
2725,Customer 2725,Kurnool,VIP
2726,Customer 2726,Ongole,New
2727,Customer 2727,Anantapur,Returning
2728,Customer 2728,Kakinada,Returning
2729,Customer 2729,Vijayawada,Returning
2730,Customer 2730,Nellore,VIP
2731,Customer 2731,Kurnool,New
2732,Customer 2732,Vijayawada,New
2733,Customer 2733,Nellore,VIP
2734,Customer 2734,Ongole,VIP
2735,Customer 2735,Kakinada,VIP
2736,Customer 2736,Kakinada,New
2737,Customer 2737,Kakinada,Returning
2738,Customer 2738,Visakhapatnam,VIP
2739,Customer 2739,Anantapur,VIP
2740,Customer 2740,Ongole,Returning
2741,Customer 2741,Ongole,New
2742,Customer 2742,Nellore,New
2743,Customer 2743,Rajahmundry,Returning
2744,Customer 2744,Ongole,Returning
2745,Customer 2745,Tirupati,New
2746,Customer 2746,Kakinada,New
2747,Customer 2747,Anantapur,VIP
2748,Customer 2748,Ongole,Returning
2749,Customer 2749,Vijayawada,Returning
2750,Customer 2750,Kurnool,Returning
2751,Customer 2751,Kurnool,VIP
2752,Customer 2752,Kurnool,VIP
2753,Customer 2753,Guntur,New
2754,Customer 2754,Tirupati,New
2755,Customer 2755,Nellore,VIP
2756,Customer 2756,Anantapur,New
2757,Customer 2757,Guntur,VIP
2758,Customer 2758,Tirupati,VIP
2759,Customer 2759,Kakinada,VIP
2760,Customer 2760,Kakinada,Returning
2761,Customer 2761,Ongole,VIP
2762,Customer 2762,Nellore,Returning
2763,Customer 2763,Anantapur,New
2764,Customer 2764,Vijayawada,VIP
2765,Customer 2765,Ongole,New
2766,Customer 2766,Tirupati,VIP
2767,Customer 2767,Vijayawada,New
2768,Customer 2768,Visakhapatnam,Returning
2769,Customer 2769,Vijayawada,Returning
2770,Customer 2770,Tirupati,Returning
2771,Customer 2771,Kakinada,Returning
2772,Customer 2772,Anantapur,Returning
2773,Customer 2773,Ongole,Returning
2774,Customer 2774,Tirupati,VIP
2775,Customer 2775,Guntur,Returning
2776,Customer 2776,Kurnool,VIP
2777,Customer 2777,Anantapur,New
2778,Customer 2778,Vijayawada,VIP
2779,Customer 2779,Nellore,Returning
2780,Customer 2780,Visakhapatnam,VIP
2781,Customer 2781,Rajahmundry,Returning
2782,Customer 2782,Nellore,VIP
2783,Customer 2783,Visakhapatnam,New
2784,Customer 2784,Vijayawada,Returning
2785,Customer 2785,Anantapur,New
2786,Customer 2786,Kakinada,Returning
2787,Customer 2787,Visakhapatnam,New
2788,Customer 2788,Tirupati,New
2789,Customer 2789,Ongole,New
2790,Customer 2790,Visakhapatnam,New
2791,Customer 2791,Vijayawada,Returning
2792,Customer 2792,Vijayawada,New
2793,Customer 2793,Kakinada,Returning
2794,Customer 2794,Kurnool,VIP
2795,Customer 2795,Kurnool,VIP
2796,Customer 2796,Rajahmundry,New
2797,Customer 2797,Rajahmundry,Returning
2798,Customer 2798,Visakhapatnam,Returning
2799,Customer 2799,Vijayawada,VIP
2800,Customer 2800,Kakinada,Returning
2801,Customer 2801,Ongole,New
2802,Customer 2802,Anantapur,New
2803,Customer 2803,Visakhapatnam,VIP
2804,Customer 2804,Rajahmundry,New
2805,Customer 2805,Kurnool,VIP
2806,Customer 2806,Rajahmundry,New
2807,Customer 2807,Anantapur,New
2808,Customer 2808,Ongole,Returning
2809,Customer 2809,Nellore,Returning
2810,Customer 2810,Anantapur,Returning
2811,Customer 2811,Kurnool,Returning
2812,Customer 2812,Tirupati,VIP
2813,Customer 2813,Rajahmundry,New
2814,Customer 2814,Visakhapatnam,VIP
2815,Customer 2815,Vijayawada,VIP
2816,Customer 2816,Anantapur,VIP
2817,Customer 2817,Kurnool,VIP
2818,Customer 2818,Vijayawada,New
2819,Customer 2819,Ongole,Returning
2820,Customer 2820,Kakinada,VIP
2821,Customer 2821,Kurnool,VIP
2822,Customer 2822,Kurnool,Returning
2823,Customer 2823,Guntur,New
2824,Customer 2824,Tirupati,New
2825,Customer 2825,Guntur,New
2826,Customer 2826,Kakinada,Returning
2827,Customer 2827,Guntur,New
2828,Customer 2828,Ongole,VIP
2829,Customer 2829,Tirupati,VIP
2830,Customer 2830,Tirupati,Returning
2831,Customer 2831,Ongole,VIP
2832,Customer 2832,Rajahmundry,VIP
2833,Customer 2833,Nellore,Returning
2834,Customer 2834,Nellore,VIP
2835,Customer 2835,Tirupati,New
2836,Customer 2836,Anantapur,New
2837,Customer 2837,Guntur,New
2838,Customer 2838,Nellore,Returning
2839,Customer 2839,Anantapur,VIP
2840,Customer 2840,Kakinada,New
2841,Customer 2841,Nellore,New
2842,Customer 2842,Guntur,VIP
2843,Customer 2843,Vijayawada,New
2844,Customer 2844,Kurnool,New
2845,Customer 2845,Kakinada,VIP
2846,Customer 2846,Visakhapatnam,VIP
2847,Customer 2847,Kakinada,New
2848,Customer 2848,Tirupati,VIP
2849,Customer 2849,Guntur,VIP
2850,Customer 2850,Kakinada,Returning
2851,Customer 2851,Tirupati,Returning
2852,Customer 2852,Kurnool,Returning
2853,Customer 2853,Vijayawada,New
2854,Customer 2854,Visakhapatnam,Returning
2855,Customer 2855,Kurnool,VIP
2856,Customer 2856,Kakinada,VIP
2857,Customer 2857,Kurnool,Returning
2858,Customer 2858,Kakinada,VIP
2859,Customer 2859,Kakinada,Returning
2860,Customer 2860,Kurnool,Returning
2861,Customer 2861,Anantapur,New
2862,Customer 2862,Vijayawada,VIP
2863,Customer 2863,Visakhapatnam,VIP
2864,Customer 2864,Nellore,Returning
2865,Customer 2865,Ongole,New
2866,Customer 2866,Visakhapatnam,Returning
2867,Customer 2867,Guntur,Returning
2868,Customer 2868,Nellore,New
2869,Customer 2869,Vijayawada,VIP
2870,Customer 2870,Anantapur,Returning
2871,Customer 2871,Anantapur,Returning
2872,Customer 2872,Rajahmundry,New
2873,Customer 2873,Kurnool,VIP
2874,Customer 2874,Anantapur,New
2875,Customer 2875,Ongole,Returning
2876,Customer 2876,Ongole,VIP
2877,Customer 2877,Rajahmundry,Returning
2878,Customer 2878,Tirupati,New
2879,Customer 2879,Guntur,Returning
2880,Customer 2880,Nellore,Returning
2881,Customer 2881,Vijayawada,VIP
2882,Customer 2882,Vijayawada,Returning
2883,Customer 2883,Ongole,Returning
2884,Customer 2884,Nellore,Returning
2885,Customer 2885,Kakinada,VIP
2886,Customer 2886,Visakhapatnam,VIP
2887,Customer 2887,Visakhapatnam,New
2888,Customer 2888,Kurnool,New
2889,Customer 2889,Guntur,Returning
2890,Customer 2890,Vijayawada,New
2891,Customer 2891,Visakhapatnam,Returning
2892,Customer 2892,Kurnool,Returning
2893,Customer 2893,Visakhapatnam,VIP
2894,Customer 2894,Vijayawada,New
2895,Customer 2895,Nellore,New
2896,Customer 2896,Guntur,VIP
2897,Customer 2897,Vijayawada,Returning
2898,Customer 2898,Anantapur,VIP
2899,Customer 2899,Vijayawada,Returning
2900,Customer 2900,Kurnool,VIP
2901,Customer 2901,Kurnool,VIP
2902,Customer 2902,Kakinada,VIP
2903,Customer 2903,Ongole,VIP
2904,Customer 2904,Anantapur,New
2905,Customer 2905,Nellore,VIP
2906,Customer 2906,Nellore,New
2907,Customer 2907,Nellore,New
2908,Customer 2908,Anantapur,New
2909,Customer 2909,Visakhapatnam,Returning
2910,Customer 2910,Guntur,VIP
2911,Customer 2911,Kakinada,VIP
2912,Customer 2912,Rajahmundry,New
2913,Customer 2913,Rajahmundry,VIP
2914,Customer 2914,Anantapur,New
2915,Customer 2915,Ongole,New
2916,Customer 2916,Visakhapatnam,Returning
2917,Customer 2917,Kakinada,Returning
2918,Customer 2918,Kurnool,Returning
2919,Customer 2919,Guntur,Returning
2920,Customer 2920,Rajahmundry,VIP
2921,Customer 2921,Rajahmundry,VIP
2922,Customer 2922,Ongole,VIP
2923,Customer 2923,Vijayawada,VIP
2924,Customer 2924,Guntur,VIP
2925,Customer 2925,Vijayawada,Returning
2926,Customer 2926,Kakinada,VIP
2927,Customer 2927,Kurnool,New
2928,Customer 2928,Ongole,VIP
2929,Customer 2929,Ongole,New
2930,Customer 2930,Kurnool,New
2931,Customer 2931,Kakinada,New
2932,Customer 2932,Rajahmundry,VIP
2933,Customer 2933,Kurnool,Returning
2934,Customer 2934,Tirupati,Returning
2935,Customer 2935,Vijayawada,New
2936,Customer 2936,Guntur,Returning
2937,Customer 2937,Ongole,VIP
2938,Customer 2938,Ongole,Returning
2939,Customer 2939,Visakhapatnam,New
2940,Customer 2940,Tirupati,VIP
2941,Customer 2941,Visakhapatnam,Returning
2942,Customer 2942,Kakinada,Returning
2943,Customer 2943,Nellore,Returning
2944,Customer 2944,Kurnool,VIP
2945,Customer 2945,Kakinada,VIP
2946,Customer 2946,Kakinada,VIP
2947,Customer 2947,Visakhapatnam,VIP
2948,Customer 2948,Guntur,VIP
2949,Customer 2949,Visakhapatnam,VIP
2950,Customer 2950,Tirupati,New
2951,Customer 2951,Visakhapatnam,New
2952,Customer 2952,Guntur,New
2953,Customer 2953,Vijayawada,New
2954,Customer 2954,Guntur,VIP
2955,Customer 2955,Rajahmundry,VIP
2956,Customer 2956,Nellore,VIP
2957,Customer 2957,Rajahmundry,VIP
2958,Customer 2958,Tirupati,New
2959,Customer 2959,Guntur,Returning
2960,Customer 2960,Guntur,Returning
2961,Customer 2961,Anantapur,Returning
2962,Customer 2962,Kurnool,Returning
2963,Customer 2963,Rajahmundry,Returning
2964,Customer 2964,Nellore,New
2965,Customer 2965,Nellore,New
2966,Customer 2966,Rajahmundry,New
2967,Customer 2967,Kurnool,Returning
2968,Customer 2968,Rajahmundry,Returning
2969,Customer 2969,Anantapur,Returning
2970,Customer 2970,Rajahmundry,VIP
2971,Customer 2971,Kakinada,New
2972,Customer 2972,Nellore,VIP
2973,Customer 2973,Visakhapatnam,Returning
2974,Customer 2974,Visakhapatnam,Returning
2975,Customer 2975,Vijayawada,New
2976,Customer 2976,Rajahmundry,New
2977,Customer 2977,Rajahmundry,VIP
2978,Customer 2978,Ongole,Returning
2979,Customer 2979,Tirupati,Returning
2980,Customer 2980,Nellore,New
2981,Customer 2981,Rajahmundry,Returning
2982,Customer 2982,Guntur,VIP
2983,Customer 2983,Tirupati,New
2984,Customer 2984,Kakinada,VIP
2985,Customer 2985,Nellore,New
2986,Customer 2986,Kakinada,New
2987,Customer 2987,Ongole,VIP
2988,Customer 2988,Visakhapatnam,New
2989,Customer 2989,Ongole,VIP
2990,Customer 2990,Nellore,Returning
2991,Customer 2991,Anantapur,New
2992,Customer 2992,Guntur,Returning
2993,Customer 2993,Kakinada,VIP
2994,Customer 2994,Guntur,VIP
2995,Customer 2995,Visakhapatnam,Returning
2996,Customer 2996,Tirupati,New
2997,Customer 2997,Ongole,New
2998,Customer 2998,Kakinada,New
2999,Customer 2999,Visakhapatnam,New
3000,Customer 3000,Rajahmundry,VIP
3001,Customer 3001,Anantapur,New
3002,Customer 3002,Nellore,VIP
3003,Customer 3003,Tirupati,Returning
3004,Customer 3004,Nellore,Returning
3005,Customer 3005,Guntur,New
3006,Customer 3006,Kakinada,Returning
3007,Customer 3007,Guntur,VIP
3008,Customer 3008,Rajahmundry,Returning
3009,Customer 3009,Rajahmundry,New
3010,Customer 3010,Kurnool,Returning
3011,Customer 3011,Anantapur,New
3012,Customer 3012,Tirupati,New
3013,Customer 3013,Kakinada,Returning
3014,Customer 3014,Anantapur,New
3015,Customer 3015,Ongole,Returning
3016,Customer 3016,Kurnool,VIP
3017,Customer 3017,Vijayawada,New
3018,Customer 3018,Visakhapatnam,Returning
3019,Customer 3019,Ongole,VIP
3020,Customer 3020,Guntur,New
3021,Customer 3021,Ongole,VIP
3022,Customer 3022,Visakhapatnam,New
3023,Customer 3023,Vijayawada,VIP
3024,Customer 3024,Visakhapatnam,Returning
3025,Customer 3025,Kurnool,VIP
3026,Customer 3026,Rajahmundry,Returning
3027,Customer 3027,Nellore,VIP
3028,Customer 3028,Vijayawada,VIP
3029,Customer 3029,Tirupati,Returning
3030,Customer 3030,Ongole,Returning
3031,Customer 3031,Rajahmundry,Returning
3032,Customer 3032,Tirupati,VIP
3033,Customer 3033,Anantapur,Returning
3034,Customer 3034,Tirupati,VIP
3035,Customer 3035,Tirupati,VIP
3036,Customer 3036,Rajahmundry,Returning
3037,Customer 3037,Anantapur,VIP
3038,Customer 3038,Nellore,VIP
3039,Customer 3039,Nellore,VIP
3040,Customer 3040,Ongole,New
3041,Customer 3041,Anantapur,New
3042,Customer 3042,Anantapur,VIP
3043,Customer 3043,Guntur,New
3044,Customer 3044,Anantapur,Returning
3045,Customer 3045,Rajahmundry,Returning
3046,Customer 3046,Ongole,VIP
3047,Customer 3047,Guntur,VIP
3048,Customer 3048,Anantapur,New
3049,Customer 3049,Nellore,New
3050,Customer 3050,Nellore,VIP
3051,Customer 3051,Visakhapatnam,Returning
3052,Customer 3052,Guntur,Returning
3053,Customer 3053,Kurnool,New
3054,Customer 3054,Vijayawada,Returning
3055,Customer 3055,Ongole,VIP
3056,Customer 3056,Guntur,Returning
3057,Customer 3057,Vijayawada,Returning
3058,Customer 3058,Vijayawada,New
3059,Customer 3059,Tirupati,New
3060,Customer 3060,Tirupati,New
3061,Customer 3061,Rajahmundry,Returning
3062,Customer 3062,Guntur,Returning
3063,Customer 3063,Kakinada,VIP
3064,Customer 3064,Anantapur,New
3065,Customer 3065,Kakinada,New
3066,Customer 3066,Guntur,Returning
3067,Customer 3067,Guntur,New
3068,Customer 3068,Rajahmundry,Returning
3069,Customer 3069,Kurnool,VIP
3070,Customer 3070,Kakinada,Returning
3071,Customer 3071,Kurnool,VIP
3072,Customer 3072,Rajahmundry,Returning
3073,Customer 3073,Ongole,VIP
3074,Customer 3074,Vijayawada,New
3075,Customer 3075,Kurnool,Returning
3076,Customer 3076,Kurnool,VIP
3077,Customer 3077,Visakhapatnam,New
3078,Customer 3078,Ongole,Returning
3079,Customer 3079,Vijayawada,VIP
3080,Customer 3080,Nellore,New
3081,Customer 3081,Ongole,New
3082,Customer 3082,Kurnool,Returning
3083,Customer 3083,Tirupati,VIP
3084,Customer 3084,Anantapur,New
3085,Customer 3085,Ongole,Returning
3086,Customer 3086,Kakinada,New
3087,Customer 3087,Visakhapatnam,New
3088,Customer 3088,Rajahmundry,VIP
3089,Customer 3089,Vijayawada,Returning
3090,Customer 3090,Anantapur,Returning
3091,Customer 3091,Rajahmundry,Returning
3092,Customer 3092,Kurnool,New
3093,Customer 3093,Kurnool,New
3094,Customer 3094,Nellore,Returning
3095,Customer 3095,Guntur,Returning
3096,Customer 3096,Kurnool,VIP
3097,Customer 3097,Guntur,New
3098,Customer 3098,Nellore,VIP
3099,Customer 3099,Rajahmundry,New
3100,Customer 3100,Anantapur,New
3101,Customer 3101,Guntur,VIP
3102,Customer 3102,Ongole,New
3103,Customer 3103,Visakhapatnam,Returning
3104,Customer 3104,Vijayawada,New
3105,Customer 3105,Kakinada,New
3106,Customer 3106,Nellore,Returning
3107,Customer 3107,Nellore,Returning
3108,Customer 3108,Guntur,New
3109,Customer 3109,Rajahmundry,Returning
3110,Customer 3110,Vijayawada,Returning
3111,Customer 3111,Rajahmundry,New
3112,Customer 3112,Guntur,VIP
3113,Customer 3113,Anantapur,Returning
3114,Customer 3114,Vijayawada,VIP
3115,Customer 3115,Kurnool,New
3116,Customer 3116,Kakinada,Returning
3117,Customer 3117,Nellore,New
3118,Customer 3118,Anantapur,VIP
3119,Customer 3119,Nellore,New
3120,Customer 3120,Rajahmundry,New
3121,Customer 3121,Guntur,Returning
3122,Customer 3122,Guntur,New
3123,Customer 3123,Guntur,New
3124,Customer 3124,Ongole,New
3125,Customer 3125,Vijayawada,New
3126,Customer 3126,Kakinada,VIP
3127,Customer 3127,Tirupati,New
3128,Customer 3128,Visakhapatnam,Returning
3129,Customer 3129,Tirupati,Returning
3130,Customer 3130,Nellore,New
3131,Customer 3131,Rajahmundry,Returning
3132,Customer 3132,Rajahmundry,Returning
3133,Customer 3133,Tirupati,Returning
3134,Customer 3134,Ongole,New
3135,Customer 3135,Tirupati,VIP
3136,Customer 3136,Rajahmundry,VIP
3137,Customer 3137,Nellore,VIP
3138,Customer 3138,Rajahmundry,New
3139,Customer 3139,Tirupati,VIP
3140,Customer 3140,Ongole,Returning
3141,Customer 3141,Kakinada,New
3142,Customer 3142,Ongole,VIP
3143,Customer 3143,Kurnool,Returning
3144,Customer 3144,Ongole,VIP
3145,Customer 3145,Ongole,New
3146,Customer 3146,Ongole,Returning
3147,Customer 3147,Kurnool,VIP
3148,Customer 3148,Ongole,VIP
3149,Customer 3149,Ongole,VIP
3150,Customer 3150,Kakinada,VIP
3151,Customer 3151,Visakhapatnam,VIP
3152,Customer 3152,Nellore,Returning
3153,Customer 3153,Visakhapatnam,New
3154,Customer 3154,Kurnool,VIP
3155,Customer 3155,Tirupati,VIP
3156,Customer 3156,Kakinada,VIP
3157,Customer 3157,Kakinada,New
3158,Customer 3158,Anantapur,New
3159,Customer 3159,Rajahmundry,Returning
3160,Customer 3160,Rajahmundry,VIP
3161,Customer 3161,Vijayawada,VIP
3162,Customer 3162,Nellore,VIP
3163,Customer 3163,Kakinada,VIP
3164,Customer 3164,Vijayawada,VIP
3165,Customer 3165,Guntur,Returning
3166,Customer 3166,Anantapur,New
3167,Customer 3167,Visakhapatnam,Returning
3168,Customer 3168,Visakhapatnam,New
3169,Customer 3169,Nellore,New
3170,Customer 3170,Guntur,New
3171,Customer 3171,Visakhapatnam,Returning
3172,Customer 3172,Anantapur,Returning
3173,Customer 3173,Nellore,New
3174,Customer 3174,Rajahmundry,Returning
3175,Customer 3175,Anantapur,Returning
3176,Customer 3176,Guntur,VIP
3177,Customer 3177,Guntur,VIP
3178,Customer 3178,Tirupati,New
3179,Customer 3179,Ongole,VIP
3180,Customer 3180,Nellore,Returning
3181,Customer 3181,Kurnool,VIP
3182,Customer 3182,Ongole,Returning
3183,Customer 3183,Kakinada,New
3184,Customer 3184,Kakinada,VIP
3185,Customer 3185,Kurnool,Returning
3186,Customer 3186,Kurnool,Returning
3187,Customer 3187,Nellore,VIP
3188,Customer 3188,Nellore,Returning
3189,Customer 3189,Nellore,Returning
3190,Customer 3190,Ongole,VIP
3191,Customer 3191,Kakinada,Returning
3192,Customer 3192,Rajahmundry,VIP
3193,Customer 3193,Kurnool,VIP
3194,Customer 3194,Vijayawada,Returning
3195,Customer 3195,Anantapur,VIP
3196,Customer 3196,Nellore,VIP
3197,Customer 3197,Nellore,New
3198,Customer 3198,Anantapur,Returning
3199,Customer 3199,Nellore,VIP
3200,Customer 3200,Ongole,New
3201,Customer 3201,Nellore,VIP
3202,Customer 3202,Vijayawada,Returning
3203,Customer 3203,Visakhapatnam,VIP
3204,Customer 3204,Vijayawada,Returning
3205,Customer 3205,Visakhapatnam,New
3206,Customer 3206,Anantapur,Returning
3207,Customer 3207,Visakhapatnam,New
3208,Customer 3208,Kakinada,New
3209,Customer 3209,Guntur,New
3210,Customer 3210,Rajahmundry,VIP
3211,Customer 3211,Kakinada,VIP
3212,Customer 3212,Kurnool,New
3213,Customer 3213,Visakhapatnam,Returning
3214,Customer 3214,Kurnool,VIP
3215,Customer 3215,Rajahmundry,Returning
3216,Customer 3216,Anantapur,VIP
3217,Customer 3217,Vijayawada,Returning
3218,Customer 3218,Ongole,New
3219,Customer 3219,Guntur,Returning
3220,Customer 3220,Kakinada,VIP
3221,Customer 3221,Kurnool,New
3222,Customer 3222,Rajahmundry,VIP
3223,Customer 3223,Nellore,New
3224,Customer 3224,Rajahmundry,VIP
3225,Customer 3225,Nellore,New
3226,Customer 3226,Tirupati,New
3227,Customer 3227,Anantapur,New
3228,Customer 3228,Anantapur,New
3229,Customer 3229,Anantapur,VIP
3230,Customer 3230,Visakhapatnam,Returning
3231,Customer 3231,Kurnool,New
3232,Customer 3232,Nellore,Returning
3233,Customer 3233,Anantapur,Returning
3234,Customer 3234,Kurnool,VIP
3235,Customer 3235,Nellore,Returning
3236,Customer 3236,Rajahmundry,VIP
3237,Customer 3237,Ongole,Returning
3238,Customer 3238,Vijayawada,New
3239,Customer 3239,Rajahmundry,Returning
3240,Customer 3240,Ongole,New
3241,Customer 3241,Ongole,New
3242,Customer 3242,Nellore,New
3243,Customer 3243,Tirupati,New
3244,Customer 3244,Kurnool,VIP
3245,Customer 3245,Kurnool,VIP
3246,Customer 3246,Kakinada,New
3247,Customer 3247,Vijayawada,VIP
3248,Customer 3248,Guntur,VIP
3249,Customer 3249,Anantapur,Returning
3250,Customer 3250,Nellore,Returning
3251,Customer 3251,Tirupati,VIP
3252,Customer 3252,Kakinada,New
3253,Customer 3253,Kakinada,VIP
3254,Customer 3254,Tirupati,New
3255,Customer 3255,Vijayawada,New
3256,Customer 3256,Guntur,New
3257,Customer 3257,Kurnool,New
3258,Customer 3258,Nellore,New
3259,Customer 3259,Nellore,VIP
3260,Customer 3260,Guntur,VIP
3261,Customer 3261,Visakhapatnam,VIP
3262,Customer 3262,Nellore,Returning
3263,Customer 3263,Tirupati,VIP
3264,Customer 3264,Vijayawada,Returning
3265,Customer 3265,Visakhapatnam,Returning
3266,Customer 3266,Kakinada,VIP
3267,Customer 3267,Nellore,VIP
3268,Customer 3268,Kakinada,VIP
3269,Customer 3269,Anantapur,VIP
3270,Customer 3270,Kurnool,VIP
3271,Customer 3271,Vijayawada,Returning
3272,Customer 3272,Vijayawada,VIP
3273,Customer 3273,Anantapur,Returning
3274,Customer 3274,Vijayawada,Returning
3275,Customer 3275,Nellore,VIP
3276,Customer 3276,Ongole,VIP
3277,Customer 3277,Kurnool,Returning
3278,Customer 3278,Guntur,VIP
3279,Customer 3279,Kurnool,New
3280,Customer 3280,Rajahmundry,Returning
3281,Customer 3281,Anantapur,VIP
3282,Customer 3282,Guntur,Returning
3283,Customer 3283,Rajahmundry,New
3284,Customer 3284,Ongole,Returning
3285,Customer 3285,Guntur,VIP
3286,Customer 3286,Ongole,Returning
3287,Customer 3287,Tirupati,VIP
3288,Customer 3288,Vijayawada,Returning
3289,Customer 3289,Kurnool,VIP
3290,Customer 3290,Guntur,VIP
3291,Customer 3291,Nellore,Returning
3292,Customer 3292,Kakinada,New
3293,Customer 3293,Tirupati,VIP
3294,Customer 3294,Kurnool,New
3295,Customer 3295,Vijayawada,New
3296,Customer 3296,Vijayawada,Returning
3297,Customer 3297,Anantapur,Returning
3298,Customer 3298,Anantapur,New
3299,Customer 3299,Rajahmundry,New
3300,Customer 3300,Guntur,New
3301,Customer 3301,Guntur,VIP
3302,Customer 3302,Kurnool,Returning
3303,Customer 3303,Kurnool,Returning
3304,Customer 3304,Visakhapatnam,VIP
3305,Customer 3305,Ongole,VIP
3306,Customer 3306,Visakhapatnam,VIP
3307,Customer 3307,Visakhapatnam,Returning
3308,Customer 3308,Rajahmundry,VIP
3309,Customer 3309,Kakinada,Returning
3310,Customer 3310,Kakinada,Returning
3311,Customer 3311,Kurnool,New
3312,Customer 3312,Vijayawada,VIP
3313,Customer 3313,Tirupati,New
3314,Customer 3314,Guntur,Returning
3315,Customer 3315,Vijayawada,New
3316,Customer 3316,Anantapur,VIP
3317,Customer 3317,Kakinada,New
3318,Customer 3318,Kakinada,New
3319,Customer 3319,Guntur,VIP
3320,Customer 3320,Ongole,New
3321,Customer 3321,Visakhapatnam,VIP
3322,Customer 3322,Visakhapatnam,New
3323,Customer 3323,Nellore,Returning
3324,Customer 3324,Kurnool,VIP
3325,Customer 3325,Tirupati,VIP
3326,Customer 3326,Nellore,VIP
3327,Customer 3327,Ongole,New
3328,Customer 3328,Vijayawada,Returning
3329,Customer 3329,Nellore,VIP
3330,Customer 3330,Visakhapatnam,Returning
3331,Customer 3331,Anantapur,New
3332,Customer 3332,Guntur,Returning
3333,Customer 3333,Ongole,Returning
3334,Customer 3334,Rajahmundry,New
3335,Customer 3335,Visakhapatnam,Returning
3336,Customer 3336,Ongole,VIP
3337,Customer 3337,Visakhapatnam,Returning
3338,Customer 3338,Anantapur,Returning
3339,Customer 3339,Nellore,Returning
3340,Customer 3340,Visakhapatnam,Returning
3341,Customer 3341,Anantapur,New
3342,Customer 3342,Guntur,VIP
3343,Customer 3343,Ongole,New
3344,Customer 3344,Nellore,VIP
3345,Customer 3345,Anantapur,Returning
3346,Customer 3346,Visakhapatnam,New
3347,Customer 3347,Rajahmundry,VIP
3348,Customer 3348,Tirupati,Returning
3349,Customer 3349,Visakhapatnam,Returning
3350,Customer 3350,Rajahmundry,VIP
3351,Customer 3351,Nellore,New
3352,Customer 3352,Kurnool,Returning
3353,Customer 3353,Tirupati,VIP
3354,Customer 3354,Vijayawada,Returning
3355,Customer 3355,Guntur,New
3356,Customer 3356,Kakinada,New
3357,Customer 3357,Nellore,New
3358,Customer 3358,Nellore,New
3359,Customer 3359,Ongole,New
3360,Customer 3360,Tirupati,New
3361,Customer 3361,Guntur,New
3362,Customer 3362,Tirupati,Returning
3363,Customer 3363,Tirupati,New
3364,Customer 3364,Guntur,New
3365,Customer 3365,Nellore,Returning
3366,Customer 3366,Kurnool,New
3367,Customer 3367,Kakinada,VIP
3368,Customer 3368,Tirupati,New
3369,Customer 3369,Rajahmundry,Returning
3370,Customer 3370,Ongole,VIP
3371,Customer 3371,Guntur,VIP
3372,Customer 3372,Ongole,Returning
3373,Customer 3373,Anantapur,New
3374,Customer 3374,Kurnool,New
3375,Customer 3375,Nellore,VIP
3376,Customer 3376,Visakhapatnam,VIP
3377,Customer 3377,Vijayawada,New
3378,Customer 3378,Vijayawada,New
3379,Customer 3379,Guntur,New
3380,Customer 3380,Kurnool,New
3381,Customer 3381,Visakhapatnam,Returning
3382,Customer 3382,Visakhapatnam,VIP
3383,Customer 3383,Anantapur,Returning
3384,Customer 3384,Anantapur,Returning
3385,Customer 3385,Ongole,New
3386,Customer 3386,Ongole,New
3387,Customer 3387,Anantapur,VIP
3388,Customer 3388,Tirupati,New
3389,Customer 3389,Ongole,New
3390,Customer 3390,Rajahmundry,Returning
3391,Customer 3391,Tirupati,New
3392,Customer 3392,Guntur,VIP
3393,Customer 3393,Kurnool,New
3394,Customer 3394,Rajahmundry,Returning
3395,Customer 3395,Tirupati,New
3396,Customer 3396,Kurnool,VIP
3397,Customer 3397,Tirupati,Returning
3398,Customer 3398,Kakinada,New
3399,Customer 3399,Kurnool,VIP
3400,Customer 3400,Visakhapatnam,New
3401,Customer 3401,Tirupati,VIP
3402,Customer 3402,Kakinada,Returning
3403,Customer 3403,Kakinada,Returning
3404,Customer 3404,Rajahmundry,New
3405,Customer 3405,Kurnool,VIP
3406,Customer 3406,Kurnool,Returning
3407,Customer 3407,Guntur,New
3408,Customer 3408,Visakhapatnam,Returning
3409,Customer 3409,Tirupati,New
3410,Customer 3410,Kurnool,Returning
3411,Customer 3411,Anantapur,New
3412,Customer 3412,Ongole,New
3413,Customer 3413,Nellore,Returning
3414,Customer 3414,Nellore,New
3415,Customer 3415,Ongole,VIP
3416,Customer 3416,Tirupati,Returning
3417,Customer 3417,Kakinada,VIP
3418,Customer 3418,Tirupati,VIP
3419,Customer 3419,Rajahmundry,New
3420,Customer 3420,Anantapur,Returning
3421,Customer 3421,Rajahmundry,New
3422,Customer 3422,Visakhapatnam,Returning
3423,Customer 3423,Tirupati,New
3424,Customer 3424,Anantapur,VIP
3425,Customer 3425,Visakhapatnam,New
3426,Customer 3426,Nellore,VIP
3427,Customer 3427,Anantapur,VIP
3428,Customer 3428,Tirupati,New
3429,Customer 3429,Anantapur,New
3430,Customer 3430,Ongole,Returning
3431,Customer 3431,Ongole,Returning
3432,Customer 3432,Kurnool,Returning
3433,Customer 3433,Guntur,VIP
3434,Customer 3434,Anantapur,Returning
3435,Customer 3435,Kakinada,VIP
3436,Customer 3436,Nellore,New
3437,Customer 3437,Ongole,New
3438,Customer 3438,Ongole,New
3439,Customer 3439,Visakhapatnam,New
3440,Customer 3440,Guntur,VIP
3441,Customer 3441,Visakhapatnam,Returning
3442,Customer 3442,Vijayawada,New
3443,Customer 3443,Rajahmundry,New
3444,Customer 3444,Kurnool,VIP
3445,Customer 3445,Ongole,New
3446,Customer 3446,Anantapur,Returning
3447,Customer 3447,Kurnool,Returning
3448,Customer 3448,Rajahmundry,VIP
3449,Customer 3449,Ongole,VIP
3450,Customer 3450,Visakhapatnam,VIP
3451,Customer 3451,Vijayawada,New
3452,Customer 3452,Nellore,New
3453,Customer 3453,Ongole,New
3454,Customer 3454,Tirupati,Returning
3455,Customer 3455,Guntur,New
3456,Customer 3456,Rajahmundry,Returning
3457,Customer 3457,Kurnool,VIP
3458,Customer 3458,Ongole,VIP
3459,Customer 3459,Tirupati,VIP
3460,Customer 3460,Guntur,VIP
3461,Customer 3461,Ongole,Returning
3462,Customer 3462,Anantapur,VIP
3463,Customer 3463,Tirupati,New
3464,Customer 3464,Rajahmundry,New
3465,Customer 3465,Guntur,VIP
3466,Customer 3466,Tirupati,Returning
3467,Customer 3467,Rajahmundry,New
3468,Customer 3468,Nellore,VIP
3469,Customer 3469,Kurnool,VIP
3470,Customer 3470,Ongole,Returning
3471,Customer 3471,Visakhapatnam,New
3472,Customer 3472,Tirupati,New
3473,Customer 3473,Vijayawada,VIP
3474,Customer 3474,Kurnool,VIP
3475,Customer 3475,Guntur,Returning
3476,Customer 3476,Guntur,Returning
3477,Customer 3477,Visakhapatnam,VIP
3478,Customer 3478,Ongole,New
3479,Customer 3479,Visakhapatnam,New
3480,Customer 3480,Kakinada,Returning
3481,Customer 3481,Guntur,New
3482,Customer 3482,Tirupati,Returning
3483,Customer 3483,Tirupati,Returning
3484,Customer 3484,Ongole,New
3485,Customer 3485,Tirupati,New
3486,Customer 3486,Nellore,VIP
3487,Customer 3487,Visakhapatnam,VIP
3488,Customer 3488,Tirupati,New
3489,Customer 3489,Rajahmundry,New
3490,Customer 3490,Rajahmundry,VIP
3491,Customer 3491,Visakhapatnam,New
3492,Customer 3492,Guntur,VIP
3493,Customer 3493,Kakinada,New
3494,Customer 3494,Tirupati,New
3495,Customer 3495,Ongole,New
3496,Customer 3496,Nellore,New
3497,Customer 3497,Anantapur,VIP
3498,Customer 3498,Nellore,Returning
3499,Customer 3499,Kurnool,New
3500,Customer 3500,Vijayawada,VIP
3501,Customer 3501,Nellore,New
3502,Customer 3502,Ongole,Returning
3503,Customer 3503,Nellore,VIP
3504,Customer 3504,Guntur,VIP
3505,Customer 3505,Vijayawada,New
3506,Customer 3506,Vijayawada,VIP
3507,Customer 3507,Kakinada,Returning
3508,Customer 3508,Vijayawada,Returning
3509,Customer 3509,Kurnool,Returning
3510,Customer 3510,Kurnool,Returning
3511,Customer 3511,Rajahmundry,New
3512,Customer 3512,Rajahmundry,VIP
3513,Customer 3513,Rajahmundry,VIP
3514,Customer 3514,Ongole,VIP
3515,Customer 3515,Kakinada,VIP
3516,Customer 3516,Guntur,New
3517,Customer 3517,Rajahmundry,VIP
3518,Customer 3518,Vijayawada,VIP
3519,Customer 3519,Ongole,Returning
3520,Customer 3520,Ongole,VIP
3521,Customer 3521,Guntur,New
3522,Customer 3522,Kakinada,New
3523,Customer 3523,Vijayawada,New
3524,Customer 3524,Visakhapatnam,Returning
3525,Customer 3525,Guntur,New
3526,Customer 3526,Guntur,New
3527,Customer 3527,Vijayawada,New
3528,Customer 3528,Vijayawada,Returning
3529,Customer 3529,Tirupati,New
3530,Customer 3530,Visakhapatnam,Returning
3531,Customer 3531,Guntur,Returning
3532,Customer 3532,Anantapur,New
3533,Customer 3533,Rajahmundry,Returning
3534,Customer 3534,Ongole,New
3535,Customer 3535,Guntur,Returning
3536,Customer 3536,Vijayawada,Returning
3537,Customer 3537,Nellore,Returning
3538,Customer 3538,Visakhapatnam,VIP
3539,Customer 3539,Vijayawada,New
3540,Customer 3540,Tirupati,Returning
3541,Customer 3541,Tirupati,Returning
3542,Customer 3542,Rajahmundry,Returning
3543,Customer 3543,Rajahmundry,Returning
3544,Customer 3544,Kakinada,New
3545,Customer 3545,Tirupati,VIP
3546,Customer 3546,Kurnool,VIP
3547,Customer 3547,Kurnool,New
3548,Customer 3548,Anantapur,VIP
3549,Customer 3549,Vijayawada,VIP
3550,Customer 3550,Ongole,Returning
3551,Customer 3551,Vijayawada,New
3552,Customer 3552,Nellore,VIP
3553,Customer 3553,Vijayawada,VIP
3554,Customer 3554,Ongole,VIP
3555,Customer 3555,Vijayawada,Returning
3556,Customer 3556,Tirupati,New
3557,Customer 3557,Tirupati,VIP
3558,Customer 3558,Kakinada,VIP
3559,Customer 3559,Visakhapatnam,Returning
3560,Customer 3560,Nellore,VIP
3561,Customer 3561,Nellore,Returning
3562,Customer 3562,Kurnool,VIP
3563,Customer 3563,Rajahmundry,New
3564,Customer 3564,Visakhapatnam,Returning
3565,Customer 3565,Tirupati,VIP
3566,Customer 3566,Vijayawada,New
3567,Customer 3567,Nellore,New
3568,Customer 3568,Kakinada,VIP
3569,Customer 3569,Guntur,New
3570,Customer 3570,Anantapur,VIP
3571,Customer 3571,Guntur,New
3572,Customer 3572,Anantapur,New
3573,Customer 3573,Kurnool,Returning
3574,Customer 3574,Guntur,Returning
3575,Customer 3575,Nellore,VIP
3576,Customer 3576,Kurnool,Returning
3577,Customer 3577,Tirupati,New
3578,Customer 3578,Ongole,Returning
3579,Customer 3579,Guntur,New
3580,Customer 3580,Ongole,New
3581,Customer 3581,Guntur,New
3582,Customer 3582,Vijayawada,VIP
3583,Customer 3583,Tirupati,Returning
3584,Customer 3584,Kurnool,VIP
3585,Customer 3585,Tirupati,VIP
3586,Customer 3586,Anantapur,Returning
3587,Customer 3587,Kakinada,Returning
3588,Customer 3588,Kurnool,VIP
3589,Customer 3589,Kakinada,New
3590,Customer 3590,Nellore,VIP
3591,Customer 3591,Kurnool,Returning
3592,Customer 3592,Kurnool,Returning
3593,Customer 3593,Kurnool,New
3594,Customer 3594,Anantapur,New
3595,Customer 3595,Kakinada,Returning
3596,Customer 3596,Kurnool,New
3597,Customer 3597,Vijayawada,New
3598,Customer 3598,Kurnool,Returning
3599,Customer 3599,Guntur,New
3600,Customer 3600,Rajahmundry,New
3601,Customer 3601,Ongole,New
3602,Customer 3602,Nellore,VIP
3603,Customer 3603,Visakhapatnam,Returning
3604,Customer 3604,Kurnool,VIP
3605,Customer 3605,Tirupati,VIP
3606,Customer 3606,Visakhapatnam,Returning
3607,Customer 3607,Kakinada,New
3608,Customer 3608,Tirupati,VIP
3609,Customer 3609,Rajahmundry,VIP
3610,Customer 3610,Kakinada,VIP
3611,Customer 3611,Visakhapatnam,New
3612,Customer 3612,Kakinada,Returning
3613,Customer 3613,Guntur,VIP
3614,Customer 3614,Ongole,Returning
3615,Customer 3615,Vijayawada,VIP
3616,Customer 3616,Guntur,Returning
3617,Customer 3617,Tirupati,VIP
3618,Customer 3618,Rajahmundry,New
3619,Customer 3619,Rajahmundry,VIP
3620,Customer 3620,Nellore,VIP
3621,Customer 3621,Visakhapatnam,New
3622,Customer 3622,Kurnool,Returning
3623,Customer 3623,Kurnool,VIP
3624,Customer 3624,Vijayawada,New
3625,Customer 3625,Guntur,VIP
3626,Customer 3626,Kurnool,VIP
3627,Customer 3627,Ongole,VIP
3628,Customer 3628,Vijayawada,New
3629,Customer 3629,Tirupati,Returning
3630,Customer 3630,Guntur,VIP
3631,Customer 3631,Kakinada,Returning
3632,Customer 3632,Vijayawada,VIP
3633,Customer 3633,Kakinada,New
3634,Customer 3634,Visakhapatnam,Returning
3635,Customer 3635,Kurnool,Returning
3636,Customer 3636,Anantapur,New
3637,Customer 3637,Tirupati,New
3638,Customer 3638,Rajahmundry,Returning
3639,Customer 3639,Vijayawada,Returning
3640,Customer 3640,Visakhapatnam,New
3641,Customer 3641,Ongole,Returning
3642,Customer 3642,Guntur,Returning
3643,Customer 3643,Ongole,Returning
3644,Customer 3644,Anantapur,New
3645,Customer 3645,Kurnool,Returning
3646,Customer 3646,Tirupati,Returning
3647,Customer 3647,Kurnool,Returning
3648,Customer 3648,Anantapur,VIP
3649,Customer 3649,Vijayawada,Returning
3650,Customer 3650,Kurnool,New
3651,Customer 3651,Rajahmundry,VIP
3652,Customer 3652,Tirupati,VIP
3653,Customer 3653,Kurnool,Returning
3654,Customer 3654,Kakinada,Returning
3655,Customer 3655,Rajahmundry,New
3656,Customer 3656,Vijayawada,Returning
3657,Customer 3657,Rajahmundry,Returning
3658,Customer 3658,Kurnool,VIP
3659,Customer 3659,Tirupati,Returning
3660,Customer 3660,Nellore,VIP
3661,Customer 3661,Ongole,New
3662,Customer 3662,Vijayawada,VIP
3663,Customer 3663,Kakinada,VIP
3664,Customer 3664,Ongole,VIP
3665,Customer 3665,Guntur,Returning
3666,Customer 3666,Nellore,VIP
3667,Customer 3667,Guntur,VIP
3668,Customer 3668,Guntur,Returning
3669,Customer 3669,Nellore,Returning
3670,Customer 3670,Kakinada,VIP
3671,Customer 3671,Ongole,Returning
3672,Customer 3672,Ongole,New
3673,Customer 3673,Nellore,New
3674,Customer 3674,Vijayawada,VIP
3675,Customer 3675,Tirupati,Returning
3676,Customer 3676,Ongole,VIP
3677,Customer 3677,Visakhapatnam,Returning
3678,Customer 3678,Tirupati,New
3679,Customer 3679,Guntur,Returning
3680,Customer 3680,Kurnool,New
3681,Customer 3681,Vijayawada,Returning
3682,Customer 3682,Visakhapatnam,New
3683,Customer 3683,Tirupati,Returning
3684,Customer 3684,Visakhapatnam,New
3685,Customer 3685,Vijayawada,Returning
3686,Customer 3686,Visakhapatnam,Returning
3687,Customer 3687,Rajahmundry,New
3688,Customer 3688,Kurnool,New
3689,Customer 3689,Ongole,New
3690,Customer 3690,Guntur,VIP
3691,Customer 3691,Tirupati,Returning
3692,Customer 3692,Tirupati,VIP
3693,Customer 3693,Ongole,New
3694,Customer 3694,Kurnool,VIP
3695,Customer 3695,Visakhapatnam,VIP
3696,Customer 3696,Kakinada,Returning
3697,Customer 3697,Tirupati,Returning
3698,Customer 3698,Kakinada,Returning
3699,Customer 3699,Visakhapatnam,VIP
3700,Customer 3700,Rajahmundry,VIP
3701,Customer 3701,Vijayawada,Returning
3702,Customer 3702,Vijayawada,VIP
3703,Customer 3703,Tirupati,VIP
3704,Customer 3704,Tirupati,New
3705,Customer 3705,Rajahmundry,VIP
3706,Customer 3706,Anantapur,New
3707,Customer 3707,Anantapur,VIP
3708,Customer 3708,Nellore,New
3709,Customer 3709,Kakinada,Returning
3710,Customer 3710,Kakinada,New
3711,Customer 3711,Tirupati,Returning
3712,Customer 3712,Tirupati,VIP
3713,Customer 3713,Kurnool,Returning
3714,Customer 3714,Guntur,New
3715,Customer 3715,Guntur,Returning
3716,Customer 3716,Kakinada,VIP
3717,Customer 3717,Visakhapatnam,Returning
3718,Customer 3718,Ongole,New
3719,Customer 3719,Guntur,New
3720,Customer 3720,Vijayawada,Returning
3721,Customer 3721,Kurnool,New
3722,Customer 3722,Anantapur,Returning
3723,Customer 3723,Tirupati,New
3724,Customer 3724,Kurnool,Returning
3725,Customer 3725,Anantapur,VIP
3726,Customer 3726,Rajahmundry,VIP
3727,Customer 3727,Nellore,Returning
3728,Customer 3728,Vijayawada,VIP
3729,Customer 3729,Visakhapatnam,VIP
3730,Customer 3730,Guntur,Returning
3731,Customer 3731,Rajahmundry,New
3732,Customer 3732,Kakinada,New
3733,Customer 3733,Ongole,VIP
3734,Customer 3734,Rajahmundry,Returning
3735,Customer 3735,Nellore,Returning
3736,Customer 3736,Nellore,New
3737,Customer 3737,Visakhapatnam,Returning
3738,Customer 3738,Kurnool,Returning
3739,Customer 3739,Tirupati,VIP
3740,Customer 3740,Visakhapatnam,New
3741,Customer 3741,Rajahmundry,New
3742,Customer 3742,Visakhapatnam,New
3743,Customer 3743,Rajahmundry,New
3744,Customer 3744,Anantapur,VIP
3745,Customer 3745,Visakhapatnam,VIP
3746,Customer 3746,Anantapur,New
3747,Customer 3747,Nellore,Returning
3748,Customer 3748,Ongole,Returning
3749,Customer 3749,Kakinada,Returning
3750,Customer 3750,Visakhapatnam,VIP
3751,Customer 3751,Visakhapatnam,VIP
3752,Customer 3752,Ongole,Returning
3753,Customer 3753,Visakhapatnam,VIP
3754,Customer 3754,Tirupati,Returning
3755,Customer 3755,Visakhapatnam,VIP
3756,Customer 3756,Guntur,VIP
3757,Customer 3757,Kakinada,New
3758,Customer 3758,Rajahmundry,VIP
3759,Customer 3759,Vijayawada,Returning
3760,Customer 3760,Guntur,New
3761,Customer 3761,Kurnool,New
3762,Customer 3762,Kakinada,VIP
3763,Customer 3763,Vijayawada,Returning
3764,Customer 3764,Ongole,Returning
3765,Customer 3765,Visakhapatnam,VIP
3766,Customer 3766,Anantapur,VIP
3767,Customer 3767,Guntur,VIP
3768,Customer 3768,Nellore,Returning
3769,Customer 3769,Anantapur,VIP
3770,Customer 3770,Ongole,New
3771,Customer 3771,Tirupati,New
3772,Customer 3772,Anantapur,New
3773,Customer 3773,Ongole,Returning
3774,Customer 3774,Nellore,Returning
3775,Customer 3775,Vijayawada,VIP
3776,Customer 3776,Anantapur,Returning
3777,Customer 3777,Guntur,Returning
3778,Customer 3778,Guntur,New
3779,Customer 3779,Visakhapatnam,New
3780,Customer 3780,Nellore,New
3781,Customer 3781,Vijayawada,New
3782,Customer 3782,Nellore,New
3783,Customer 3783,Tirupati,Returning
3784,Customer 3784,Nellore,New
3785,Customer 3785,Vijayawada,VIP
3786,Customer 3786,Tirupati,New
3787,Customer 3787,Visakhapatnam,VIP
3788,Customer 3788,Nellore,VIP
3789,Customer 3789,Anantapur,New
3790,Customer 3790,Guntur,VIP
3791,Customer 3791,Tirupati,New
3792,Customer 3792,Rajahmundry,VIP
3793,Customer 3793,Kurnool,Returning
3794,Customer 3794,Guntur,VIP
3795,Customer 3795,Anantapur,VIP
3796,Customer 3796,Tirupati,New
3797,Customer 3797,Kakinada,Returning
3798,Customer 3798,Kurnool,Returning
3799,Customer 3799,Rajahmundry,Returning
3800,Customer 3800,Nellore,VIP
3801,Customer 3801,Visakhapatnam,Returning
3802,Customer 3802,Nellore,VIP
3803,Customer 3803,Kakinada,Returning
3804,Customer 3804,Guntur,VIP
3805,Customer 3805,Ongole,VIP
3806,Customer 3806,Tirupati,New
3807,Customer 3807,Nellore,VIP
3808,Customer 3808,Tirupati,VIP
3809,Customer 3809,Tirupati,New
3810,Customer 3810,Vijayawada,VIP
3811,Customer 3811,Vijayawada,New
3812,Customer 3812,Kakinada,VIP
3813,Customer 3813,Anantapur,VIP
3814,Customer 3814,Ongole,Returning
3815,Customer 3815,Rajahmundry,Returning
3816,Customer 3816,Nellore,Returning
3817,Customer 3817,Vijayawada,Returning
3818,Customer 3818,Anantapur,Returning
3819,Customer 3819,Visakhapatnam,New
3820,Customer 3820,Guntur,VIP
3821,Customer 3821,Tirupati,New
3822,Customer 3822,Anantapur,VIP
3823,Customer 3823,Guntur,New
3824,Customer 3824,Vijayawada,VIP
3825,Customer 3825,Kurnool,Returning
3826,Customer 3826,Guntur,VIP
3827,Customer 3827,Rajahmundry,Returning
3828,Customer 3828,Kakinada,New
3829,Customer 3829,Anantapur,Returning
3830,Customer 3830,Ongole,New
3831,Customer 3831,Anantapur,VIP
3832,Customer 3832,Kurnool,Returning
3833,Customer 3833,Nellore,Returning
3834,Customer 3834,Vijayawada,VIP
3835,Customer 3835,Vijayawada,Returning
3836,Customer 3836,Nellore,Returning
3837,Customer 3837,Guntur,Returning
3838,Customer 3838,Kakinada,Returning
3839,Customer 3839,Kakinada,Returning
3840,Customer 3840,Kurnool,New
3841,Customer 3841,Vijayawada,New
3842,Customer 3842,Kurnool,Returning
3843,Customer 3843,Ongole,Returning
3844,Customer 3844,Nellore,New
3845,Customer 3845,Visakhapatnam,VIP
3846,Customer 3846,Ongole,New
3847,Customer 3847,Visakhapatnam,VIP
3848,Customer 3848,Vijayawada,New
3849,Customer 3849,Kurnool,Returning
3850,Customer 3850,Ongole,New
3851,Customer 3851,Kurnool,Returning
3852,Customer 3852,Ongole,Returning
3853,Customer 3853,Tirupati,New
3854,Customer 3854,Guntur,New
3855,Customer 3855,Rajahmundry,New
3856,Customer 3856,Kakinada,Returning
3857,Customer 3857,Guntur,Returning
3858,Customer 3858,Kakinada,New
3859,Customer 3859,Nellore,Returning
3860,Customer 3860,Visakhapatnam,VIP
3861,Customer 3861,Ongole,New
3862,Customer 3862,Anantapur,VIP
3863,Customer 3863,Kakinada,Returning
3864,Customer 3864,Tirupati,New
3865,Customer 3865,Nellore,Returning
3866,Customer 3866,Kurnool,Returning
3867,Customer 3867,Guntur,VIP
3868,Customer 3868,Vijayawada,Returning
3869,Customer 3869,Tirupati,New
3870,Customer 3870,Anantapur,Returning
3871,Customer 3871,Visakhapatnam,New
3872,Customer 3872,Guntur,VIP
3873,Customer 3873,Vijayawada,VIP
3874,Customer 3874,Vijayawada,New
3875,Customer 3875,Kurnool,New
3876,Customer 3876,Ongole,Returning
3877,Customer 3877,Vijayawada,New
3878,Customer 3878,Guntur,New
3879,Customer 3879,Vijayawada,VIP
3880,Customer 3880,Kakinada,VIP
3881,Customer 3881,Rajahmundry,VIP
3882,Customer 3882,Anantapur,VIP
3883,Customer 3883,Vijayawada,VIP
3884,Customer 3884,Tirupati,Returning
3885,Customer 3885,Kakinada,New
3886,Customer 3886,Kakinada,Returning
3887,Customer 3887,Ongole,Returning
3888,Customer 3888,Nellore,New
3889,Customer 3889,Kurnool,VIP
3890,Customer 3890,Anantapur,New
3891,Customer 3891,Kurnool,VIP
3892,Customer 3892,Guntur,VIP
3893,Customer 3893,Rajahmundry,VIP
3894,Customer 3894,Nellore,Returning
3895,Customer 3895,Anantapur,New
3896,Customer 3896,Nellore,Returning
3897,Customer 3897,Kakinada,VIP
3898,Customer 3898,Visakhapatnam,VIP
3899,Customer 3899,Rajahmundry,New
3900,Customer 3900,Rajahmundry,Returning
3901,Customer 3901,Vijayawada,VIP
3902,Customer 3902,Ongole,VIP
3903,Customer 3903,Visakhapatnam,New
3904,Customer 3904,Tirupati,VIP
3905,Customer 3905,Vijayawada,Returning
3906,Customer 3906,Guntur,VIP
3907,Customer 3907,Ongole,Returning
3908,Customer 3908,Kurnool,VIP
3909,Customer 3909,Nellore,Returning
3910,Customer 3910,Kurnool,New
3911,Customer 3911,Guntur,Returning
3912,Customer 3912,Anantapur,Returning
3913,Customer 3913,Kakinada,Returning
3914,Customer 3914,Vijayawada,New
3915,Customer 3915,Visakhapatnam,VIP
3916,Customer 3916,Anantapur,New
3917,Customer 3917,Ongole,Returning
3918,Customer 3918,Ongole,Returning
3919,Customer 3919,Guntur,VIP
3920,Customer 3920,Guntur,VIP
3921,Customer 3921,Visakhapatnam,VIP
3922,Customer 3922,Visakhapatnam,Returning
3923,Customer 3923,Rajahmundry,Returning
3924,Customer 3924,Rajahmundry,Returning
3925,Customer 3925,Anantapur,New
3926,Customer 3926,Visakhapatnam,Returning
3927,Customer 3927,Guntur,Returning
3928,Customer 3928,Kakinada,VIP
3929,Customer 3929,Nellore,VIP
3930,Customer 3930,Rajahmundry,New
3931,Customer 3931,Nellore,New
3932,Customer 3932,Rajahmundry,Returning
3933,Customer 3933,Tirupati,New
3934,Customer 3934,Ongole,New
3935,Customer 3935,Anantapur,New
3936,Customer 3936,Visakhapatnam,VIP
3937,Customer 3937,Tirupati,New
3938,Customer 3938,Vijayawada,New
3939,Customer 3939,Kakinada,New
3940,Customer 3940,Tirupati,VIP
3941,Customer 3941,Rajahmundry,Returning
3942,Customer 3942,Vijayawada,VIP
3943,Customer 3943,Vijayawada,VIP
3944,Customer 3944,Anantapur,VIP
3945,Customer 3945,Vijayawada,New
3946,Customer 3946,Guntur,VIP
3947,Customer 3947,Kakinada,VIP
3948,Customer 3948,Nellore,New
3949,Customer 3949,Tirupati,VIP
3950,Customer 3950,Guntur,New
3951,Customer 3951,Visakhapatnam,VIP
3952,Customer 3952,Tirupati,New
3953,Customer 3953,Kurnool,Returning
3954,Customer 3954,Kurnool,Returning
3955,Customer 3955,Nellore,VIP
3956,Customer 3956,Ongole,New
3957,Customer 3957,Nellore,VIP
3958,Customer 3958,Tirupati,New
3959,Customer 3959,Vijayawada,New
3960,Customer 3960,Ongole,New
3961,Customer 3961,Kurnool,New
3962,Customer 3962,Ongole,New
3963,Customer 3963,Tirupati,VIP
3964,Customer 3964,Vijayawada,Returning
3965,Customer 3965,Guntur,Returning
3966,Customer 3966,Vijayawada,VIP
3967,Customer 3967,Guntur,New
3968,Customer 3968,Vijayawada,VIP
3969,Customer 3969,Ongole,Returning
3970,Customer 3970,Vijayawada,VIP
3971,Customer 3971,Rajahmundry,Returning
3972,Customer 3972,Vijayawada,Returning
3973,Customer 3973,Nellore,Returning
3974,Customer 3974,Vijayawada,Returning
3975,Customer 3975,Visakhapatnam,Returning
3976,Customer 3976,Guntur,New
3977,Customer 3977,Rajahmundry,New
3978,Customer 3978,Rajahmundry,New
3979,Customer 3979,Anantapur,VIP
3980,Customer 3980,Nellore,New
3981,Customer 3981,Vijayawada,New
3982,Customer 3982,Kurnool,VIP
3983,Customer 3983,Kakinada,VIP
3984,Customer 3984,Guntur,VIP
3985,Customer 3985,Rajahmundry,VIP
3986,Customer 3986,Anantapur,New
3987,Customer 3987,Guntur,New
3988,Customer 3988,Ongole,New
3989,Customer 3989,Guntur,VIP
3990,Customer 3990,Anantapur,VIP
3991,Customer 3991,Ongole,Returning
3992,Customer 3992,Kurnool,Returning
3993,Customer 3993,Vijayawada,New
3994,Customer 3994,Visakhapatnam,New
3995,Customer 3995,Anantapur,Returning
3996,Customer 3996,Tirupati,New
3997,Customer 3997,Anantapur,Returning
3998,Customer 3998,Vijayawada,Returning
3999,Customer 3999,Visakhapatnam,VIP
4000,Customer 4000,Visakhapatnam,VIP
4001,Customer 4001,Tirupati,VIP
4002,Customer 4002,Kurnool,Returning
4003,Customer 4003,Ongole,Returning
4004,Customer 4004,Anantapur,New
4005,Customer 4005,Kurnool,VIP
4006,Customer 4006,Kurnool,New
4007,Customer 4007,Kurnool,Returning
4008,Customer 4008,Guntur,New
4009,Customer 4009,Anantapur,VIP
4010,Customer 4010,Nellore,Returning
4011,Customer 4011,Rajahmundry,VIP
4012,Customer 4012,Kurnool,VIP
4013,Customer 4013,Anantapur,Returning
4014,Customer 4014,Rajahmundry,VIP
4015,Customer 4015,Nellore,New
4016,Customer 4016,Guntur,Returning
4017,Customer 4017,Kurnool,Returning
4018,Customer 4018,Anantapur,New
4019,Customer 4019,Kakinada,New
4020,Customer 4020,Vijayawada,VIP
4021,Customer 4021,Kurnool,Returning
4022,Customer 4022,Nellore,Returning
4023,Customer 4023,Nellore,Returning
4024,Customer 4024,Visakhapatnam,Returning
4025,Customer 4025,Guntur,New
4026,Customer 4026,Kurnool,Returning
4027,Customer 4027,Vijayawada,Returning
4028,Customer 4028,Vijayawada,New
4029,Customer 4029,Visakhapatnam,New
4030,Customer 4030,Ongole,Returning
4031,Customer 4031,Ongole,Returning
4032,Customer 4032,Visakhapatnam,Returning
4033,Customer 4033,Kakinada,New
4034,Customer 4034,Kakinada,Returning
4035,Customer 4035,Tirupati,Returning
4036,Customer 4036,Nellore,New
4037,Customer 4037,Tirupati,VIP
4038,Customer 4038,Guntur,Returning
4039,Customer 4039,Anantapur,VIP
4040,Customer 4040,Ongole,VIP
4041,Customer 4041,Anantapur,VIP
4042,Customer 4042,Kakinada,New
4043,Customer 4043,Kurnool,New
4044,Customer 4044,Tirupati,New
4045,Customer 4045,Kakinada,New
4046,Customer 4046,Rajahmundry,New
4047,Customer 4047,Kakinada,New
4048,Customer 4048,Kurnool,Returning
4049,Customer 4049,Anantapur,VIP
4050,Customer 4050,Anantapur,New
4051,Customer 4051,Anantapur,VIP
4052,Customer 4052,Ongole,New
4053,Customer 4053,Visakhapatnam,VIP
4054,Customer 4054,Ongole,VIP
4055,Customer 4055,Guntur,VIP
4056,Customer 4056,Anantapur,Returning
4057,Customer 4057,Kurnool,New
4058,Customer 4058,Guntur,Returning
4059,Customer 4059,Visakhapatnam,Returning
4060,Customer 4060,Vijayawada,Returning
4061,Customer 4061,Vijayawada,New
4062,Customer 4062,Visakhapatnam,VIP
4063,Customer 4063,Ongole,Returning
4064,Customer 4064,Ongole,Returning
4065,Customer 4065,Vijayawada,VIP
4066,Customer 4066,Guntur,New
4067,Customer 4067,Vijayawada,Returning
4068,Customer 4068,Anantapur,New
4069,Customer 4069,Vijayawada,Returning
4070,Customer 4070,Tirupati,New
4071,Customer 4071,Nellore,VIP
4072,Customer 4072,Visakhapatnam,VIP
4073,Customer 4073,Rajahmundry,VIP
4074,Customer 4074,Kakinada,Returning
4075,Customer 4075,Nellore,VIP
4076,Customer 4076,Tirupati,Returning
4077,Customer 4077,Tirupati,New
4078,Customer 4078,Kurnool,VIP
4079,Customer 4079,Tirupati,VIP
4080,Customer 4080,Rajahmundry,New
4081,Customer 4081,Nellore,VIP
4082,Customer 4082,Rajahmundry,New
4083,Customer 4083,Vijayawada,Returning
4084,Customer 4084,Guntur,VIP
4085,Customer 4085,Visakhapatnam,Returning
4086,Customer 4086,Anantapur,VIP
4087,Customer 4087,Ongole,VIP
4088,Customer 4088,Ongole,VIP
4089,Customer 4089,Ongole,VIP
4090,Customer 4090,Rajahmundry,Returning
4091,Customer 4091,Anantapur,VIP
4092,Customer 4092,Nellore,VIP
4093,Customer 4093,Guntur,Returning
4094,Customer 4094,Rajahmundry,New
4095,Customer 4095,Kakinada,New
4096,Customer 4096,Nellore,Returning
4097,Customer 4097,Vijayawada,Returning
4098,Customer 4098,Kurnool,VIP
4099,Customer 4099,Nellore,Returning
4100,Customer 4100,Kakinada,Returning
4101,Customer 4101,Rajahmundry,VIP
4102,Customer 4102,Ongole,New
4103,Customer 4103,Ongole,Returning
4104,Customer 4104,Nellore,Returning
4105,Customer 4105,Kurnool,Returning
4106,Customer 4106,Guntur,VIP
4107,Customer 4107,Visakhapatnam,Returning
4108,Customer 4108,Kakinada,Returning
4109,Customer 4109,Ongole,VIP
4110,Customer 4110,Anantapur,New
4111,Customer 4111,Visakhapatnam,Returning
4112,Customer 4112,Guntur,New
4113,Customer 4113,Tirupati,VIP
4114,Customer 4114,Tirupati,Returning
4115,Customer 4115,Vijayawada,New
4116,Customer 4116,Visakhapatnam,New
4117,Customer 4117,Anantapur,VIP
4118,Customer 4118,Visakhapatnam,New
4119,Customer 4119,Rajahmundry,New
4120,Customer 4120,Nellore,VIP
4121,Customer 4121,Ongole,Returning
4122,Customer 4122,Kakinada,VIP
4123,Customer 4123,Rajahmundry,VIP
4124,Customer 4124,Guntur,New
4125,Customer 4125,Kakinada,VIP
4126,Customer 4126,Rajahmundry,Returning
4127,Customer 4127,Kakinada,Returning
4128,Customer 4128,Nellore,VIP
4129,Customer 4129,Rajahmundry,Returning
4130,Customer 4130,Tirupati,New
4131,Customer 4131,Tirupati,New
4132,Customer 4132,Tirupati,New
4133,Customer 4133,Guntur,New
4134,Customer 4134,Ongole,VIP
4135,Customer 4135,Ongole,Returning
4136,Customer 4136,Visakhapatnam,VIP
4137,Customer 4137,Anantapur,VIP
4138,Customer 4138,Ongole,New
4139,Customer 4139,Kurnool,Returning
4140,Customer 4140,Tirupati,New
4141,Customer 4141,Vijayawada,VIP
4142,Customer 4142,Guntur,New
4143,Customer 4143,Ongole,New
4144,Customer 4144,Vijayawada,VIP
4145,Customer 4145,Nellore,VIP
4146,Customer 4146,Vijayawada,New
4147,Customer 4147,Kurnool,Returning
4148,Customer 4148,Anantapur,VIP
4149,Customer 4149,Visakhapatnam,Returning
4150,Customer 4150,Kakinada,Returning
4151,Customer 4151,Anantapur,New
4152,Customer 4152,Tirupati,Returning
4153,Customer 4153,Nellore,Returning
4154,Customer 4154,Visakhapatnam,VIP
4155,Customer 4155,Visakhapatnam,New
4156,Customer 4156,Rajahmundry,Returning
4157,Customer 4157,Vijayawada,New
4158,Customer 4158,Kakinada,New
4159,Customer 4159,Anantapur,Returning
4160,Customer 4160,Nellore,Returning
4161,Customer 4161,Nellore,VIP
4162,Customer 4162,Kakinada,Returning
4163,Customer 4163,Vijayawada,New
4164,Customer 4164,Visakhapatnam,New
4165,Customer 4165,Tirupati,New
4166,Customer 4166,Anantapur,Returning
4167,Customer 4167,Guntur,New
4168,Customer 4168,Kurnool,Returning
4169,Customer 4169,Ongole,New
4170,Customer 4170,Rajahmundry,Returning
4171,Customer 4171,Kakinada,Returning
4172,Customer 4172,Kakinada,New
4173,Customer 4173,Nellore,VIP
4174,Customer 4174,Visakhapatnam,Returning
4175,Customer 4175,Guntur,VIP
4176,Customer 4176,Vijayawada,Returning
4177,Customer 4177,Ongole,VIP
4178,Customer 4178,Vijayawada,VIP
4179,Customer 4179,Kurnool,Returning
4180,Customer 4180,Kakinada,VIP
4181,Customer 4181,Tirupati,Returning
4182,Customer 4182,Visakhapatnam,New
4183,Customer 4183,Ongole,VIP
4184,Customer 4184,Anantapur,VIP
4185,Customer 4185,Tirupati,New
4186,Customer 4186,Anantapur,Returning
4187,Customer 4187,Tirupati,New
4188,Customer 4188,Tirupati,New
4189,Customer 4189,Kurnool,VIP
4190,Customer 4190,Kakinada,Returning
4191,Customer 4191,Vijayawada,VIP
4192,Customer 4192,Tirupati,VIP
4193,Customer 4193,Kakinada,New
4194,Customer 4194,Nellore,Returning
4195,Customer 4195,Tirupati,New
4196,Customer 4196,Rajahmundry,VIP
4197,Customer 4197,Guntur,Returning
4198,Customer 4198,Tirupati,Returning
4199,Customer 4199,Visakhapatnam,New
4200,Customer 4200,Vijayawada,VIP
4201,Customer 4201,Kakinada,VIP
4202,Customer 4202,Visakhapatnam,New
4203,Customer 4203,Guntur,VIP
4204,Customer 4204,Kurnool,New
4205,Customer 4205,Nellore,VIP
4206,Customer 4206,Ongole,VIP
4207,Customer 4207,Nellore,VIP
4208,Customer 4208,Ongole,Returning
4209,Customer 4209,Kurnool,New
4210,Customer 4210,Vijayawada,New
4211,Customer 4211,Vijayawada,VIP
4212,Customer 4212,Anantapur,VIP
4213,Customer 4213,Kakinada,Returning
4214,Customer 4214,Nellore,New
4215,Customer 4215,Visakhapatnam,Returning
4216,Customer 4216,Ongole,New
4217,Customer 4217,Kakinada,Returning
4218,Customer 4218,Kurnool,VIP
4219,Customer 4219,Guntur,New
4220,Customer 4220,Tirupati,VIP
4221,Customer 4221,Tirupati,VIP
4222,Customer 4222,Anantapur,VIP
4223,Customer 4223,Ongole,New
4224,Customer 4224,Ongole,Returning
4225,Customer 4225,Nellore,VIP
4226,Customer 4226,Kakinada,VIP
4227,Customer 4227,Kurnool,VIP
4228,Customer 4228,Anantapur,New
4229,Customer 4229,Kurnool,VIP
4230,Customer 4230,Guntur,New
4231,Customer 4231,Vijayawada,Returning
4232,Customer 4232,Guntur,VIP
4233,Customer 4233,Rajahmundry,VIP
4234,Customer 4234,Kurnool,Returning
4235,Customer 4235,Guntur,Returning
4236,Customer 4236,Anantapur,Returning
4237,Customer 4237,Kurnool,VIP
4238,Customer 4238,Vijayawada,VIP
4239,Customer 4239,Rajahmundry,VIP
4240,Customer 4240,Rajahmundry,Returning
4241,Customer 4241,Ongole,VIP
4242,Customer 4242,Kurnool,VIP
4243,Customer 4243,Nellore,New
4244,Customer 4244,Ongole,VIP
4245,Customer 4245,Guntur,New
4246,Customer 4246,Ongole,Returning
4247,Customer 4247,Tirupati,New
4248,Customer 4248,Nellore,New
4249,Customer 4249,Tirupati,VIP
4250,Customer 4250,Kurnool,Returning
4251,Customer 4251,Visakhapatnam,New
4252,Customer 4252,Nellore,Returning
4253,Customer 4253,Ongole,Returning
4254,Customer 4254,Visakhapatnam,Returning
4255,Customer 4255,Vijayawada,VIP
4256,Customer 4256,Rajahmundry,VIP
4257,Customer 4257,Visakhapatnam,VIP
4258,Customer 4258,Anantapur,New
4259,Customer 4259,Rajahmundry,Returning
4260,Customer 4260,Guntur,Returning
4261,Customer 4261,Kurnool,New
4262,Customer 4262,Kakinada,Returning
4263,Customer 4263,Vijayawada,VIP
4264,Customer 4264,Kurnool,Returning
4265,Customer 4265,Vijayawada,Returning
4266,Customer 4266,Guntur,New
4267,Customer 4267,Visakhapatnam,VIP
4268,Customer 4268,Ongole,VIP
4269,Customer 4269,Visakhapatnam,Returning
4270,Customer 4270,Kurnool,New
4271,Customer 4271,Rajahmundry,VIP
4272,Customer 4272,Tirupati,VIP
4273,Customer 4273,Rajahmundry,VIP
4274,Customer 4274,Anantapur,VIP
4275,Customer 4275,Anantapur,New
4276,Customer 4276,Anantapur,VIP
4277,Customer 4277,Kurnool,VIP
4278,Customer 4278,Nellore,New
4279,Customer 4279,Visakhapatnam,New
4280,Customer 4280,Tirupati,Returning
4281,Customer 4281,Anantapur,New
4282,Customer 4282,Visakhapatnam,New
4283,Customer 4283,Ongole,New
4284,Customer 4284,Nellore,New
4285,Customer 4285,Kakinada,Returning
4286,Customer 4286,Visakhapatnam,New
4287,Customer 4287,Rajahmundry,New
4288,Customer 4288,Rajahmundry,Returning
4289,Customer 4289,Anantapur,Returning
4290,Customer 4290,Ongole,VIP
4291,Customer 4291,Anantapur,New
4292,Customer 4292,Nellore,VIP
4293,Customer 4293,Guntur,Returning
4294,Customer 4294,Anantapur,VIP
4295,Customer 4295,Anantapur,New
4296,Customer 4296,Tirupati,Returning
4297,Customer 4297,Rajahmundry,New
4298,Customer 4298,Anantapur,New
4299,Customer 4299,Ongole,New
4300,Customer 4300,Ongole,New
4301,Customer 4301,Nellore,VIP
4302,Customer 4302,Ongole,VIP
4303,Customer 4303,Ongole,Returning
4304,Customer 4304,Guntur,Returning
4305,Customer 4305,Rajahmundry,VIP
4306,Customer 4306,Kakinada,Returning
4307,Customer 4307,Guntur,New
4308,Customer 4308,Anantapur,Returning
4309,Customer 4309,Visakhapatnam,VIP
4310,Customer 4310,Kakinada,New
4311,Customer 4311,Kurnool,New
4312,Customer 4312,Tirupati,New
4313,Customer 4313,Nellore,Returning
4314,Customer 4314,Ongole,VIP
4315,Customer 4315,Ongole,VIP
4316,Customer 4316,Anantapur,VIP
4317,Customer 4317,Vijayawada,New
4318,Customer 4318,Ongole,VIP
4319,Customer 4319,Vijayawada,VIP
4320,Customer 4320,Kakinada,Returning
4321,Customer 4321,Kurnool,Returning
4322,Customer 4322,Kurnool,Returning
4323,Customer 4323,Anantapur,New
4324,Customer 4324,Visakhapatnam,Returning
4325,Customer 4325,Nellore,VIP
4326,Customer 4326,Kurnool,New
4327,Customer 4327,Vijayawada,Returning
4328,Customer 4328,Visakhapatnam,Returning
4329,Customer 4329,Vijayawada,New
4330,Customer 4330,Rajahmundry,Returning
4331,Customer 4331,Visakhapatnam,New
4332,Customer 4332,Guntur,VIP
4333,Customer 4333,Kurnool,VIP
4334,Customer 4334,Guntur,Returning
4335,Customer 4335,Tirupati,VIP
4336,Customer 4336,Nellore,VIP
4337,Customer 4337,Nellore,Returning
4338,Customer 4338,Rajahmundry,VIP
4339,Customer 4339,Rajahmundry,VIP
4340,Customer 4340,Visakhapatnam,New
4341,Customer 4341,Guntur,Returning
4342,Customer 4342,Guntur,New
4343,Customer 4343,Vijayawada,Returning
4344,Customer 4344,Rajahmundry,Returning
4345,Customer 4345,Vijayawada,Returning
4346,Customer 4346,Kurnool,New
4347,Customer 4347,Kakinada,New
4348,Customer 4348,Kakinada,New
4349,Customer 4349,Anantapur,Returning
4350,Customer 4350,Nellore,New
4351,Customer 4351,Ongole,New
4352,Customer 4352,Kakinada,Returning
4353,Customer 4353,Anantapur,Returning
4354,Customer 4354,Visakhapatnam,Returning
4355,Customer 4355,Tirupati,New
4356,Customer 4356,Kakinada,New
4357,Customer 4357,Kurnool,New
4358,Customer 4358,Kurnool,New
4359,Customer 4359,Ongole,Returning
4360,Customer 4360,Kakinada,VIP
4361,Customer 4361,Kakinada,New
4362,Customer 4362,Kakinada,New
4363,Customer 4363,Rajahmundry,VIP
4364,Customer 4364,Nellore,VIP
4365,Customer 4365,Kurnool,New
4366,Customer 4366,Vijayawada,VIP
4367,Customer 4367,Tirupati,VIP
4368,Customer 4368,Ongole,New
4369,Customer 4369,Anantapur,Returning
4370,Customer 4370,Rajahmundry,Returning
4371,Customer 4371,Tirupati,New
4372,Customer 4372,Vijayawada,Returning
4373,Customer 4373,Tirupati,Returning
4374,Customer 4374,Guntur,Returning
4375,Customer 4375,Guntur,New
4376,Customer 4376,Vijayawada,VIP
4377,Customer 4377,Kurnool,Returning
4378,Customer 4378,Nellore,New
4379,Customer 4379,Nellore,Returning
4380,Customer 4380,Kakinada,New
4381,Customer 4381,Tirupati,New
4382,Customer 4382,Rajahmundry,New
4383,Customer 4383,Kurnool,Returning
4384,Customer 4384,Kurnool,Returning
4385,Customer 4385,Rajahmundry,New
4386,Customer 4386,Anantapur,Returning
4387,Customer 4387,Tirupati,Returning
4388,Customer 4388,Guntur,New
4389,Customer 4389,Rajahmundry,Returning
4390,Customer 4390,Tirupati,VIP
4391,Customer 4391,Rajahmundry,VIP
4392,Customer 4392,Kurnool,Returning
4393,Customer 4393,Visakhapatnam,Returning
4394,Customer 4394,Vijayawada,New
4395,Customer 4395,Guntur,New
4396,Customer 4396,Rajahmundry,Returning
4397,Customer 4397,Vijayawada,Returning
4398,Customer 4398,Kakinada,VIP
4399,Customer 4399,Nellore,VIP
4400,Customer 4400,Rajahmundry,New
4401,Customer 4401,Nellore,VIP
4402,Customer 4402,Kurnool,Returning
4403,Customer 4403,Nellore,Returning
4404,Customer 4404,Ongole,VIP
4405,Customer 4405,Tirupati,New
4406,Customer 4406,Rajahmundry,VIP
4407,Customer 4407,Vijayawada,Returning
4408,Customer 4408,Rajahmundry,VIP
4409,Customer 4409,Vijayawada,Returning
4410,Customer 4410,Kakinada,New
4411,Customer 4411,Anantapur,New
4412,Customer 4412,Kurnool,Returning
4413,Customer 4413,Vijayawada,VIP
4414,Customer 4414,Rajahmundry,Returning
4415,Customer 4415,Tirupati,Returning
4416,Customer 4416,Anantapur,Returning
4417,Customer 4417,Guntur,New
4418,Customer 4418,Guntur,New
4419,Customer 4419,Kakinada,New
4420,Customer 4420,Vijayawada,VIP
4421,Customer 4421,Kurnool,New
4422,Customer 4422,Kurnool,VIP
4423,Customer 4423,Nellore,Returning
4424,Customer 4424,Anantapur,New
4425,Customer 4425,Visakhapatnam,VIP
4426,Customer 4426,Guntur,New
4427,Customer 4427,Tirupati,VIP
4428,Customer 4428,Nellore,New
4429,Customer 4429,Visakhapatnam,Returning
4430,Customer 4430,Tirupati,Returning
4431,Customer 4431,Guntur,VIP
4432,Customer 4432,Kakinada,Returning
4433,Customer 4433,Ongole,VIP
4434,Customer 4434,Visakhapatnam,Returning
4435,Customer 4435,Nellore,Returning
4436,Customer 4436,Kurnool,VIP
4437,Customer 4437,Kurnool,New
4438,Customer 4438,Ongole,Returning
4439,Customer 4439,Vijayawada,VIP
4440,Customer 4440,Kakinada,VIP
4441,Customer 4441,Anantapur,VIP
4442,Customer 4442,Kurnool,VIP
4443,Customer 4443,Tirupati,Returning
4444,Customer 4444,Tirupati,Returning
4445,Customer 4445,Visakhapatnam,VIP
4446,Customer 4446,Ongole,New
4447,Customer 4447,Nellore,VIP
4448,Customer 4448,Nellore,New
4449,Customer 4449,Nellore,New
4450,Customer 4450,Kakinada,VIP
4451,Customer 4451,Kurnool,Returning
4452,Customer 4452,Vijayawada,VIP
4453,Customer 4453,Anantapur,VIP
4454,Customer 4454,Nellore,VIP
4455,Customer 4455,Anantapur,New
4456,Customer 4456,Vijayawada,Returning
4457,Customer 4457,Kurnool,New
4458,Customer 4458,Anantapur,New
4459,Customer 4459,Tirupati,VIP
4460,Customer 4460,Guntur,Returning
4461,Customer 4461,Guntur,New
4462,Customer 4462,Vijayawada,VIP
4463,Customer 4463,Tirupati,Returning
4464,Customer 4464,Guntur,VIP
4465,Customer 4465,Rajahmundry,New
4466,Customer 4466,Visakhapatnam,Returning
4467,Customer 4467,Kakinada,Returning
4468,Customer 4468,Tirupati,VIP
4469,Customer 4469,Guntur,Returning
4470,Customer 4470,Anantapur,VIP
4471,Customer 4471,Visakhapatnam,Returning
4472,Customer 4472,Guntur,New
4473,Customer 4473,Kurnool,VIP
4474,Customer 4474,Tirupati,Returning
4475,Customer 4475,Vijayawada,New
4476,Customer 4476,Ongole,VIP
4477,Customer 4477,Kakinada,Returning
4478,Customer 4478,Rajahmundry,New
4479,Customer 4479,Anantapur,Returning
4480,Customer 4480,Kakinada,VIP
4481,Customer 4481,Tirupati,New
4482,Customer 4482,Tirupati,Returning
4483,Customer 4483,Guntur,VIP
4484,Customer 4484,Guntur,VIP
4485,Customer 4485,Kakinada,New
4486,Customer 4486,Visakhapatnam,VIP
4487,Customer 4487,Guntur,Returning
4488,Customer 4488,Anantapur,Returning
4489,Customer 4489,Kurnool,VIP
4490,Customer 4490,Kurnool,New
4491,Customer 4491,Tirupati,New
4492,Customer 4492,Visakhapatnam,New
4493,Customer 4493,Kakinada,New
4494,Customer 4494,Nellore,VIP
4495,Customer 4495,Anantapur,Returning
4496,Customer 4496,Kurnool,Returning
4497,Customer 4497,Nellore,Returning
4498,Customer 4498,Visakhapatnam,Returning
4499,Customer 4499,Visakhapatnam,Returning
4500,Customer 4500,Nellore,VIP
4501,Customer 4501,Visakhapatnam,VIP
4502,Customer 4502,Tirupati,VIP
4503,Customer 4503,Visakhapatnam,VIP
4504,Customer 4504,Kakinada,VIP
4505,Customer 4505,Guntur,VIP
4506,Customer 4506,Nellore,Returning
4507,Customer 4507,Vijayawada,New
4508,Customer 4508,Ongole,Returning
4509,Customer 4509,Ongole,VIP
4510,Customer 4510,Kurnool,Returning
4511,Customer 4511,Nellore,New
4512,Customer 4512,Kurnool,VIP
4513,Customer 4513,Guntur,New
4514,Customer 4514,Tirupati,Returning
4515,Customer 4515,Kurnool,VIP
4516,Customer 4516,Anantapur,New
4517,Customer 4517,Guntur,Returning
4518,Customer 4518,Vijayawada,VIP
4519,Customer 4519,Vijayawada,Returning
4520,Customer 4520,Kurnool,Returning
4521,Customer 4521,Kurnool,Returning
4522,Customer 4522,Anantapur,Returning
4523,Customer 4523,Ongole,New
4524,Customer 4524,Tirupati,Returning
4525,Customer 4525,Kurnool,New
4526,Customer 4526,Anantapur,Returning
4527,Customer 4527,Kakinada,VIP
4528,Customer 4528,Tirupati,Returning
4529,Customer 4529,Tirupati,New
4530,Customer 4530,Nellore,Returning
4531,Customer 4531,Kakinada,Returning
4532,Customer 4532,Kurnool,Returning
4533,Customer 4533,Rajahmundry,VIP
4534,Customer 4534,Vijayawada,VIP
4535,Customer 4535,Nellore,VIP
4536,Customer 4536,Ongole,VIP
4537,Customer 4537,Guntur,VIP
4538,Customer 4538,Tirupati,VIP
4539,Customer 4539,Anantapur,VIP
4540,Customer 4540,Visakhapatnam,Returning
4541,Customer 4541,Vijayawada,New
4542,Customer 4542,Vijayawada,Returning
4543,Customer 4543,Nellore,New
4544,Customer 4544,Visakhapatnam,VIP
4545,Customer 4545,Visakhapatnam,VIP
4546,Customer 4546,Vijayawada,New
4547,Customer 4547,Anantapur,VIP
4548,Customer 4548,Anantapur,Returning
4549,Customer 4549,Rajahmundry,VIP
4550,Customer 4550,Kakinada,VIP
4551,Customer 4551,Ongole,VIP
4552,Customer 4552,Vijayawada,Returning
4553,Customer 4553,Vijayawada,New
4554,Customer 4554,Tirupati,VIP
4555,Customer 4555,Guntur,New
4556,Customer 4556,Visakhapatnam,New
4557,Customer 4557,Vijayawada,Returning
4558,Customer 4558,Vijayawada,VIP
4559,Customer 4559,Guntur,VIP
4560,Customer 4560,Guntur,Returning
4561,Customer 4561,Kurnool,New
4562,Customer 4562,Visakhapatnam,VIP
4563,Customer 4563,Guntur,Returning
4564,Customer 4564,Visakhapatnam,New
4565,Customer 4565,Nellore,VIP
4566,Customer 4566,Nellore,VIP
4567,Customer 4567,Kurnool,Returning
4568,Customer 4568,Tirupati,New
4569,Customer 4569,Ongole,New
4570,Customer 4570,Kakinada,New
4571,Customer 4571,Anantapur,New
4572,Customer 4572,Guntur,New
4573,Customer 4573,Visakhapatnam,VIP
4574,Customer 4574,Nellore,New
4575,Customer 4575,Rajahmundry,VIP
4576,Customer 4576,Anantapur,New
4577,Customer 4577,Nellore,New
4578,Customer 4578,Guntur,Returning
4579,Customer 4579,Nellore,New
4580,Customer 4580,Visakhapatnam,VIP
4581,Customer 4581,Ongole,Returning
4582,Customer 4582,Ongole,Returning
4583,Customer 4583,Kakinada,Returning
4584,Customer 4584,Vijayawada,VIP
4585,Customer 4585,Kakinada,New
4586,Customer 4586,Rajahmundry,VIP
4587,Customer 4587,Visakhapatnam,New
4588,Customer 4588,Ongole,Returning
4589,Customer 4589,Visakhapatnam,VIP
4590,Customer 4590,Rajahmundry,Returning
4591,Customer 4591,Anantapur,New
4592,Customer 4592,Anantapur,VIP
4593,Customer 4593,Vijayawada,Returning
4594,Customer 4594,Anantapur,Returning
4595,Customer 4595,Nellore,VIP
4596,Customer 4596,Nellore,Returning
4597,Customer 4597,Anantapur,Returning
4598,Customer 4598,Nellore,Returning
4599,Customer 4599,Kurnool,Returning
4600,Customer 4600,Nellore,New
4601,Customer 4601,Guntur,Returning
4602,Customer 4602,Visakhapatnam,VIP
4603,Customer 4603,Ongole,New
4604,Customer 4604,Tirupati,New
4605,Customer 4605,Rajahmundry,VIP
4606,Customer 4606,Vijayawada,New
4607,Customer 4607,Kurnool,New
4608,Customer 4608,Kakinada,New
4609,Customer 4609,Ongole,New
4610,Customer 4610,Anantapur,Returning
4611,Customer 4611,Kurnool,VIP
4612,Customer 4612,Ongole,Returning
4613,Customer 4613,Ongole,VIP
4614,Customer 4614,Anantapur,VIP
4615,Customer 4615,Anantapur,New
4616,Customer 4616,Guntur,Returning
4617,Customer 4617,Guntur,VIP
4618,Customer 4618,Tirupati,VIP
4619,Customer 4619,Anantapur,VIP
4620,Customer 4620,Kakinada,New
4621,Customer 4621,Kurnool,New
4622,Customer 4622,Nellore,VIP
4623,Customer 4623,Visakhapatnam,Returning
4624,Customer 4624,Guntur,Returning
4625,Customer 4625,Tirupati,Returning
4626,Customer 4626,Visakhapatnam,VIP
4627,Customer 4627,Rajahmundry,Returning
4628,Customer 4628,Guntur,Returning
4629,Customer 4629,Visakhapatnam,Returning
4630,Customer 4630,Tirupati,Returning
4631,Customer 4631,Guntur,VIP
4632,Customer 4632,Kurnool,Returning
4633,Customer 4633,Tirupati,New
4634,Customer 4634,Vijayawada,VIP
4635,Customer 4635,Visakhapatnam,New
4636,Customer 4636,Ongole,Returning
4637,Customer 4637,Anantapur,New
4638,Customer 4638,Visakhapatnam,Returning
4639,Customer 4639,Tirupati,New
4640,Customer 4640,Kakinada,New
4641,Customer 4641,Vijayawada,Returning
4642,Customer 4642,Vijayawada,VIP
4643,Customer 4643,Nellore,Returning
4644,Customer 4644,Anantapur,Returning
4645,Customer 4645,Tirupati,Returning
4646,Customer 4646,Ongole,New
4647,Customer 4647,Visakhapatnam,VIP
4648,Customer 4648,Kakinada,New
4649,Customer 4649,Anantapur,VIP
4650,Customer 4650,Tirupati,Returning
4651,Customer 4651,Kakinada,VIP
4652,Customer 4652,Ongole,VIP
4653,Customer 4653,Nellore,VIP
4654,Customer 4654,Visakhapatnam,New
4655,Customer 4655,Vijayawada,VIP
4656,Customer 4656,Vijayawada,VIP
4657,Customer 4657,Rajahmundry,New
4658,Customer 4658,Kurnool,New
4659,Customer 4659,Ongole,Returning
4660,Customer 4660,Ongole,New
4661,Customer 4661,Visakhapatnam,New
4662,Customer 4662,Rajahmundry,Returning
4663,Customer 4663,Tirupati,New
4664,Customer 4664,Nellore,VIP
4665,Customer 4665,Visakhapatnam,New
4666,Customer 4666,Kakinada,New
4667,Customer 4667,Ongole,VIP
4668,Customer 4668,Tirupati,Returning
4669,Customer 4669,Visakhapatnam,New
4670,Customer 4670,Guntur,Returning
4671,Customer 4671,Guntur,VIP
4672,Customer 4672,Anantapur,VIP
4673,Customer 4673,Kakinada,Returning
4674,Customer 4674,Nellore,VIP
4675,Customer 4675,Kurnool,New
4676,Customer 4676,Vijayawada,Returning
4677,Customer 4677,Anantapur,Returning
4678,Customer 4678,Visakhapatnam,New
4679,Customer 4679,Kakinada,New
4680,Customer 4680,Guntur,New
4681,Customer 4681,Kakinada,Returning
4682,Customer 4682,Anantapur,VIP
4683,Customer 4683,Guntur,Returning
4684,Customer 4684,Ongole,New
4685,Customer 4685,Kakinada,Returning
4686,Customer 4686,Anantapur,VIP
4687,Customer 4687,Guntur,Returning
4688,Customer 4688,Tirupati,New
4689,Customer 4689,Tirupati,Returning
4690,Customer 4690,Anantapur,New
4691,Customer 4691,Nellore,Returning
4692,Customer 4692,Anantapur,New
4693,Customer 4693,Ongole,Returning
4694,Customer 4694,Kurnool,New
4695,Customer 4695,Anantapur,New
4696,Customer 4696,Kakinada,VIP
4697,Customer 4697,Nellore,New
4698,Customer 4698,Ongole,Returning
4699,Customer 4699,Anantapur,New
4700,Customer 4700,Nellore,VIP
4701,Customer 4701,Kurnool,VIP
4702,Customer 4702,Rajahmundry,New
4703,Customer 4703,Kakinada,Returning
4704,Customer 4704,Ongole,VIP
4705,Customer 4705,Vijayawada,New
4706,Customer 4706,Ongole,VIP
4707,Customer 4707,Anantapur,New
4708,Customer 4708,Visakhapatnam,VIP
4709,Customer 4709,Vijayawada,Returning
4710,Customer 4710,Tirupati,New
4711,Customer 4711,Visakhapatnam,VIP
4712,Customer 4712,Kurnool,Returning
4713,Customer 4713,Visakhapatnam,New
4714,Customer 4714,Ongole,New
4715,Customer 4715,Guntur,VIP
4716,Customer 4716,Vijayawada,VIP
4717,Customer 4717,Vijayawada,New
4718,Customer 4718,Tirupati,New
4719,Customer 4719,Tirupati,Returning
4720,Customer 4720,Ongole,VIP
4721,Customer 4721,Kakinada,VIP
4722,Customer 4722,Vijayawada,VIP
4723,Customer 4723,Vijayawada,New
4724,Customer 4724,Visakhapatnam,Returning
4725,Customer 4725,Vijayawada,VIP
4726,Customer 4726,Kurnool,Returning
4727,Customer 4727,Visakhapatnam,VIP
4728,Customer 4728,Anantapur,VIP
4729,Customer 4729,Nellore,New
4730,Customer 4730,Visakhapatnam,New
4731,Customer 4731,Anantapur,VIP
4732,Customer 4732,Ongole,New
4733,Customer 4733,Ongole,Returning
4734,Customer 4734,Rajahmundry,New
4735,Customer 4735,Kakinada,VIP
4736,Customer 4736,Ongole,VIP
4737,Customer 4737,Guntur,Returning
4738,Customer 4738,Ongole,Returning
4739,Customer 4739,Visakhapatnam,New
4740,Customer 4740,Kurnool,Returning
4741,Customer 4741,Ongole,VIP
4742,Customer 4742,Vijayawada,New
4743,Customer 4743,Visakhapatnam,VIP
4744,Customer 4744,Tirupati,New
4745,Customer 4745,Vijayawada,VIP
4746,Customer 4746,Kakinada,VIP
4747,Customer 4747,Anantapur,VIP
4748,Customer 4748,Nellore,VIP
4749,Customer 4749,Kakinada,VIP
4750,Customer 4750,Ongole,VIP
4751,Customer 4751,Anantapur,VIP
4752,Customer 4752,Kurnool,VIP
4753,Customer 4753,Ongole,Returning
4754,Customer 4754,Guntur,VIP
4755,Customer 4755,Nellore,New
4756,Customer 4756,Ongole,New
4757,Customer 4757,Tirupati,VIP
4758,Customer 4758,Vijayawada,VIP
4759,Customer 4759,Tirupati,New
4760,Customer 4760,Kurnool,New
4761,Customer 4761,Tirupati,Returning
4762,Customer 4762,Guntur,VIP
4763,Customer 4763,Guntur,Returning
4764,Customer 4764,Rajahmundry,VIP
4765,Customer 4765,Ongole,VIP
4766,Customer 4766,Vijayawada,VIP
4767,Customer 4767,Rajahmundry,VIP
4768,Customer 4768,Visakhapatnam,New
4769,Customer 4769,Tirupati,New
4770,Customer 4770,Anantapur,VIP
4771,Customer 4771,Kurnool,New
4772,Customer 4772,Vijayawada,New
4773,Customer 4773,Kakinada,New
4774,Customer 4774,Anantapur,Returning
4775,Customer 4775,Tirupati,New
4776,Customer 4776,Nellore,New
4777,Customer 4777,Anantapur,VIP
4778,Customer 4778,Vijayawada,VIP
4779,Customer 4779,Guntur,New
4780,Customer 4780,Visakhapatnam,New
4781,Customer 4781,Tirupati,VIP
4782,Customer 4782,Visakhapatnam,Returning
4783,Customer 4783,Guntur,New
4784,Customer 4784,Ongole,VIP
4785,Customer 4785,Vijayawada,VIP
4786,Customer 4786,Nellore,VIP
4787,Customer 4787,Vijayawada,VIP
4788,Customer 4788,Ongole,VIP
4789,Customer 4789,Kurnool,Returning
4790,Customer 4790,Anantapur,Returning
4791,Customer 4791,Kakinada,VIP
4792,Customer 4792,Rajahmundry,VIP
4793,Customer 4793,Anantapur,New
4794,Customer 4794,Visakhapatnam,New
4795,Customer 4795,Visakhapatnam,New
4796,Customer 4796,Visakhapatnam,Returning
4797,Customer 4797,Kurnool,New
4798,Customer 4798,Kurnool,VIP
4799,Customer 4799,Anantapur,Returning
4800,Customer 4800,Kurnool,New
4801,Customer 4801,Nellore,VIP
4802,Customer 4802,Kurnool,Returning
4803,Customer 4803,Nellore,New
4804,Customer 4804,Kakinada,VIP
4805,Customer 4805,Nellore,Returning
4806,Customer 4806,Rajahmundry,New
4807,Customer 4807,Guntur,VIP
4808,Customer 4808,Ongole,Returning
4809,Customer 4809,Nellore,VIP
4810,Customer 4810,Ongole,New
4811,Customer 4811,Anantapur,VIP
4812,Customer 4812,Kurnool,VIP
4813,Customer 4813,Ongole,Returning
4814,Customer 4814,Guntur,New
4815,Customer 4815,Guntur,Returning
4816,Customer 4816,Kurnool,New
4817,Customer 4817,Guntur,New
4818,Customer 4818,Ongole,Returning
4819,Customer 4819,Visakhapatnam,New
4820,Customer 4820,Kurnool,VIP
4821,Customer 4821,Nellore,New
4822,Customer 4822,Tirupati,New
4823,Customer 4823,Kakinada,New
4824,Customer 4824,Anantapur,VIP
4825,Customer 4825,Rajahmundry,Returning
4826,Customer 4826,Visakhapatnam,New
4827,Customer 4827,Tirupati,VIP
4828,Customer 4828,Kakinada,VIP
4829,Customer 4829,Rajahmundry,New
4830,Customer 4830,Guntur,New
4831,Customer 4831,Anantapur,New
4832,Customer 4832,Vijayawada,New
4833,Customer 4833,Kurnool,Returning
4834,Customer 4834,Vijayawada,VIP
4835,Customer 4835,Visakhapatnam,New
4836,Customer 4836,Kurnool,Returning
4837,Customer 4837,Guntur,Returning
4838,Customer 4838,Kurnool,VIP
4839,Customer 4839,Kakinada,New
4840,Customer 4840,Kurnool,Returning
4841,Customer 4841,Anantapur,VIP
4842,Customer 4842,Visakhapatnam,Returning
4843,Customer 4843,Guntur,VIP
4844,Customer 4844,Ongole,New
4845,Customer 4845,Rajahmundry,Returning
4846,Customer 4846,Kakinada,New
4847,Customer 4847,Tirupati,VIP
4848,Customer 4848,Kakinada,Returning
4849,Customer 4849,Nellore,New
4850,Customer 4850,Guntur,Returning
4851,Customer 4851,Nellore,New
4852,Customer 4852,Guntur,New
4853,Customer 4853,Tirupati,New
4854,Customer 4854,Guntur,New
4855,Customer 4855,Kurnool,Returning
4856,Customer 4856,Kakinada,Returning
4857,Customer 4857,Kakinada,Returning
4858,Customer 4858,Rajahmundry,Returning
4859,Customer 4859,Kakinada,Returning
4860,Customer 4860,Vijayawada,VIP
4861,Customer 4861,Vijayawada,Returning
4862,Customer 4862,Ongole,VIP
4863,Customer 4863,Anantapur,New
4864,Customer 4864,Ongole,Returning
4865,Customer 4865,Vijayawada,VIP
4866,Customer 4866,Kurnool,VIP
4867,Customer 4867,Kurnool,New
4868,Customer 4868,Ongole,New
4869,Customer 4869,Guntur,Returning
4870,Customer 4870,Guntur,VIP
4871,Customer 4871,Tirupati,Returning
4872,Customer 4872,Visakhapatnam,New
4873,Customer 4873,Anantapur,VIP
4874,Customer 4874,Ongole,VIP
4875,Customer 4875,Kakinada,New
4876,Customer 4876,Guntur,New
4877,Customer 4877,Guntur,Returning
4878,Customer 4878,Kakinada,VIP
4879,Customer 4879,Anantapur,Returning
4880,Customer 4880,Vijayawada,New
4881,Customer 4881,Ongole,Returning
4882,Customer 4882,Guntur,VIP
4883,Customer 4883,Guntur,VIP
4884,Customer 4884,Ongole,Returning
4885,Customer 4885,Tirupati,New
4886,Customer 4886,Tirupati,New
4887,Customer 4887,Kurnool,New
4888,Customer 4888,Visakhapatnam,Returning
4889,Customer 4889,Vijayawada,VIP
4890,Customer 4890,Tirupati,Returning
4891,Customer 4891,Kurnool,New
4892,Customer 4892,Guntur,New
4893,Customer 4893,Kakinada,New
4894,Customer 4894,Visakhapatnam,VIP
4895,Customer 4895,Anantapur,Returning
4896,Customer 4896,Ongole,Returning
4897,Customer 4897,Anantapur,New
4898,Customer 4898,Kakinada,VIP
4899,Customer 4899,Visakhapatnam,New
4900,Customer 4900,Anantapur,VIP
4901,Customer 4901,Rajahmundry,New
4902,Customer 4902,Rajahmundry,VIP
4903,Customer 4903,Tirupati,VIP
4904,Customer 4904,Anantapur,New
4905,Customer 4905,Visakhapatnam,Returning
4906,Customer 4906,Anantapur,VIP
4907,Customer 4907,Rajahmundry,New
4908,Customer 4908,Visakhapatnam,Returning
4909,Customer 4909,Anantapur,VIP
4910,Customer 4910,Guntur,Returning
4911,Customer 4911,Kurnool,New
4912,Customer 4912,Guntur,Returning
4913,Customer 4913,Guntur,New
4914,Customer 4914,Vijayawada,New
4915,Customer 4915,Guntur,Returning
4916,Customer 4916,Nellore,Returning
4917,Customer 4917,Tirupati,Returning
4918,Customer 4918,Guntur,Returning
4919,Customer 4919,Vijayawada,VIP
4920,Customer 4920,Kakinada,New
4921,Customer 4921,Anantapur,VIP
4922,Customer 4922,Anantapur,New
4923,Customer 4923,Rajahmundry,Returning
4924,Customer 4924,Nellore,VIP
4925,Customer 4925,Anantapur,VIP
4926,Customer 4926,Anantapur,VIP
4927,Customer 4927,Kakinada,Returning
4928,Customer 4928,Anantapur,VIP
4929,Customer 4929,Visakhapatnam,Returning
4930,Customer 4930,Vijayawada,VIP
4931,Customer 4931,Kakinada,New
4932,Customer 4932,Anantapur,New
4933,Customer 4933,Kakinada,New
4934,Customer 4934,Vijayawada,Returning
4935,Customer 4935,Rajahmundry,Returning
4936,Customer 4936,Rajahmundry,Returning
4937,Customer 4937,Kakinada,Returning
4938,Customer 4938,Anantapur,VIP
4939,Customer 4939,Vijayawada,Returning
4940,Customer 4940,Guntur,Returning
4941,Customer 4941,Rajahmundry,New
4942,Customer 4942,Guntur,VIP
4943,Customer 4943,Kurnool,VIP
4944,Customer 4944,Kakinada,VIP
4945,Customer 4945,Anantapur,New
4946,Customer 4946,Anantapur,VIP
4947,Customer 4947,Nellore,New
4948,Customer 4948,Kakinada,New
4949,Customer 4949,Anantapur,New
4950,Customer 4950,Vijayawada,VIP
4951,Customer 4951,Nellore,New
4952,Customer 4952,Anantapur,Returning
4953,Customer 4953,Anantapur,Returning
4954,Customer 4954,Visakhapatnam,Returning
4955,Customer 4955,Vijayawada,VIP
4956,Customer 4956,Rajahmundry,Returning
4957,Customer 4957,Tirupati,VIP
4958,Customer 4958,Tirupati,VIP
4959,Customer 4959,Tirupati,New
4960,Customer 4960,Guntur,New
4961,Customer 4961,Nellore,VIP
4962,Customer 4962,Vijayawada,VIP
4963,Customer 4963,Nellore,New
4964,Customer 4964,Kakinada,VIP
4965,Customer 4965,Kurnool,Returning
4966,Customer 4966,Visakhapatnam,Returning
4967,Customer 4967,Rajahmundry,Returning
4968,Customer 4968,Tirupati,Returning
4969,Customer 4969,Tirupati,New
4970,Customer 4970,Tirupati,VIP
4971,Customer 4971,Guntur,New
4972,Customer 4972,Rajahmundry,New
4973,Customer 4973,Anantapur,New
4974,Customer 4974,Tirupati,New
4975,Customer 4975,Ongole,New
4976,Customer 4976,Rajahmundry,VIP
4977,Customer 4977,Tirupati,VIP
4978,Customer 4978,Kurnool,New
4979,Customer 4979,Ongole,Returning
4980,Customer 4980,Ongole,New
4981,Customer 4981,Ongole,New
4982,Customer 4982,Vijayawada,Returning
4983,Customer 4983,Tirupati,VIP
4984,Customer 4984,Anantapur,New
4985,Customer 4985,Nellore,New
4986,Customer 4986,Visakhapatnam,New
4987,Customer 4987,Ongole,New
4988,Customer 4988,Rajahmundry,VIP
4989,Customer 4989,Kakinada,Returning
4990,Customer 4990,Kurnool,Returning
4991,Customer 4991,Anantapur,VIP
4992,Customer 4992,Anantapur,VIP
4993,Customer 4993,Nellore,New
4994,Customer 4994,Kakinada,New
4995,Customer 4995,Guntur,New
4996,Customer 4996,Tirupati,Returning
4997,Customer 4997,Kakinada,New
4998,Customer 4998,Kurnool,Returning
4999,Customer 4999,Anantapur,New
5000,Customer 5000,Ongole,VIP
5001,Customer 5001,Vijayawada,New
5002,Customer 5002,Vijayawada,New
5003,Customer 5003,Nellore,VIP
5004,Customer 5004,Ongole,Returning
5005,Customer 5005,Tirupati,Returning
5006,Customer 5006,Kakinada,New
5007,Customer 5007,Anantapur,Returning
5008,Customer 5008,Kurnool,Returning
5009,Customer 5009,Visakhapatnam,Returning
5010,Customer 5010,Nellore,Returning
5011,Customer 5011,Kakinada,VIP
5012,Customer 5012,Anantapur,VIP
5013,Customer 5013,Guntur,New
5014,Customer 5014,Kurnool,VIP
5015,Customer 5015,Visakhapatnam,Returning
5016,Customer 5016,Nellore,Returning
5017,Customer 5017,Guntur,VIP
5018,Customer 5018,Tirupati,VIP
5019,Customer 5019,Vijayawada,New
5020,Customer 5020,Nellore,Returning
5021,Customer 5021,Vijayawada,VIP
5022,Customer 5022,Ongole,VIP
5023,Customer 5023,Nellore,New
5024,Customer 5024,Tirupati,New
5025,Customer 5025,Ongole,Returning
5026,Customer 5026,Rajahmundry,Returning
5027,Customer 5027,Rajahmundry,VIP
5028,Customer 5028,Kakinada,VIP
5029,Customer 5029,Rajahmundry,New
5030,Customer 5030,Anantapur,New
5031,Customer 5031,Visakhapatnam,New
5032,Customer 5032,Vijayawada,Returning
5033,Customer 5033,Ongole,New
5034,Customer 5034,Ongole,Returning
5035,Customer 5035,Rajahmundry,VIP
5036,Customer 5036,Tirupati,New
5037,Customer 5037,Ongole,VIP
5038,Customer 5038,Kurnool,Returning
5039,Customer 5039,Guntur,New
5040,Customer 5040,Anantapur,New
5041,Customer 5041,Tirupati,Returning
5042,Customer 5042,Vijayawada,Returning
5043,Customer 5043,Kakinada,New
5044,Customer 5044,Rajahmundry,Returning
5045,Customer 5045,Tirupati,VIP
5046,Customer 5046,Nellore,Returning
5047,Customer 5047,Guntur,Returning
5048,Customer 5048,Nellore,New
5049,Customer 5049,Guntur,Returning
5050,Customer 5050,Kurnool,VIP
5051,Customer 5051,Anantapur,VIP
5052,Customer 5052,Visakhapatnam,VIP
5053,Customer 5053,Vijayawada,New
5054,Customer 5054,Kurnool,New
5055,Customer 5055,Ongole,Returning
5056,Customer 5056,Nellore,Returning
5057,Customer 5057,Nellore,New
5058,Customer 5058,Rajahmundry,VIP
5059,Customer 5059,Kakinada,Returning
5060,Customer 5060,Ongole,VIP
5061,Customer 5061,Rajahmundry,VIP
5062,Customer 5062,Vijayawada,VIP
5063,Customer 5063,Nellore,VIP
5064,Customer 5064,Tirupati,New
5065,Customer 5065,Nellore,VIP
5066,Customer 5066,Kakinada,New
5067,Customer 5067,Anantapur,Returning
5068,Customer 5068,Vijayawada,VIP
5069,Customer 5069,Kurnool,Returning
5070,Customer 5070,Vijayawada,VIP
5071,Customer 5071,Ongole,New
5072,Customer 5072,Rajahmundry,Returning
5073,Customer 5073,Kurnool,VIP
5074,Customer 5074,Tirupati,Returning
5075,Customer 5075,Tirupati,New
5076,Customer 5076,Vijayawada,New
5077,Customer 5077,Kurnool,VIP
5078,Customer 5078,Ongole,Returning
5079,Customer 5079,Tirupati,New
5080,Customer 5080,Anantapur,Returning
5081,Customer 5081,Ongole,Returning
5082,Customer 5082,Kurnool,VIP
5083,Customer 5083,Anantapur,VIP
5084,Customer 5084,Kurnool,VIP
5085,Customer 5085,Ongole,New
5086,Customer 5086,Visakhapatnam,Returning
5087,Customer 5087,Kakinada,New
5088,Customer 5088,Kurnool,New
5089,Customer 5089,Anantapur,New
5090,Customer 5090,Anantapur,New
5091,Customer 5091,Kurnool,VIP
5092,Customer 5092,Guntur,Returning
5093,Customer 5093,Tirupati,Returning
5094,Customer 5094,Nellore,New
5095,Customer 5095,Nellore,Returning
5096,Customer 5096,Nellore,VIP
5097,Customer 5097,Anantapur,VIP
5098,Customer 5098,Rajahmundry,VIP
5099,Customer 5099,Vijayawada,VIP
5100,Customer 5100,Kakinada,VIP
5101,Customer 5101,Rajahmundry,VIP
5102,Customer 5102,Ongole,Returning
5103,Customer 5103,Nellore,VIP
5104,Customer 5104,Kakinada,VIP
5105,Customer 5105,Kurnool,New
5106,Customer 5106,Nellore,New
5107,Customer 5107,Guntur,Returning
5108,Customer 5108,Guntur,New
5109,Customer 5109,Kakinada,Returning
5110,Customer 5110,Guntur,Returning
5111,Customer 5111,Vijayawada,VIP
5112,Customer 5112,Guntur,VIP
5113,Customer 5113,Ongole,VIP
5114,Customer 5114,Anantapur,New
5115,Customer 5115,Vijayawada,Returning
5116,Customer 5116,Anantapur,VIP
5117,Customer 5117,Visakhapatnam,New
5118,Customer 5118,Ongole,Returning
5119,Customer 5119,Kakinada,VIP
5120,Customer 5120,Anantapur,Returning
5121,Customer 5121,Kurnool,New
5122,Customer 5122,Vijayawada,New
5123,Customer 5123,Ongole,VIP
5124,Customer 5124,Vijayawada,VIP
5125,Customer 5125,Tirupati,New
5126,Customer 5126,Visakhapatnam,New
5127,Customer 5127,Kurnool,New
5128,Customer 5128,Tirupati,New
5129,Customer 5129,Visakhapatnam,VIP
5130,Customer 5130,Ongole,New
5131,Customer 5131,Visakhapatnam,New
5132,Customer 5132,Vijayawada,Returning
5133,Customer 5133,Tirupati,New
5134,Customer 5134,Guntur,New
5135,Customer 5135,Nellore,VIP
5136,Customer 5136,Ongole,New
5137,Customer 5137,Rajahmundry,Returning
5138,Customer 5138,Nellore,Returning
5139,Customer 5139,Guntur,Returning
5140,Customer 5140,Guntur,Returning
5141,Customer 5141,Guntur,Returning
5142,Customer 5142,Kurnool,Returning
5143,Customer 5143,Vijayawada,Returning
5144,Customer 5144,Visakhapatnam,Returning
5145,Customer 5145,Vijayawada,VIP
5146,Customer 5146,Vijayawada,VIP
5147,Customer 5147,Kakinada,Returning
5148,Customer 5148,Nellore,New
5149,Customer 5149,Kurnool,Returning
5150,Customer 5150,Anantapur,Returning
5151,Customer 5151,Kurnool,Returning
5152,Customer 5152,Kurnool,New
5153,Customer 5153,Visakhapatnam,Returning
5154,Customer 5154,Nellore,Returning
5155,Customer 5155,Nellore,New
5156,Customer 5156,Visakhapatnam,VIP
5157,Customer 5157,Vijayawada,New
5158,Customer 5158,Kakinada,Returning
5159,Customer 5159,Rajahmundry,Returning
5160,Customer 5160,Kurnool,VIP
5161,Customer 5161,Guntur,Returning
5162,Customer 5162,Guntur,VIP
5163,Customer 5163,Guntur,New
5164,Customer 5164,Vijayawada,New
5165,Customer 5165,Rajahmundry,VIP
5166,Customer 5166,Guntur,Returning
5167,Customer 5167,Tirupati,Returning
5168,Customer 5168,Anantapur,Returning
5169,Customer 5169,Guntur,Returning
5170,Customer 5170,Ongole,Returning
5171,Customer 5171,Guntur,VIP
5172,Customer 5172,Vijayawada,Returning
5173,Customer 5173,Ongole,New
5174,Customer 5174,Tirupati,VIP
5175,Customer 5175,Guntur,Returning
5176,Customer 5176,Tirupati,New
5177,Customer 5177,Vijayawada,New
5178,Customer 5178,Guntur,Returning
5179,Customer 5179,Tirupati,VIP
5180,Customer 5180,Tirupati,Returning
5181,Customer 5181,Rajahmundry,VIP
5182,Customer 5182,Rajahmundry,Returning
5183,Customer 5183,Guntur,VIP
5184,Customer 5184,Visakhapatnam,New
5185,Customer 5185,Anantapur,New
5186,Customer 5186,Guntur,Returning
5187,Customer 5187,Ongole,Returning
5188,Customer 5188,Vijayawada,Returning
5189,Customer 5189,Nellore,New
5190,Customer 5190,Anantapur,New
5191,Customer 5191,Tirupati,Returning
5192,Customer 5192,Vijayawada,New
5193,Customer 5193,Kurnool,VIP
5194,Customer 5194,Ongole,New
5195,Customer 5195,Tirupati,New
5196,Customer 5196,Rajahmundry,Returning
5197,Customer 5197,Kurnool,VIP
5198,Customer 5198,Kakinada,VIP
5199,Customer 5199,Anantapur,New
5200,Customer 5200,Tirupati,VIP
5201,Customer 5201,Anantapur,Returning
5202,Customer 5202,Nellore,Returning
5203,Customer 5203,Nellore,New
5204,Customer 5204,Rajahmundry,New
5205,Customer 5205,Rajahmundry,Returning
5206,Customer 5206,Guntur,VIP
5207,Customer 5207,Ongole,New
5208,Customer 5208,Guntur,New
5209,Customer 5209,Nellore,VIP
5210,Customer 5210,Nellore,Returning
5211,Customer 5211,Vijayawada,New
5212,Customer 5212,Vijayawada,New
5213,Customer 5213,Visakhapatnam,VIP
5214,Customer 5214,Tirupati,VIP
5215,Customer 5215,Rajahmundry,Returning
5216,Customer 5216,Ongole,VIP
5217,Customer 5217,Visakhapatnam,VIP
5218,Customer 5218,Guntur,New
5219,Customer 5219,Ongole,Returning
5220,Customer 5220,Kurnool,Returning
5221,Customer 5221,Guntur,VIP
5222,Customer 5222,Rajahmundry,VIP
5223,Customer 5223,Kakinada,New
5224,Customer 5224,Visakhapatnam,VIP
5225,Customer 5225,Guntur,New
5226,Customer 5226,Anantapur,VIP
5227,Customer 5227,Ongole,VIP
5228,Customer 5228,Visakhapatnam,Returning
5229,Customer 5229,Rajahmundry,Returning
5230,Customer 5230,Kakinada,Returning
5231,Customer 5231,Visakhapatnam,Returning
5232,Customer 5232,Guntur,New
5233,Customer 5233,Vijayawada,Returning
5234,Customer 5234,Visakhapatnam,New
5235,Customer 5235,Kurnool,VIP
5236,Customer 5236,Visakhapatnam,Returning
5237,Customer 5237,Vijayawada,VIP
5238,Customer 5238,Vijayawada,VIP
5239,Customer 5239,Tirupati,VIP
5240,Customer 5240,Nellore,New
5241,Customer 5241,Anantapur,New
5242,Customer 5242,Vijayawada,New
5243,Customer 5243,Vijayawada,Returning
5244,Customer 5244,Guntur,VIP
5245,Customer 5245,Guntur,Returning
5246,Customer 5246,Kurnool,New
5247,Customer 5247,Rajahmundry,Returning
5248,Customer 5248,Kurnool,New
5249,Customer 5249,Tirupati,VIP
5250,Customer 5250,Rajahmundry,Returning
5251,Customer 5251,Kurnool,Returning
5252,Customer 5252,Tirupati,Returning
5253,Customer 5253,Vijayawada,New
5254,Customer 5254,Anantapur,VIP
5255,Customer 5255,Tirupati,Returning
5256,Customer 5256,Rajahmundry,VIP
5257,Customer 5257,Kakinada,Returning
5258,Customer 5258,Kakinada,New
5259,Customer 5259,Tirupati,Returning
5260,Customer 5260,Kakinada,Returning
5261,Customer 5261,Anantapur,VIP
5262,Customer 5262,Anantapur,New
5263,Customer 5263,Kakinada,Returning
5264,Customer 5264,Kurnool,VIP
5265,Customer 5265,Tirupati,VIP
5266,Customer 5266,Anantapur,New
5267,Customer 5267,Vijayawada,Returning
5268,Customer 5268,Nellore,New
5269,Customer 5269,Tirupati,Returning
5270,Customer 5270,Guntur,New
5271,Customer 5271,Anantapur,Returning
5272,Customer 5272,Ongole,VIP
5273,Customer 5273,Nellore,VIP
5274,Customer 5274,Guntur,VIP
5275,Customer 5275,Vijayawada,New
5276,Customer 5276,Ongole,Returning
5277,Customer 5277,Tirupati,New
5278,Customer 5278,Kakinada,Returning
5279,Customer 5279,Visakhapatnam,VIP
5280,Customer 5280,Guntur,Returning
5281,Customer 5281,Guntur,New
5282,Customer 5282,Nellore,Returning
5283,Customer 5283,Nellore,VIP
5284,Customer 5284,Rajahmundry,New
5285,Customer 5285,Kurnool,Returning
5286,Customer 5286,Ongole,Returning
5287,Customer 5287,Guntur,New
5288,Customer 5288,Nellore,VIP
5289,Customer 5289,Nellore,New
5290,Customer 5290,Kurnool,New
5291,Customer 5291,Nellore,Returning
5292,Customer 5292,Vijayawada,New
5293,Customer 5293,Tirupati,VIP
5294,Customer 5294,Rajahmundry,Returning
5295,Customer 5295,Visakhapatnam,New
5296,Customer 5296,Guntur,VIP
5297,Customer 5297,Nellore,New
5298,Customer 5298,Kakinada,New
5299,Customer 5299,Anantapur,VIP
5300,Customer 5300,Anantapur,New
5301,Customer 5301,Ongole,Returning
5302,Customer 5302,Nellore,VIP
5303,Customer 5303,Rajahmundry,New
5304,Customer 5304,Ongole,Returning
5305,Customer 5305,Kakinada,New
5306,Customer 5306,Kakinada,Returning
5307,Customer 5307,Rajahmundry,VIP
5308,Customer 5308,Tirupati,VIP
5309,Customer 5309,Ongole,VIP
5310,Customer 5310,Kurnool,Returning
5311,Customer 5311,Anantapur,Returning
5312,Customer 5312,Rajahmundry,VIP
5313,Customer 5313,Visakhapatnam,Returning
5314,Customer 5314,Rajahmundry,VIP
5315,Customer 5315,Guntur,VIP
5316,Customer 5316,Vijayawada,New
5317,Customer 5317,Tirupati,New
5318,Customer 5318,Kakinada,VIP
5319,Customer 5319,Anantapur,VIP
5320,Customer 5320,Guntur,Returning
5321,Customer 5321,Ongole,Returning
5322,Customer 5322,Guntur,VIP
5323,Customer 5323,Ongole,VIP
5324,Customer 5324,Ongole,Returning
5325,Customer 5325,Kurnool,Returning
5326,Customer 5326,Ongole,New
5327,Customer 5327,Ongole,New
5328,Customer 5328,Kakinada,New
5329,Customer 5329,Kurnool,VIP
5330,Customer 5330,Tirupati,VIP
5331,Customer 5331,Kakinada,VIP
5332,Customer 5332,Tirupati,New
5333,Customer 5333,Kakinada,New
5334,Customer 5334,Vijayawada,New
5335,Customer 5335,Visakhapatnam,New
5336,Customer 5336,Kurnool,Returning
5337,Customer 5337,Kurnool,VIP
5338,Customer 5338,Kurnool,Returning
5339,Customer 5339,Vijayawada,VIP
5340,Customer 5340,Rajahmundry,VIP
5341,Customer 5341,Visakhapatnam,New
5342,Customer 5342,Guntur,VIP
5343,Customer 5343,Vijayawada,Returning
5344,Customer 5344,Ongole,VIP
5345,Customer 5345,Vijayawada,VIP
5346,Customer 5346,Vijayawada,New
5347,Customer 5347,Visakhapatnam,New
5348,Customer 5348,Visakhapatnam,Returning
5349,Customer 5349,Anantapur,Returning
5350,Customer 5350,Vijayawada,New
5351,Customer 5351,Rajahmundry,New
5352,Customer 5352,Nellore,VIP
5353,Customer 5353,Guntur,Returning
5354,Customer 5354,Visakhapatnam,New
5355,Customer 5355,Kurnool,Returning
5356,Customer 5356,Guntur,VIP
5357,Customer 5357,Anantapur,Returning
5358,Customer 5358,Tirupati,New
5359,Customer 5359,Guntur,VIP
5360,Customer 5360,Visakhapatnam,Returning
5361,Customer 5361,Rajahmundry,Returning
5362,Customer 5362,Kurnool,New
5363,Customer 5363,Rajahmundry,Returning
5364,Customer 5364,Kurnool,VIP
5365,Customer 5365,Rajahmundry,VIP
5366,Customer 5366,Kurnool,New
5367,Customer 5367,Vijayawada,New
5368,Customer 5368,Kakinada,VIP
5369,Customer 5369,Guntur,Returning
5370,Customer 5370,Nellore,New
5371,Customer 5371,Rajahmundry,Returning
5372,Customer 5372,Kakinada,VIP
5373,Customer 5373,Nellore,New
5374,Customer 5374,Anantapur,New
5375,Customer 5375,Anantapur,VIP
5376,Customer 5376,Kurnool,VIP
5377,Customer 5377,Vijayawada,Returning
5378,Customer 5378,Anantapur,Returning
5379,Customer 5379,Rajahmundry,VIP
5380,Customer 5380,Guntur,VIP
5381,Customer 5381,Rajahmundry,Returning
5382,Customer 5382,Anantapur,New
5383,Customer 5383,Anantapur,Returning
5384,Customer 5384,Vijayawada,Returning
5385,Customer 5385,Rajahmundry,VIP
5386,Customer 5386,Nellore,New
5387,Customer 5387,Kurnool,New
5388,Customer 5388,Vijayawada,Returning
5389,Customer 5389,Ongole,Returning
5390,Customer 5390,Kurnool,New
5391,Customer 5391,Kurnool,New
5392,Customer 5392,Vijayawada,VIP
5393,Customer 5393,Rajahmundry,VIP
5394,Customer 5394,Vijayawada,New
5395,Customer 5395,Ongole,New
5396,Customer 5396,Visakhapatnam,Returning
5397,Customer 5397,Anantapur,New
5398,Customer 5398,Anantapur,New
5399,Customer 5399,Vijayawada,VIP
5400,Customer 5400,Kurnool,Returning
5401,Customer 5401,Visakhapatnam,VIP
5402,Customer 5402,Kurnool,New
5403,Customer 5403,Anantapur,VIP
5404,Customer 5404,Anantapur,VIP
5405,Customer 5405,Kakinada,Returning
5406,Customer 5406,Kakinada,New
5407,Customer 5407,Visakhapatnam,Returning
5408,Customer 5408,Visakhapatnam,VIP
5409,Customer 5409,Rajahmundry,VIP
5410,Customer 5410,Visakhapatnam,Returning
5411,Customer 5411,Anantapur,VIP
5412,Customer 5412,Kurnool,New
5413,Customer 5413,Kakinada,Returning
5414,Customer 5414,Tirupati,Returning
5415,Customer 5415,Ongole,New
5416,Customer 5416,Visakhapatnam,VIP
5417,Customer 5417,Nellore,New
5418,Customer 5418,Rajahmundry,New
5419,Customer 5419,Kakinada,New
5420,Customer 5420,Kurnool,New
5421,Customer 5421,Ongole,Returning
5422,Customer 5422,Visakhapatnam,VIP
5423,Customer 5423,Guntur,New
5424,Customer 5424,Anantapur,VIP
5425,Customer 5425,Visakhapatnam,New
5426,Customer 5426,Anantapur,New
5427,Customer 5427,Rajahmundry,Returning
5428,Customer 5428,Vijayawada,Returning
5429,Customer 5429,Tirupati,VIP
5430,Customer 5430,Anantapur,New
5431,Customer 5431,Nellore,New
5432,Customer 5432,Kakinada,Returning
5433,Customer 5433,Rajahmundry,Returning
5434,Customer 5434,Kurnool,New
5435,Customer 5435,Anantapur,New
5436,Customer 5436,Vijayawada,Returning
5437,Customer 5437,Tirupati,Returning
5438,Customer 5438,Nellore,VIP
5439,Customer 5439,Kakinada,New
5440,Customer 5440,Visakhapatnam,New
5441,Customer 5441,Anantapur,New
5442,Customer 5442,Vijayawada,VIP
5443,Customer 5443,Guntur,Returning
5444,Customer 5444,Rajahmundry,Returning
5445,Customer 5445,Kurnool,VIP
5446,Customer 5446,Kakinada,Returning
5447,Customer 5447,Anantapur,Returning
5448,Customer 5448,Visakhapatnam,New
5449,Customer 5449,Ongole,VIP
5450,Customer 5450,Ongole,New
5451,Customer 5451,Guntur,New
5452,Customer 5452,Guntur,Returning
5453,Customer 5453,Anantapur,VIP
5454,Customer 5454,Rajahmundry,New
5455,Customer 5455,Guntur,Returning
5456,Customer 5456,Kakinada,Returning
5457,Customer 5457,Rajahmundry,Returning
5458,Customer 5458,Nellore,VIP
5459,Customer 5459,Guntur,New
5460,Customer 5460,Kakinada,VIP
5461,Customer 5461,Kakinada,Returning
5462,Customer 5462,Visakhapatnam,New
5463,Customer 5463,Tirupati,Returning
5464,Customer 5464,Kurnool,Returning
5465,Customer 5465,Visakhapatnam,New
5466,Customer 5466,Anantapur,Returning
5467,Customer 5467,Nellore,VIP
5468,Customer 5468,Tirupati,VIP
5469,Customer 5469,Guntur,Returning
5470,Customer 5470,Guntur,Returning
5471,Customer 5471,Guntur,Returning
5472,Customer 5472,Visakhapatnam,Returning
5473,Customer 5473,Kurnool,New
5474,Customer 5474,Ongole,Returning
5475,Customer 5475,Nellore,VIP
5476,Customer 5476,Guntur,VIP
5477,Customer 5477,Kurnool,VIP
5478,Customer 5478,Rajahmundry,New
5479,Customer 5479,Vijayawada,VIP
5480,Customer 5480,Nellore,VIP
5481,Customer 5481,Nellore,VIP
5482,Customer 5482,Visakhapatnam,Returning
5483,Customer 5483,Rajahmundry,Returning
5484,Customer 5484,Anantapur,VIP
5485,Customer 5485,Guntur,Returning
5486,Customer 5486,Guntur,Returning
5487,Customer 5487,Anantapur,New
5488,Customer 5488,Vijayawada,VIP
5489,Customer 5489,Visakhapatnam,VIP
5490,Customer 5490,Visakhapatnam,VIP
5491,Customer 5491,Visakhapatnam,New
5492,Customer 5492,Nellore,VIP
5493,Customer 5493,Vijayawada,Returning
5494,Customer 5494,Nellore,New
5495,Customer 5495,Visakhapatnam,VIP
5496,Customer 5496,Guntur,Returning
5497,Customer 5497,Rajahmundry,New
5498,Customer 5498,Nellore,New
5499,Customer 5499,Visakhapatnam,New
5500,Customer 5500,Ongole,New
5501,Customer 5501,Rajahmundry,VIP
5502,Customer 5502,Nellore,New
5503,Customer 5503,Vijayawada,Returning
5504,Customer 5504,Guntur,VIP
5505,Customer 5505,Kurnool,Returning
5506,Customer 5506,Rajahmundry,New
5507,Customer 5507,Kakinada,VIP
5508,Customer 5508,Rajahmundry,VIP
5509,Customer 5509,Anantapur,New
5510,Customer 5510,Tirupati,VIP
5511,Customer 5511,Tirupati,VIP
5512,Customer 5512,Nellore,VIP
5513,Customer 5513,Vijayawada,Returning
5514,Customer 5514,Ongole,Returning
5515,Customer 5515,Rajahmundry,VIP
5516,Customer 5516,Nellore,New
5517,Customer 5517,Kurnool,New
5518,Customer 5518,Kakinada,Returning
5519,Customer 5519,Vijayawada,VIP
5520,Customer 5520,Rajahmundry,New
5521,Customer 5521,Kakinada,VIP
5522,Customer 5522,Tirupati,Returning
5523,Customer 5523,Anantapur,Returning
5524,Customer 5524,Tirupati,VIP
5525,Customer 5525,Ongole,Returning
5526,Customer 5526,Ongole,New
5527,Customer 5527,Kakinada,Returning
5528,Customer 5528,Guntur,Returning
5529,Customer 5529,Kakinada,VIP
5530,Customer 5530,Rajahmundry,VIP
5531,Customer 5531,Anantapur,New
5532,Customer 5532,Anantapur,New
5533,Customer 5533,Ongole,VIP
5534,Customer 5534,Ongole,New
5535,Customer 5535,Anantapur,New
5536,Customer 5536,Rajahmundry,New
5537,Customer 5537,Anantapur,Returning
5538,Customer 5538,Tirupati,New
5539,Customer 5539,Ongole,VIP
5540,Customer 5540,Rajahmundry,New
5541,Customer 5541,Tirupati,Returning
5542,Customer 5542,Guntur,Returning
5543,Customer 5543,Ongole,New
5544,Customer 5544,Nellore,VIP
5545,Customer 5545,Tirupati,Returning
5546,Customer 5546,Ongole,New
5547,Customer 5547,Visakhapatnam,New
5548,Customer 5548,Anantapur,Returning
5549,Customer 5549,Anantapur,New
5550,Customer 5550,Vijayawada,New
5551,Customer 5551,Rajahmundry,New
5552,Customer 5552,Kakinada,VIP
5553,Customer 5553,Kurnool,Returning
5554,Customer 5554,Nellore,VIP
5555,Customer 5555,Nellore,Returning
5556,Customer 5556,Tirupati,New
5557,Customer 5557,Anantapur,Returning
5558,Customer 5558,Nellore,VIP
5559,Customer 5559,Kakinada,Returning
5560,Customer 5560,Tirupati,Returning
5561,Customer 5561,Tirupati,Returning
5562,Customer 5562,Vijayawada,New
5563,Customer 5563,Vijayawada,Returning
5564,Customer 5564,Kakinada,VIP
5565,Customer 5565,Rajahmundry,New
5566,Customer 5566,Visakhapatnam,VIP
5567,Customer 5567,Guntur,New
5568,Customer 5568,Tirupati,VIP
5569,Customer 5569,Rajahmundry,Returning
5570,Customer 5570,Guntur,New
5571,Customer 5571,Ongole,Returning
5572,Customer 5572,Ongole,VIP
5573,Customer 5573,Nellore,Returning
5574,Customer 5574,Anantapur,VIP
5575,Customer 5575,Ongole,VIP
5576,Customer 5576,Visakhapatnam,Returning
5577,Customer 5577,Kakinada,New
5578,Customer 5578,Guntur,VIP
5579,Customer 5579,Visakhapatnam,VIP
5580,Customer 5580,Vijayawada,New
5581,Customer 5581,Ongole,Returning
5582,Customer 5582,Kurnool,VIP
5583,Customer 5583,Nellore,Returning
5584,Customer 5584,Vijayawada,Returning
5585,Customer 5585,Guntur,VIP
5586,Customer 5586,Guntur,VIP
5587,Customer 5587,Kurnool,Returning
5588,Customer 5588,Kakinada,VIP
5589,Customer 5589,Kurnool,Returning
5590,Customer 5590,Visakhapatnam,New
5591,Customer 5591,Rajahmundry,VIP
5592,Customer 5592,Kakinada,Returning
5593,Customer 5593,Vijayawada,New
5594,Customer 5594,Anantapur,Returning
5595,Customer 5595,Visakhapatnam,VIP
5596,Customer 5596,Rajahmundry,VIP
5597,Customer 5597,Kakinada,New
5598,Customer 5598,Anantapur,Returning
5599,Customer 5599,Nellore,VIP
5600,Customer 5600,Tirupati,VIP
5601,Customer 5601,Visakhapatnam,VIP
5602,Customer 5602,Visakhapatnam,Returning
5603,Customer 5603,Guntur,VIP
5604,Customer 5604,Ongole,New
5605,Customer 5605,Kakinada,VIP
5606,Customer 5606,Guntur,Returning
5607,Customer 5607,Ongole,Returning
5608,Customer 5608,Anantapur,Returning
5609,Customer 5609,Ongole,VIP
5610,Customer 5610,Ongole,Returning
5611,Customer 5611,Guntur,New
5612,Customer 5612,Kakinada,VIP
5613,Customer 5613,Kurnool,Returning
5614,Customer 5614,Nellore,VIP
5615,Customer 5615,Kurnool,New
5616,Customer 5616,Vijayawada,Returning
5617,Customer 5617,Rajahmundry,Returning
5618,Customer 5618,Guntur,Returning
5619,Customer 5619,Guntur,VIP
5620,Customer 5620,Visakhapatnam,New
5621,Customer 5621,Visakhapatnam,Returning
5622,Customer 5622,Kurnool,VIP
5623,Customer 5623,Anantapur,VIP
5624,Customer 5624,Vijayawada,Returning
5625,Customer 5625,Kurnool,VIP
5626,Customer 5626,Rajahmundry,VIP
5627,Customer 5627,Nellore,New
5628,Customer 5628,Kurnool,New
5629,Customer 5629,Kurnool,VIP
5630,Customer 5630,Guntur,VIP
5631,Customer 5631,Kakinada,New
5632,Customer 5632,Vijayawada,Returning
5633,Customer 5633,Kakinada,Returning
5634,Customer 5634,Nellore,Returning
5635,Customer 5635,Tirupati,Returning
5636,Customer 5636,Rajahmundry,Returning
5637,Customer 5637,Tirupati,Returning
5638,Customer 5638,Anantapur,New
5639,Customer 5639,Kurnool,VIP
5640,Customer 5640,Nellore,Returning
5641,Customer 5641,Visakhapatnam,New
5642,Customer 5642,Guntur,VIP
5643,Customer 5643,Rajahmundry,VIP
5644,Customer 5644,Vijayawada,New
5645,Customer 5645,Visakhapatnam,New
5646,Customer 5646,Ongole,New
5647,Customer 5647,Anantapur,Returning
5648,Customer 5648,Visakhapatnam,New
5649,Customer 5649,Vijayawada,Returning
5650,Customer 5650,Guntur,New
5651,Customer 5651,Ongole,Returning
5652,Customer 5652,Nellore,New
5653,Customer 5653,Anantapur,VIP
5654,Customer 5654,Anantapur,VIP
5655,Customer 5655,Ongole,VIP
5656,Customer 5656,Nellore,VIP
5657,Customer 5657,Ongole,New
5658,Customer 5658,Nellore,Returning
5659,Customer 5659,Ongole,Returning
5660,Customer 5660,Tirupati,New
5661,Customer 5661,Rajahmundry,New
5662,Customer 5662,Vijayawada,New
5663,Customer 5663,Anantapur,Returning
5664,Customer 5664,Visakhapatnam,VIP
5665,Customer 5665,Vijayawada,VIP
5666,Customer 5666,Tirupati,Returning
5667,Customer 5667,Ongole,Returning
5668,Customer 5668,Visakhapatnam,Returning
5669,Customer 5669,Vijayawada,VIP
5670,Customer 5670,Anantapur,Returning
5671,Customer 5671,Tirupati,New
5672,Customer 5672,Vijayawada,VIP
5673,Customer 5673,Guntur,New
5674,Customer 5674,Ongole,Returning
5675,Customer 5675,Guntur,Returning
5676,Customer 5676,Vijayawada,Returning
5677,Customer 5677,Nellore,New
5678,Customer 5678,Nellore,Returning
5679,Customer 5679,Anantapur,New
5680,Customer 5680,Tirupati,VIP
5681,Customer 5681,Rajahmundry,Returning
5682,Customer 5682,Kakinada,VIP
5683,Customer 5683,Guntur,VIP
5684,Customer 5684,Vijayawada,Returning
5685,Customer 5685,Guntur,Returning
5686,Customer 5686,Tirupati,Returning
5687,Customer 5687,Tirupati,Returning
5688,Customer 5688,Nellore,Returning
5689,Customer 5689,Rajahmundry,VIP
5690,Customer 5690,Kurnool,New
5691,Customer 5691,Kurnool,VIP
5692,Customer 5692,Vijayawada,New
5693,Customer 5693,Ongole,VIP
5694,Customer 5694,Ongole,New
5695,Customer 5695,Tirupati,VIP
5696,Customer 5696,Anantapur,VIP
5697,Customer 5697,Anantapur,Returning
5698,Customer 5698,Ongole,VIP
5699,Customer 5699,Tirupati,VIP
5700,Customer 5700,Anantapur,New
5701,Customer 5701,Kurnool,Returning
5702,Customer 5702,Nellore,VIP
5703,Customer 5703,Anantapur,VIP
5704,Customer 5704,Visakhapatnam,New
5705,Customer 5705,Nellore,VIP
5706,Customer 5706,Tirupati,Returning
5707,Customer 5707,Anantapur,Returning
5708,Customer 5708,Kakinada,Returning
5709,Customer 5709,Kakinada,New
5710,Customer 5710,Tirupati,New
5711,Customer 5711,Tirupati,VIP
5712,Customer 5712,Anantapur,VIP
5713,Customer 5713,Guntur,Returning
5714,Customer 5714,Visakhapatnam,VIP
5715,Customer 5715,Rajahmundry,New
5716,Customer 5716,Guntur,Returning
5717,Customer 5717,Rajahmundry,Returning
5718,Customer 5718,Rajahmundry,Returning
5719,Customer 5719,Guntur,New
5720,Customer 5720,Vijayawada,Returning
5721,Customer 5721,Guntur,Returning
5722,Customer 5722,Guntur,Returning
5723,Customer 5723,Rajahmundry,VIP
5724,Customer 5724,Kurnool,Returning
5725,Customer 5725,Rajahmundry,Returning
5726,Customer 5726,Kakinada,New
5727,Customer 5727,Guntur,New
5728,Customer 5728,Kurnool,VIP
5729,Customer 5729,Ongole,Returning
5730,Customer 5730,Visakhapatnam,Returning
5731,Customer 5731,Rajahmundry,Returning
5732,Customer 5732,Tirupati,VIP
5733,Customer 5733,Nellore,Returning
5734,Customer 5734,Rajahmundry,New
5735,Customer 5735,Visakhapatnam,New
5736,Customer 5736,Guntur,VIP
5737,Customer 5737,Anantapur,VIP
5738,Customer 5738,Kakinada,New
5739,Customer 5739,Kurnool,VIP
5740,Customer 5740,Visakhapatnam,VIP
5741,Customer 5741,Nellore,VIP
5742,Customer 5742,Nellore,New
5743,Customer 5743,Visakhapatnam,New
5744,Customer 5744,Kakinada,VIP
5745,Customer 5745,Kakinada,VIP
5746,Customer 5746,Rajahmundry,New
5747,Customer 5747,Kurnool,New
5748,Customer 5748,Guntur,VIP
5749,Customer 5749,Guntur,New
5750,Customer 5750,Kakinada,Returning
5751,Customer 5751,Visakhapatnam,Returning
5752,Customer 5752,Rajahmundry,Returning
5753,Customer 5753,Visakhapatnam,New
5754,Customer 5754,Nellore,Returning
5755,Customer 5755,Tirupati,Returning
5756,Customer 5756,Ongole,VIP
5757,Customer 5757,Vijayawada,VIP
5758,Customer 5758,Anantapur,New
5759,Customer 5759,Kakinada,New
5760,Customer 5760,Kurnool,VIP
5761,Customer 5761,Nellore,Returning
5762,Customer 5762,Rajahmundry,New
5763,Customer 5763,Tirupati,VIP
5764,Customer 5764,Tirupati,VIP
5765,Customer 5765,Vijayawada,VIP
5766,Customer 5766,Kurnool,Returning
5767,Customer 5767,Anantapur,Returning
5768,Customer 5768,Rajahmundry,New
5769,Customer 5769,Anantapur,New
5770,Customer 5770,Anantapur,New
5771,Customer 5771,Tirupati,VIP
5772,Customer 5772,Guntur,Returning
5773,Customer 5773,Kurnool,Returning
5774,Customer 5774,Kakinada,VIP
5775,Customer 5775,Ongole,Returning
5776,Customer 5776,Visakhapatnam,New
5777,Customer 5777,Ongole,Returning
5778,Customer 5778,Anantapur,Returning
5779,Customer 5779,Guntur,Returning
5780,Customer 5780,Vijayawada,Returning
5781,Customer 5781,Ongole,Returning
5782,Customer 5782,Kakinada,New
5783,Customer 5783,Tirupati,New
5784,Customer 5784,Rajahmundry,New
5785,Customer 5785,Guntur,VIP
5786,Customer 5786,Rajahmundry,New
5787,Customer 5787,Visakhapatnam,VIP
5788,Customer 5788,Vijayawada,Returning
5789,Customer 5789,Kurnool,New
5790,Customer 5790,Nellore,New
5791,Customer 5791,Visakhapatnam,Returning
5792,Customer 5792,Rajahmundry,Returning
5793,Customer 5793,Ongole,New
5794,Customer 5794,Rajahmundry,VIP
5795,Customer 5795,Ongole,Returning
5796,Customer 5796,Tirupati,Returning
5797,Customer 5797,Kurnool,New
5798,Customer 5798,Vijayawada,VIP
5799,Customer 5799,Guntur,VIP
5800,Customer 5800,Nellore,New
5801,Customer 5801,Nellore,VIP
5802,Customer 5802,Nellore,Returning
5803,Customer 5803,Vijayawada,New
5804,Customer 5804,Tirupati,Returning
5805,Customer 5805,Ongole,Returning
5806,Customer 5806,Anantapur,New
5807,Customer 5807,Ongole,Returning
5808,Customer 5808,Kakinada,Returning
5809,Customer 5809,Nellore,Returning
5810,Customer 5810,Ongole,New
5811,Customer 5811,Ongole,VIP
5812,Customer 5812,Vijayawada,New
5813,Customer 5813,Nellore,VIP
5814,Customer 5814,Ongole,New
5815,Customer 5815,Rajahmundry,VIP
5816,Customer 5816,Kurnool,New
5817,Customer 5817,Rajahmundry,Returning
5818,Customer 5818,Anantapur,VIP
5819,Customer 5819,Guntur,New
5820,Customer 5820,Kurnool,New
5821,Customer 5821,Guntur,Returning
5822,Customer 5822,Kakinada,New
5823,Customer 5823,Nellore,Returning
5824,Customer 5824,Guntur,New
5825,Customer 5825,Anantapur,New
5826,Customer 5826,Guntur,New
5827,Customer 5827,Anantapur,VIP
5828,Customer 5828,Vijayawada,VIP
5829,Customer 5829,Vijayawada,VIP
5830,Customer 5830,Visakhapatnam,Returning
5831,Customer 5831,Visakhapatnam,Returning
5832,Customer 5832,Ongole,VIP
5833,Customer 5833,Ongole,Returning
5834,Customer 5834,Anantapur,VIP
5835,Customer 5835,Anantapur,Returning
5836,Customer 5836,Nellore,New
5837,Customer 5837,Vijayawada,New
5838,Customer 5838,Rajahmundry,Returning
5839,Customer 5839,Tirupati,New
5840,Customer 5840,Vijayawada,Returning
5841,Customer 5841,Anantapur,VIP
5842,Customer 5842,Guntur,VIP
5843,Customer 5843,Nellore,New
5844,Customer 5844,Rajahmundry,New
5845,Customer 5845,Rajahmundry,Returning
5846,Customer 5846,Kakinada,Returning
5847,Customer 5847,Nellore,VIP
5848,Customer 5848,Visakhapatnam,New
5849,Customer 5849,Kakinada,New
5850,Customer 5850,Kakinada,New
5851,Customer 5851,Nellore,VIP
5852,Customer 5852,Rajahmundry,Returning
5853,Customer 5853,Kurnool,VIP
5854,Customer 5854,Vijayawada,VIP
5855,Customer 5855,Rajahmundry,Returning
5856,Customer 5856,Rajahmundry,VIP
5857,Customer 5857,Ongole,New
5858,Customer 5858,Nellore,VIP
5859,Customer 5859,Vijayawada,VIP
5860,Customer 5860,Ongole,VIP
5861,Customer 5861,Vijayawada,VIP
5862,Customer 5862,Kakinada,Returning
5863,Customer 5863,Vijayawada,VIP
5864,Customer 5864,Ongole,VIP
5865,Customer 5865,Kakinada,VIP
5866,Customer 5866,Anantapur,Returning
5867,Customer 5867,Visakhapatnam,New
5868,Customer 5868,Ongole,New
5869,Customer 5869,Kurnool,New
5870,Customer 5870,Tirupati,New
5871,Customer 5871,Visakhapatnam,VIP
5872,Customer 5872,Tirupati,Returning
5873,Customer 5873,Anantapur,New
5874,Customer 5874,Anantapur,Returning
5875,Customer 5875,Kakinada,VIP
5876,Customer 5876,Nellore,New
5877,Customer 5877,Anantapur,New
5878,Customer 5878,Visakhapatnam,VIP
5879,Customer 5879,Kakinada,VIP
5880,Customer 5880,Nellore,Returning
5881,Customer 5881,Nellore,Returning
5882,Customer 5882,Anantapur,VIP
5883,Customer 5883,Visakhapatnam,VIP
5884,Customer 5884,Anantapur,New
5885,Customer 5885,Kurnool,VIP
5886,Customer 5886,Nellore,Returning
5887,Customer 5887,Kakinada,Returning
5888,Customer 5888,Rajahmundry,New
5889,Customer 5889,Ongole,New
5890,Customer 5890,Visakhapatnam,VIP
5891,Customer 5891,Kakinada,VIP
5892,Customer 5892,Visakhapatnam,Returning
5893,Customer 5893,Kakinada,New
5894,Customer 5894,Anantapur,Returning
5895,Customer 5895,Nellore,VIP
5896,Customer 5896,Tirupati,VIP
5897,Customer 5897,Vijayawada,New
5898,Customer 5898,Vijayawada,Returning
5899,Customer 5899,Anantapur,New
5900,Customer 5900,Vijayawada,New
5901,Customer 5901,Kakinada,Returning
5902,Customer 5902,Kakinada,VIP
5903,Customer 5903,Rajahmundry,VIP
5904,Customer 5904,Anantapur,Returning
5905,Customer 5905,Anantapur,New
5906,Customer 5906,Anantapur,New
5907,Customer 5907,Kakinada,VIP
5908,Customer 5908,Anantapur,Returning
5909,Customer 5909,Tirupati,Returning
5910,Customer 5910,Rajahmundry,New
5911,Customer 5911,Vijayawada,Returning
5912,Customer 5912,Vijayawada,New
5913,Customer 5913,Ongole,Returning
5914,Customer 5914,Vijayawada,Returning
5915,Customer 5915,Nellore,Returning
5916,Customer 5916,Anantapur,New
5917,Customer 5917,Visakhapatnam,VIP
5918,Customer 5918,Visakhapatnam,Returning
5919,Customer 5919,Nellore,Returning
5920,Customer 5920,Visakhapatnam,VIP
5921,Customer 5921,Anantapur,New
5922,Customer 5922,Visakhapatnam,Returning
5923,Customer 5923,Kurnool,VIP
5924,Customer 5924,Kakinada,New
5925,Customer 5925,Visakhapatnam,New
5926,Customer 5926,Nellore,Returning
5927,Customer 5927,Kakinada,New
5928,Customer 5928,Kakinada,New
5929,Customer 5929,Ongole,Returning
5930,Customer 5930,Nellore,Returning
5931,Customer 5931,Kurnool,New
5932,Customer 5932,Visakhapatnam,Returning
5933,Customer 5933,Kurnool,New
5934,Customer 5934,Kakinada,New
5935,Customer 5935,Rajahmundry,New
5936,Customer 5936,Anantapur,New
5937,Customer 5937,Visakhapatnam,New
5938,Customer 5938,Nellore,VIP
5939,Customer 5939,Guntur,Returning
5940,Customer 5940,Anantapur,New
5941,Customer 5941,Nellore,VIP
5942,Customer 5942,Kakinada,Returning
5943,Customer 5943,Visakhapatnam,VIP
5944,Customer 5944,Anantapur,VIP
5945,Customer 5945,Kakinada,Returning
5946,Customer 5946,Vijayawada,New
5947,Customer 5947,Kakinada,VIP
5948,Customer 5948,Kakinada,VIP
5949,Customer 5949,Vijayawada,VIP
5950,Customer 5950,Guntur,VIP
5951,Customer 5951,Ongole,Returning
5952,Customer 5952,Ongole,Returning
5953,Customer 5953,Tirupati,Returning
5954,Customer 5954,Anantapur,New
5955,Customer 5955,Rajahmundry,New
5956,Customer 5956,Guntur,New
5957,Customer 5957,Guntur,New
5958,Customer 5958,Vijayawada,VIP
5959,Customer 5959,Ongole,Returning
5960,Customer 5960,Anantapur,Returning
5961,Customer 5961,Kurnool,New
5962,Customer 5962,Kurnool,Returning
5963,Customer 5963,Visakhapatnam,VIP
5964,Customer 5964,Rajahmundry,VIP
5965,Customer 5965,Kurnool,Returning
5966,Customer 5966,Kurnool,Returning
5967,Customer 5967,Tirupati,VIP
5968,Customer 5968,Rajahmundry,VIP
5969,Customer 5969,Anantapur,Returning
5970,Customer 5970,Guntur,Returning
5971,Customer 5971,Tirupati,Returning
5972,Customer 5972,Visakhapatnam,VIP
5973,Customer 5973,Rajahmundry,New
5974,Customer 5974,Nellore,VIP
5975,Customer 5975,Nellore,Returning
5976,Customer 5976,Visakhapatnam,New
5977,Customer 5977,Visakhapatnam,VIP
5978,Customer 5978,Vijayawada,Returning
5979,Customer 5979,Anantapur,New
5980,Customer 5980,Anantapur,Returning
5981,Customer 5981,Kurnool,New
5982,Customer 5982,Kakinada,Returning
5983,Customer 5983,Anantapur,New
5984,Customer 5984,Kurnool,VIP
5985,Customer 5985,Rajahmundry,New
5986,Customer 5986,Rajahmundry,VIP
5987,Customer 5987,Rajahmundry,New
5988,Customer 5988,Kurnool,Returning
5989,Customer 5989,Kurnool,VIP
5990,Customer 5990,Guntur,Returning
5991,Customer 5991,Anantapur,Returning
5992,Customer 5992,Kakinada,New
5993,Customer 5993,Visakhapatnam,Returning
5994,Customer 5994,Kurnool,New
5995,Customer 5995,Rajahmundry,New
5996,Customer 5996,Guntur,Returning
5997,Customer 5997,Vijayawada,Returning
5998,Customer 5998,Tirupati,New
5999,Customer 5999,Visakhapatnam,New
6000,Customer 6000,Vijayawada,Returning
6001,Customer 6001,Vijayawada,VIP
6002,Customer 6002,Rajahmundry,VIP
6003,Customer 6003,Visakhapatnam,New
6004,Customer 6004,Ongole,VIP
6005,Customer 6005,Ongole,Returning
6006,Customer 6006,Kakinada,New
6007,Customer 6007,Tirupati,Returning
6008,Customer 6008,Anantapur,VIP
6009,Customer 6009,Rajahmundry,Returning
6010,Customer 6010,Visakhapatnam,New
6011,Customer 6011,Rajahmundry,VIP
6012,Customer 6012,Kurnool,Returning
6013,Customer 6013,Vijayawada,New
6014,Customer 6014,Vijayawada,Returning
6015,Customer 6015,Guntur,VIP
6016,Customer 6016,Guntur,Returning
6017,Customer 6017,Guntur,New
6018,Customer 6018,Nellore,VIP
6019,Customer 6019,Nellore,VIP
6020,Customer 6020,Ongole,New
6021,Customer 6021,Tirupati,VIP
6022,Customer 6022,Visakhapatnam,New
6023,Customer 6023,Kurnool,VIP
6024,Customer 6024,Guntur,VIP
6025,Customer 6025,Tirupati,New
6026,Customer 6026,Nellore,New
6027,Customer 6027,Tirupati,Returning
6028,Customer 6028,Ongole,New
6029,Customer 6029,Rajahmundry,Returning
6030,Customer 6030,Vijayawada,Returning
6031,Customer 6031,Kurnool,Returning
6032,Customer 6032,Tirupati,Returning
6033,Customer 6033,Vijayawada,New
6034,Customer 6034,Visakhapatnam,New
6035,Customer 6035,Kakinada,New
6036,Customer 6036,Tirupati,VIP
6037,Customer 6037,Rajahmundry,New
6038,Customer 6038,Vijayawada,VIP
6039,Customer 6039,Vijayawada,Returning
6040,Customer 6040,Ongole,VIP
6041,Customer 6041,Visakhapatnam,Returning
6042,Customer 6042,Guntur,New
6043,Customer 6043,Visakhapatnam,VIP
6044,Customer 6044,Visakhapatnam,VIP
6045,Customer 6045,Kakinada,VIP
6046,Customer 6046,Tirupati,Returning
6047,Customer 6047,Ongole,New
6048,Customer 6048,Visakhapatnam,VIP
6049,Customer 6049,Anantapur,Returning
6050,Customer 6050,Tirupati,Returning
6051,Customer 6051,Rajahmundry,New
6052,Customer 6052,Nellore,VIP
6053,Customer 6053,Ongole,New
6054,Customer 6054,Rajahmundry,Returning
6055,Customer 6055,Ongole,VIP
6056,Customer 6056,Vijayawada,Returning
6057,Customer 6057,Nellore,Returning
6058,Customer 6058,Nellore,Returning
6059,Customer 6059,Tirupati,New
6060,Customer 6060,Nellore,New
6061,Customer 6061,Visakhapatnam,VIP
6062,Customer 6062,Guntur,Returning
6063,Customer 6063,Nellore,Returning
6064,Customer 6064,Rajahmundry,Returning
6065,Customer 6065,Ongole,New
6066,Customer 6066,Ongole,Returning
6067,Customer 6067,Anantapur,New
6068,Customer 6068,Ongole,New
6069,Customer 6069,Vijayawada,VIP
6070,Customer 6070,Guntur,New
6071,Customer 6071,Anantapur,Returning
6072,Customer 6072,Visakhapatnam,New
6073,Customer 6073,Ongole,New
6074,Customer 6074,Kurnool,New
6075,Customer 6075,Nellore,Returning
6076,Customer 6076,Kakinada,Returning
6077,Customer 6077,Visakhapatnam,VIP
6078,Customer 6078,Nellore,VIP
6079,Customer 6079,Vijayawada,Returning
6080,Customer 6080,Nellore,Returning
6081,Customer 6081,Anantapur,Returning
6082,Customer 6082,Ongole,Returning
6083,Customer 6083,Nellore,VIP
6084,Customer 6084,Vijayawada,VIP
6085,Customer 6085,Ongole,VIP
6086,Customer 6086,Vijayawada,New
6087,Customer 6087,Kakinada,VIP
6088,Customer 6088,Visakhapatnam,VIP
6089,Customer 6089,Anantapur,New
6090,Customer 6090,Kakinada,VIP
6091,Customer 6091,Guntur,New
6092,Customer 6092,Visakhapatnam,Returning
6093,Customer 6093,Vijayawada,VIP
6094,Customer 6094,Kurnool,VIP
6095,Customer 6095,Kakinada,VIP
6096,Customer 6096,Vijayawada,Returning
6097,Customer 6097,Rajahmundry,New
6098,Customer 6098,Kakinada,Returning
6099,Customer 6099,Vijayawada,VIP
6100,Customer 6100,Anantapur,VIP
6101,Customer 6101,Ongole,Returning
6102,Customer 6102,Anantapur,New
6103,Customer 6103,Rajahmundry,VIP
6104,Customer 6104,Anantapur,New
6105,Customer 6105,Rajahmundry,New
6106,Customer 6106,Nellore,VIP
6107,Customer 6107,Kakinada,New
6108,Customer 6108,Nellore,VIP
6109,Customer 6109,Ongole,Returning
6110,Customer 6110,Rajahmundry,New
6111,Customer 6111,Vijayawada,VIP
6112,Customer 6112,Kakinada,Returning
6113,Customer 6113,Kakinada,Returning
6114,Customer 6114,Anantapur,VIP
6115,Customer 6115,Guntur,VIP
6116,Customer 6116,Ongole,New
6117,Customer 6117,Visakhapatnam,VIP
6118,Customer 6118,Anantapur,VIP
6119,Customer 6119,Tirupati,New
6120,Customer 6120,Visakhapatnam,New
6121,Customer 6121,Kakinada,VIP
6122,Customer 6122,Anantapur,VIP
6123,Customer 6123,Tirupati,Returning
6124,Customer 6124,Tirupati,New
6125,Customer 6125,Nellore,VIP
6126,Customer 6126,Kakinada,New
6127,Customer 6127,Kurnool,Returning
6128,Customer 6128,Kurnool,Returning
6129,Customer 6129,Tirupati,New
6130,Customer 6130,Kurnool,VIP
6131,Customer 6131,Nellore,Returning
6132,Customer 6132,Rajahmundry,Returning
6133,Customer 6133,Ongole,New
6134,Customer 6134,Visakhapatnam,New
6135,Customer 6135,Nellore,Returning
6136,Customer 6136,Tirupati,New
6137,Customer 6137,Anantapur,VIP
6138,Customer 6138,Vijayawada,New
6139,Customer 6139,Tirupati,New
6140,Customer 6140,Kurnool,Returning
6141,Customer 6141,Guntur,VIP
6142,Customer 6142,Kurnool,VIP
6143,Customer 6143,Ongole,Returning
6144,Customer 6144,Guntur,VIP
6145,Customer 6145,Tirupati,VIP
6146,Customer 6146,Kurnool,New
6147,Customer 6147,Ongole,VIP
6148,Customer 6148,Kurnool,VIP
6149,Customer 6149,Anantapur,Returning
6150,Customer 6150,Nellore,New
6151,Customer 6151,Rajahmundry,VIP
6152,Customer 6152,Anantapur,Returning
6153,Customer 6153,Nellore,New
6154,Customer 6154,Ongole,New
6155,Customer 6155,Tirupati,VIP
6156,Customer 6156,Visakhapatnam,Returning
6157,Customer 6157,Visakhapatnam,VIP
6158,Customer 6158,Nellore,Returning
6159,Customer 6159,Kurnool,Returning
6160,Customer 6160,Ongole,VIP
6161,Customer 6161,Rajahmundry,VIP
6162,Customer 6162,Guntur,New
6163,Customer 6163,Tirupati,Returning
6164,Customer 6164,Guntur,VIP
6165,Customer 6165,Vijayawada,New
6166,Customer 6166,Anantapur,Returning
6167,Customer 6167,Guntur,New
6168,Customer 6168,Tirupati,Returning
6169,Customer 6169,Kakinada,New
6170,Customer 6170,Ongole,VIP
6171,Customer 6171,Tirupati,VIP
6172,Customer 6172,Visakhapatnam,VIP
6173,Customer 6173,Kurnool,New
6174,Customer 6174,Kakinada,New
6175,Customer 6175,Ongole,Returning
6176,Customer 6176,Tirupati,Returning
6177,Customer 6177,Rajahmundry,VIP
6178,Customer 6178,Vijayawada,New
6179,Customer 6179,Kurnool,VIP
6180,Customer 6180,Kurnool,Returning
6181,Customer 6181,Rajahmundry,VIP
6182,Customer 6182,Visakhapatnam,New
6183,Customer 6183,Tirupati,New
6184,Customer 6184,Anantapur,VIP
6185,Customer 6185,Tirupati,New
6186,Customer 6186,Vijayawada,VIP
6187,Customer 6187,Guntur,Returning
6188,Customer 6188,Guntur,Returning
6189,Customer 6189,Rajahmundry,Returning
6190,Customer 6190,Kakinada,Returning
6191,Customer 6191,Ongole,VIP
6192,Customer 6192,Ongole,New
6193,Customer 6193,Kurnool,Returning
6194,Customer 6194,Rajahmundry,New
6195,Customer 6195,Kurnool,Returning
6196,Customer 6196,Tirupati,New
6197,Customer 6197,Nellore,New
6198,Customer 6198,Tirupati,VIP
6199,Customer 6199,Rajahmundry,New
6200,Customer 6200,Tirupati,VIP
6201,Customer 6201,Anantapur,Returning
6202,Customer 6202,Ongole,New
6203,Customer 6203,Kurnool,New
6204,Customer 6204,Tirupati,VIP
6205,Customer 6205,Ongole,VIP
6206,Customer 6206,Kurnool,VIP
6207,Customer 6207,Ongole,New
6208,Customer 6208,Ongole,VIP
6209,Customer 6209,Tirupati,New
6210,Customer 6210,Visakhapatnam,New
6211,Customer 6211,Vijayawada,New
6212,Customer 6212,Guntur,VIP
6213,Customer 6213,Tirupati,Returning
6214,Customer 6214,Nellore,VIP
6215,Customer 6215,Rajahmundry,VIP
6216,Customer 6216,Guntur,VIP
6217,Customer 6217,Tirupati,VIP
6218,Customer 6218,Ongole,VIP
6219,Customer 6219,Nellore,New
6220,Customer 6220,Anantapur,Returning
6221,Customer 6221,Nellore,New
6222,Customer 6222,Kakinada,Returning
6223,Customer 6223,Vijayawada,Returning
6224,Customer 6224,Anantapur,Returning
6225,Customer 6225,Rajahmundry,VIP
6226,Customer 6226,Nellore,Returning
6227,Customer 6227,Nellore,VIP
6228,Customer 6228,Rajahmundry,Returning
6229,Customer 6229,Tirupati,Returning
6230,Customer 6230,Guntur,VIP
6231,Customer 6231,Kurnool,VIP
6232,Customer 6232,Anantapur,Returning
6233,Customer 6233,Anantapur,Returning
6234,Customer 6234,Anantapur,New
6235,Customer 6235,Nellore,New
6236,Customer 6236,Nellore,VIP
6237,Customer 6237,Vijayawada,Returning
6238,Customer 6238,Guntur,Returning
6239,Customer 6239,Nellore,Returning
6240,Customer 6240,Kurnool,Returning
6241,Customer 6241,Ongole,Returning
6242,Customer 6242,Tirupati,Returning
6243,Customer 6243,Tirupati,Returning
6244,Customer 6244,Vijayawada,Returning
6245,Customer 6245,Visakhapatnam,New
6246,Customer 6246,Kakinada,Returning
6247,Customer 6247,Kakinada,Returning
6248,Customer 6248,Anantapur,Returning
6249,Customer 6249,Kakinada,New
6250,Customer 6250,Anantapur,Returning
6251,Customer 6251,Kurnool,New
6252,Customer 6252,Guntur,VIP
6253,Customer 6253,Kakinada,Returning
6254,Customer 6254,Kurnool,New
6255,Customer 6255,Ongole,VIP
6256,Customer 6256,Nellore,Returning
6257,Customer 6257,Visakhapatnam,Returning
6258,Customer 6258,Tirupati,VIP
6259,Customer 6259,Kurnool,New
6260,Customer 6260,Vijayawada,New
6261,Customer 6261,Kurnool,New
6262,Customer 6262,Vijayawada,Returning
6263,Customer 6263,Nellore,VIP
6264,Customer 6264,Kakinada,VIP
6265,Customer 6265,Ongole,Returning
6266,Customer 6266,Anantapur,Returning
6267,Customer 6267,Tirupati,New
6268,Customer 6268,Kurnool,New
6269,Customer 6269,Kurnool,VIP
6270,Customer 6270,Nellore,Returning
6271,Customer 6271,Nellore,Returning
6272,Customer 6272,Rajahmundry,VIP
6273,Customer 6273,Nellore,VIP
6274,Customer 6274,Ongole,VIP
6275,Customer 6275,Rajahmundry,New
6276,Customer 6276,Vijayawada,VIP
6277,Customer 6277,Anantapur,New
6278,Customer 6278,Anantapur,VIP
6279,Customer 6279,Vijayawada,Returning
6280,Customer 6280,Tirupati,VIP
6281,Customer 6281,Ongole,New
6282,Customer 6282,Anantapur,Returning
6283,Customer 6283,Nellore,Returning
6284,Customer 6284,Vijayawada,New
6285,Customer 6285,Rajahmundry,Returning
6286,Customer 6286,Kakinada,VIP
6287,Customer 6287,Guntur,New
6288,Customer 6288,Vijayawada,VIP
6289,Customer 6289,Tirupati,VIP
6290,Customer 6290,Guntur,New
6291,Customer 6291,Anantapur,VIP
6292,Customer 6292,Rajahmundry,VIP
6293,Customer 6293,Ongole,VIP
6294,Customer 6294,Vijayawada,VIP
6295,Customer 6295,Tirupati,Returning
6296,Customer 6296,Nellore,VIP
6297,Customer 6297,Tirupati,VIP
6298,Customer 6298,Rajahmundry,VIP
6299,Customer 6299,Kurnool,Returning
6300,Customer 6300,Kakinada,New
6301,Customer 6301,Nellore,Returning
6302,Customer 6302,Tirupati,New
6303,Customer 6303,Ongole,Returning
6304,Customer 6304,Nellore,VIP
6305,Customer 6305,Tirupati,Returning
6306,Customer 6306,Anantapur,VIP
6307,Customer 6307,Ongole,VIP
6308,Customer 6308,Anantapur,VIP
6309,Customer 6309,Nellore,New
6310,Customer 6310,Ongole,New
6311,Customer 6311,Guntur,Returning
6312,Customer 6312,Anantapur,New
6313,Customer 6313,Tirupati,VIP
6314,Customer 6314,Kurnool,Returning
6315,Customer 6315,Kurnool,VIP
6316,Customer 6316,Ongole,New
6317,Customer 6317,Ongole,VIP
6318,Customer 6318,Ongole,VIP
6319,Customer 6319,Vijayawada,New
6320,Customer 6320,Guntur,New
6321,Customer 6321,Visakhapatnam,Returning
6322,Customer 6322,Tirupati,New
6323,Customer 6323,Guntur,New
6324,Customer 6324,Nellore,Returning
6325,Customer 6325,Kurnool,VIP
6326,Customer 6326,Tirupati,Returning
6327,Customer 6327,Kurnool,Returning
6328,Customer 6328,Anantapur,VIP
6329,Customer 6329,Vijayawada,Returning
6330,Customer 6330,Kakinada,VIP
6331,Customer 6331,Kakinada,New
6332,Customer 6332,Kakinada,New
6333,Customer 6333,Rajahmundry,VIP
6334,Customer 6334,Guntur,VIP
6335,Customer 6335,Vijayawada,VIP
6336,Customer 6336,Vijayawada,Returning
6337,Customer 6337,Kakinada,VIP
6338,Customer 6338,Nellore,Returning
6339,Customer 6339,Kakinada,VIP
6340,Customer 6340,Nellore,Returning
6341,Customer 6341,Anantapur,VIP
6342,Customer 6342,Vijayawada,New
6343,Customer 6343,Vijayawada,Returning
6344,Customer 6344,Visakhapatnam,New
6345,Customer 6345,Guntur,New
6346,Customer 6346,Guntur,VIP
6347,Customer 6347,Tirupati,Returning
6348,Customer 6348,Ongole,New
6349,Customer 6349,Tirupati,Returning
6350,Customer 6350,Tirupati,New
6351,Customer 6351,Ongole,Returning
6352,Customer 6352,Anantapur,New
6353,Customer 6353,Kurnool,Returning
6354,Customer 6354,Kakinada,New
6355,Customer 6355,Kurnool,VIP
6356,Customer 6356,Rajahmundry,Returning
6357,Customer 6357,Ongole,VIP
6358,Customer 6358,Kakinada,Returning
6359,Customer 6359,Nellore,VIP
6360,Customer 6360,Kakinada,Returning
6361,Customer 6361,Anantapur,Returning
6362,Customer 6362,Rajahmundry,Returning
6363,Customer 6363,Kakinada,New
6364,Customer 6364,Rajahmundry,New
6365,Customer 6365,Tirupati,Returning
6366,Customer 6366,Anantapur,New
6367,Customer 6367,Vijayawada,New
6368,Customer 6368,Guntur,Returning
6369,Customer 6369,Anantapur,VIP
6370,Customer 6370,Guntur,Returning
6371,Customer 6371,Tirupati,New
6372,Customer 6372,Kurnool,VIP
6373,Customer 6373,Kakinada,Returning
6374,Customer 6374,Guntur,Returning
6375,Customer 6375,Kakinada,New
6376,Customer 6376,Visakhapatnam,VIP
6377,Customer 6377,Anantapur,New
6378,Customer 6378,Visakhapatnam,Returning
6379,Customer 6379,Vijayawada,Returning
6380,Customer 6380,Guntur,New
6381,Customer 6381,Kurnool,VIP
6382,Customer 6382,Tirupati,Returning
6383,Customer 6383,Ongole,Returning
6384,Customer 6384,Guntur,VIP
6385,Customer 6385,Anantapur,New
6386,Customer 6386,Kurnool,VIP
6387,Customer 6387,Rajahmundry,New
6388,Customer 6388,Kurnool,New
6389,Customer 6389,Guntur,New
6390,Customer 6390,Tirupati,New
6391,Customer 6391,Nellore,Returning
6392,Customer 6392,Kurnool,VIP
6393,Customer 6393,Nellore,VIP
6394,Customer 6394,Ongole,Returning
6395,Customer 6395,Guntur,New
6396,Customer 6396,Visakhapatnam,New
6397,Customer 6397,Tirupati,Returning
6398,Customer 6398,Vijayawada,Returning
6399,Customer 6399,Kakinada,VIP
6400,Customer 6400,Tirupati,VIP
6401,Customer 6401,Visakhapatnam,VIP
6402,Customer 6402,Kurnool,New
6403,Customer 6403,Kakinada,New
6404,Customer 6404,Kurnool,New
6405,Customer 6405,Visakhapatnam,VIP
6406,Customer 6406,Anantapur,New
6407,Customer 6407,Vijayawada,VIP
6408,Customer 6408,Kakinada,VIP
6409,Customer 6409,Kurnool,Returning
6410,Customer 6410,Kurnool,Returning
6411,Customer 6411,Kurnool,Returning
6412,Customer 6412,Kurnool,New
6413,Customer 6413,Nellore,Returning
6414,Customer 6414,Vijayawada,Returning
6415,Customer 6415,Tirupati,New
6416,Customer 6416,Rajahmundry,Returning
6417,Customer 6417,Rajahmundry,VIP
6418,Customer 6418,Anantapur,New
6419,Customer 6419,Ongole,VIP
6420,Customer 6420,Tirupati,Returning
6421,Customer 6421,Rajahmundry,Returning
6422,Customer 6422,Tirupati,VIP
6423,Customer 6423,Ongole,Returning
6424,Customer 6424,Rajahmundry,Returning
6425,Customer 6425,Nellore,VIP
6426,Customer 6426,Guntur,Returning
6427,Customer 6427,Kakinada,New
6428,Customer 6428,Visakhapatnam,VIP
6429,Customer 6429,Visakhapatnam,New
6430,Customer 6430,Visakhapatnam,VIP
6431,Customer 6431,Kurnool,New
6432,Customer 6432,Visakhapatnam,VIP
6433,Customer 6433,Kakinada,New
6434,Customer 6434,Kakinada,New
6435,Customer 6435,Anantapur,Returning
6436,Customer 6436,Kurnool,Returning
6437,Customer 6437,Nellore,New
6438,Customer 6438,Visakhapatnam,VIP
6439,Customer 6439,Tirupati,VIP
6440,Customer 6440,Tirupati,New
6441,Customer 6441,Anantapur,New
6442,Customer 6442,Tirupati,VIP
6443,Customer 6443,Rajahmundry,VIP
6444,Customer 6444,Ongole,New
6445,Customer 6445,Vijayawada,VIP
6446,Customer 6446,Nellore,Returning
6447,Customer 6447,Guntur,Returning
6448,Customer 6448,Kurnool,Returning
6449,Customer 6449,Rajahmundry,New
6450,Customer 6450,Vijayawada,Returning
6451,Customer 6451,Ongole,VIP
6452,Customer 6452,Rajahmundry,VIP
6453,Customer 6453,Vijayawada,Returning
6454,Customer 6454,Anantapur,Returning
6455,Customer 6455,Nellore,Returning
6456,Customer 6456,Guntur,New
6457,Customer 6457,Vijayawada,VIP
6458,Customer 6458,Kakinada,VIP
6459,Customer 6459,Vijayawada,Returning
6460,Customer 6460,Nellore,Returning
6461,Customer 6461,Kurnool,Returning
6462,Customer 6462,Nellore,VIP
6463,Customer 6463,Ongole,New
6464,Customer 6464,Kurnool,Returning
6465,Customer 6465,Guntur,VIP
6466,Customer 6466,Rajahmundry,VIP
6467,Customer 6467,Nellore,Returning
6468,Customer 6468,Ongole,Returning
6469,Customer 6469,Anantapur,New
6470,Customer 6470,Anantapur,VIP
6471,Customer 6471,Kurnool,Returning
6472,Customer 6472,Kurnool,VIP
6473,Customer 6473,Nellore,Returning
6474,Customer 6474,Tirupati,Returning
6475,Customer 6475,Vijayawada,New
6476,Customer 6476,Kurnool,New
6477,Customer 6477,Rajahmundry,VIP
6478,Customer 6478,Guntur,VIP
6479,Customer 6479,Tirupati,New
6480,Customer 6480,Visakhapatnam,New
6481,Customer 6481,Anantapur,New
6482,Customer 6482,Visakhapatnam,VIP
6483,Customer 6483,Guntur,New
6484,Customer 6484,Vijayawada,VIP
6485,Customer 6485,Nellore,New
6486,Customer 6486,Visakhapatnam,Returning
6487,Customer 6487,Visakhapatnam,Returning
6488,Customer 6488,Anantapur,New
6489,Customer 6489,Guntur,Returning
6490,Customer 6490,Rajahmundry,New
6491,Customer 6491,Kakinada,New
6492,Customer 6492,Guntur,VIP
6493,Customer 6493,Nellore,New
6494,Customer 6494,Ongole,Returning
6495,Customer 6495,Anantapur,Returning
6496,Customer 6496,Nellore,New
6497,Customer 6497,Rajahmundry,New
6498,Customer 6498,Kakinada,New
6499,Customer 6499,Tirupati,Returning
6500,Customer 6500,Kakinada,VIP
6501,Customer 6501,Kurnool,New
6502,Customer 6502,Guntur,Returning
6503,Customer 6503,Kurnool,Returning
6504,Customer 6504,Ongole,VIP
6505,Customer 6505,Guntur,VIP
6506,Customer 6506,Anantapur,VIP
6507,Customer 6507,Visakhapatnam,Returning
6508,Customer 6508,Visakhapatnam,VIP
6509,Customer 6509,Guntur,New
6510,Customer 6510,Kakinada,New
6511,Customer 6511,Rajahmundry,VIP
6512,Customer 6512,Anantapur,VIP
6513,Customer 6513,Ongole,Returning
6514,Customer 6514,Guntur,Returning
6515,Customer 6515,Ongole,Returning
6516,Customer 6516,Visakhapatnam,Returning
6517,Customer 6517,Vijayawada,Returning
6518,Customer 6518,Guntur,New
6519,Customer 6519,Anantapur,New
6520,Customer 6520,Visakhapatnam,New
6521,Customer 6521,Visakhapatnam,Returning
6522,Customer 6522,Ongole,New
6523,Customer 6523,Anantapur,Returning
6524,Customer 6524,Tirupati,Returning
6525,Customer 6525,Tirupati,VIP
6526,Customer 6526,Visakhapatnam,VIP
6527,Customer 6527,Vijayawada,VIP
6528,Customer 6528,Anantapur,New
6529,Customer 6529,Vijayawada,Returning
6530,Customer 6530,Kurnool,New
6531,Customer 6531,Ongole,New
6532,Customer 6532,Tirupati,VIP
6533,Customer 6533,Kakinada,VIP
6534,Customer 6534,Rajahmundry,Returning
6535,Customer 6535,Ongole,New
6536,Customer 6536,Ongole,Returning
6537,Customer 6537,Vijayawada,VIP
6538,Customer 6538,Anantapur,VIP
6539,Customer 6539,Kakinada,VIP
6540,Customer 6540,Tirupati,Returning
6541,Customer 6541,Nellore,Returning
6542,Customer 6542,Vijayawada,Returning
6543,Customer 6543,Tirupati,VIP
6544,Customer 6544,Nellore,New
6545,Customer 6545,Rajahmundry,VIP
6546,Customer 6546,Nellore,Returning
6547,Customer 6547,Kakinada,New
6548,Customer 6548,Visakhapatnam,Returning
6549,Customer 6549,Ongole,VIP
6550,Customer 6550,Vijayawada,Returning
6551,Customer 6551,Ongole,Returning
6552,Customer 6552,Anantapur,VIP
6553,Customer 6553,Rajahmundry,Returning
6554,Customer 6554,Rajahmundry,Returning
6555,Customer 6555,Visakhapatnam,Returning
6556,Customer 6556,Vijayawada,New
6557,Customer 6557,Vijayawada,New
6558,Customer 6558,Rajahmundry,New
6559,Customer 6559,Ongole,VIP
6560,Customer 6560,Tirupati,VIP
6561,Customer 6561,Ongole,VIP
6562,Customer 6562,Visakhapatnam,VIP
6563,Customer 6563,Kurnool,VIP
6564,Customer 6564,Ongole,Returning
6565,Customer 6565,Kurnool,New
6566,Customer 6566,Visakhapatnam,New
6567,Customer 6567,Visakhapatnam,New
6568,Customer 6568,Ongole,New
6569,Customer 6569,Anantapur,Returning
6570,Customer 6570,Anantapur,New
6571,Customer 6571,Vijayawada,New
6572,Customer 6572,Ongole,VIP
6573,Customer 6573,Visakhapatnam,New
6574,Customer 6574,Rajahmundry,Returning
6575,Customer 6575,Kurnool,VIP
6576,Customer 6576,Kakinada,Returning
6577,Customer 6577,Vijayawada,Returning
6578,Customer 6578,Guntur,Returning
6579,Customer 6579,Tirupati,New
6580,Customer 6580,Ongole,Returning
6581,Customer 6581,Kurnool,VIP
6582,Customer 6582,Ongole,VIP
6583,Customer 6583,Guntur,VIP
6584,Customer 6584,Ongole,VIP
6585,Customer 6585,Guntur,VIP
6586,Customer 6586,Vijayawada,VIP
6587,Customer 6587,Nellore,VIP
6588,Customer 6588,Vijayawada,New
6589,Customer 6589,Kakinada,New
6590,Customer 6590,Vijayawada,Returning
6591,Customer 6591,Ongole,Returning
6592,Customer 6592,Anantapur,New
6593,Customer 6593,Vijayawada,New
6594,Customer 6594,Nellore,VIP
6595,Customer 6595,Rajahmundry,New
6596,Customer 6596,Anantapur,New
6597,Customer 6597,Rajahmundry,VIP
6598,Customer 6598,Kurnool,New
6599,Customer 6599,Nellore,New
6600,Customer 6600,Visakhapatnam,VIP
6601,Customer 6601,Kakinada,Returning
6602,Customer 6602,Kakinada,New
6603,Customer 6603,Guntur,Returning
6604,Customer 6604,Kakinada,Returning
6605,Customer 6605,Kakinada,VIP
6606,Customer 6606,Visakhapatnam,Returning
6607,Customer 6607,Vijayawada,Returning
6608,Customer 6608,Nellore,VIP
6609,Customer 6609,Kurnool,Returning
6610,Customer 6610,Vijayawada,VIP
6611,Customer 6611,Anantapur,New
6612,Customer 6612,Visakhapatnam,VIP
6613,Customer 6613,Visakhapatnam,Returning
6614,Customer 6614,Anantapur,VIP
6615,Customer 6615,Ongole,VIP
6616,Customer 6616,Vijayawada,Returning
6617,Customer 6617,Kakinada,New
6618,Customer 6618,Ongole,New
6619,Customer 6619,Kurnool,VIP
6620,Customer 6620,Vijayawada,VIP
6621,Customer 6621,Kurnool,Returning
6622,Customer 6622,Tirupati,New
6623,Customer 6623,Visakhapatnam,New
6624,Customer 6624,Kakinada,VIP
6625,Customer 6625,Nellore,Returning
6626,Customer 6626,Nellore,Returning
6627,Customer 6627,Nellore,VIP
6628,Customer 6628,Rajahmundry,New
6629,Customer 6629,Kurnool,VIP
6630,Customer 6630,Visakhapatnam,VIP
6631,Customer 6631,Kurnool,VIP
6632,Customer 6632,Visakhapatnam,Returning
6633,Customer 6633,Guntur,VIP
6634,Customer 6634,Tirupati,New
6635,Customer 6635,Ongole,Returning
6636,Customer 6636,Kakinada,New
6637,Customer 6637,Vijayawada,Returning
6638,Customer 6638,Nellore,New
6639,Customer 6639,Ongole,Returning
6640,Customer 6640,Anantapur,Returning
6641,Customer 6641,Kurnool,New
6642,Customer 6642,Guntur,VIP
6643,Customer 6643,Rajahmundry,New
6644,Customer 6644,Ongole,VIP
6645,Customer 6645,Kakinada,Returning
6646,Customer 6646,Ongole,Returning
6647,Customer 6647,Kurnool,Returning
6648,Customer 6648,Ongole,New
6649,Customer 6649,Anantapur,New
6650,Customer 6650,Visakhapatnam,New
6651,Customer 6651,Tirupati,Returning
6652,Customer 6652,Vijayawada,Returning
6653,Customer 6653,Kurnool,Returning
6654,Customer 6654,Vijayawada,Returning
6655,Customer 6655,Anantapur,New
6656,Customer 6656,Kakinada,Returning
6657,Customer 6657,Kakinada,New
6658,Customer 6658,Nellore,Returning
6659,Customer 6659,Ongole,VIP
6660,Customer 6660,Nellore,Returning
6661,Customer 6661,Vijayawada,Returning
6662,Customer 6662,Kakinada,VIP
6663,Customer 6663,Tirupati,VIP
6664,Customer 6664,Kakinada,New
6665,Customer 6665,Visakhapatnam,New
6666,Customer 6666,Tirupati,New
6667,Customer 6667,Visakhapatnam,New
6668,Customer 6668,Ongole,VIP
6669,Customer 6669,Kurnool,VIP
6670,Customer 6670,Vijayawada,Returning
6671,Customer 6671,Visakhapatnam,Returning
6672,Customer 6672,Visakhapatnam,New
6673,Customer 6673,Visakhapatnam,New
6674,Customer 6674,Ongole,VIP
6675,Customer 6675,Kakinada,VIP
6676,Customer 6676,Anantapur,VIP
6677,Customer 6677,Anantapur,VIP
6678,Customer 6678,Visakhapatnam,Returning
6679,Customer 6679,Kakinada,New
6680,Customer 6680,Kakinada,New
6681,Customer 6681,Vijayawada,VIP
6682,Customer 6682,Guntur,VIP
6683,Customer 6683,Nellore,Returning
6684,Customer 6684,Nellore,VIP
6685,Customer 6685,Ongole,VIP
6686,Customer 6686,Vijayawada,New
6687,Customer 6687,Visakhapatnam,Returning
6688,Customer 6688,Anantapur,VIP
6689,Customer 6689,Ongole,VIP
6690,Customer 6690,Visakhapatnam,Returning
6691,Customer 6691,Ongole,New
6692,Customer 6692,Kurnool,VIP
6693,Customer 6693,Vijayawada,VIP
6694,Customer 6694,Kakinada,Returning
6695,Customer 6695,Anantapur,New
6696,Customer 6696,Tirupati,New
6697,Customer 6697,Kurnool,New
6698,Customer 6698,Kakinada,VIP
6699,Customer 6699,Rajahmundry,Returning
6700,Customer 6700,Ongole,Returning
6701,Customer 6701,Anantapur,VIP
6702,Customer 6702,Kakinada,Returning
6703,Customer 6703,Anantapur,VIP
6704,Customer 6704,Visakhapatnam,VIP
6705,Customer 6705,Visakhapatnam,Returning
6706,Customer 6706,Kurnool,New
6707,Customer 6707,Visakhapatnam,VIP
6708,Customer 6708,Visakhapatnam,VIP
6709,Customer 6709,Ongole,VIP
6710,Customer 6710,Anantapur,VIP
6711,Customer 6711,Ongole,Returning
6712,Customer 6712,Nellore,Returning
6713,Customer 6713,Visakhapatnam,VIP
6714,Customer 6714,Ongole,New
6715,Customer 6715,Rajahmundry,VIP
6716,Customer 6716,Kakinada,New
6717,Customer 6717,Anantapur,VIP
6718,Customer 6718,Kakinada,VIP
6719,Customer 6719,Guntur,VIP
6720,Customer 6720,Ongole,New
6721,Customer 6721,Vijayawada,Returning
6722,Customer 6722,Kurnool,Returning
6723,Customer 6723,Rajahmundry,Returning
6724,Customer 6724,Visakhapatnam,VIP
6725,Customer 6725,Vijayawada,Returning
6726,Customer 6726,Anantapur,New
6727,Customer 6727,Anantapur,Returning
6728,Customer 6728,Visakhapatnam,Returning
6729,Customer 6729,Tirupati,New
6730,Customer 6730,Kakinada,Returning
6731,Customer 6731,Nellore,VIP
6732,Customer 6732,Vijayawada,New
6733,Customer 6733,Vijayawada,VIP
6734,Customer 6734,Guntur,Returning
6735,Customer 6735,Tirupati,New
6736,Customer 6736,Ongole,VIP
6737,Customer 6737,Kakinada,New
6738,Customer 6738,Ongole,VIP
6739,Customer 6739,Kurnool,New
6740,Customer 6740,Kakinada,New
6741,Customer 6741,Anantapur,Returning
6742,Customer 6742,Kurnool,New
6743,Customer 6743,Tirupati,VIP
6744,Customer 6744,Kakinada,VIP
6745,Customer 6745,Vijayawada,VIP
6746,Customer 6746,Tirupati,Returning
6747,Customer 6747,Kurnool,VIP
6748,Customer 6748,Kakinada,New
6749,Customer 6749,Kakinada,New
6750,Customer 6750,Guntur,Returning
6751,Customer 6751,Anantapur,New
6752,Customer 6752,Guntur,New
6753,Customer 6753,Vijayawada,VIP
6754,Customer 6754,Vijayawada,Returning
6755,Customer 6755,Anantapur,VIP
6756,Customer 6756,Ongole,VIP
6757,Customer 6757,Ongole,New
6758,Customer 6758,Kakinada,New
6759,Customer 6759,Kurnool,VIP
6760,Customer 6760,Anantapur,New
6761,Customer 6761,Ongole,VIP
6762,Customer 6762,Vijayawada,VIP
6763,Customer 6763,Visakhapatnam,Returning
6764,Customer 6764,Ongole,New
6765,Customer 6765,Tirupati,New
6766,Customer 6766,Vijayawada,New
6767,Customer 6767,Nellore,New
6768,Customer 6768,Vijayawada,Returning
6769,Customer 6769,Anantapur,Returning
6770,Customer 6770,Kakinada,VIP
6771,Customer 6771,Rajahmundry,New
6772,Customer 6772,Rajahmundry,Returning
6773,Customer 6773,Nellore,Returning
6774,Customer 6774,Kakinada,New
6775,Customer 6775,Guntur,Returning
6776,Customer 6776,Vijayawada,New
6777,Customer 6777,Nellore,New
6778,Customer 6778,Ongole,VIP
6779,Customer 6779,Kurnool,VIP
6780,Customer 6780,Kurnool,Returning
6781,Customer 6781,Tirupati,Returning
6782,Customer 6782,Vijayawada,New
6783,Customer 6783,Kurnool,Returning
6784,Customer 6784,Nellore,Returning
6785,Customer 6785,Vijayawada,Returning
6786,Customer 6786,Kakinada,Returning
6787,Customer 6787,Vijayawada,Returning
6788,Customer 6788,Vijayawada,Returning
6789,Customer 6789,Anantapur,VIP
6790,Customer 6790,Vijayawada,New
6791,Customer 6791,Visakhapatnam,Returning
6792,Customer 6792,Nellore,VIP
6793,Customer 6793,Tirupati,VIP
6794,Customer 6794,Anantapur,Returning
6795,Customer 6795,Guntur,New
6796,Customer 6796,Tirupati,Returning
6797,Customer 6797,Nellore,VIP
6798,Customer 6798,Rajahmundry,New
6799,Customer 6799,Nellore,Returning
6800,Customer 6800,Nellore,VIP
6801,Customer 6801,Kakinada,New
6802,Customer 6802,Guntur,VIP
6803,Customer 6803,Anantapur,VIP
6804,Customer 6804,Rajahmundry,New
6805,Customer 6805,Rajahmundry,VIP
6806,Customer 6806,Kakinada,Returning
6807,Customer 6807,Anantapur,VIP
6808,Customer 6808,Vijayawada,VIP
6809,Customer 6809,Anantapur,VIP
6810,Customer 6810,Guntur,Returning
6811,Customer 6811,Tirupati,Returning
6812,Customer 6812,Rajahmundry,New
6813,Customer 6813,Vijayawada,New
6814,Customer 6814,Visakhapatnam,VIP
6815,Customer 6815,Kakinada,VIP
6816,Customer 6816,Nellore,Returning
6817,Customer 6817,Kakinada,VIP
6818,Customer 6818,Visakhapatnam,VIP
6819,Customer 6819,Kakinada,Returning
6820,Customer 6820,Vijayawada,New
6821,Customer 6821,Anantapur,VIP
6822,Customer 6822,Vijayawada,New
6823,Customer 6823,Tirupati,VIP
6824,Customer 6824,Nellore,VIP
6825,Customer 6825,Rajahmundry,Returning
6826,Customer 6826,Guntur,New
6827,Customer 6827,Guntur,Returning
6828,Customer 6828,Kurnool,Returning
6829,Customer 6829,Kakinada,Returning
6830,Customer 6830,Kurnool,Returning
6831,Customer 6831,Nellore,New
6832,Customer 6832,Rajahmundry,Returning
6833,Customer 6833,Visakhapatnam,Returning
6834,Customer 6834,Vijayawada,Returning
6835,Customer 6835,Anantapur,Returning
6836,Customer 6836,Rajahmundry,New
6837,Customer 6837,Guntur,New
6838,Customer 6838,Rajahmundry,New
6839,Customer 6839,Anantapur,VIP
6840,Customer 6840,Rajahmundry,VIP
6841,Customer 6841,Nellore,New
6842,Customer 6842,Visakhapatnam,VIP
6843,Customer 6843,Nellore,VIP
6844,Customer 6844,Kurnool,VIP
6845,Customer 6845,Nellore,New
6846,Customer 6846,Rajahmundry,Returning
6847,Customer 6847,Tirupati,Returning
6848,Customer 6848,Vijayawada,Returning
6849,Customer 6849,Kakinada,New
6850,Customer 6850,Kakinada,Returning
6851,Customer 6851,Vijayawada,New
6852,Customer 6852,Kakinada,New
6853,Customer 6853,Visakhapatnam,New
6854,Customer 6854,Vijayawada,VIP
6855,Customer 6855,Nellore,VIP
6856,Customer 6856,Tirupati,VIP
6857,Customer 6857,Visakhapatnam,Returning
6858,Customer 6858,Vijayawada,New
6859,Customer 6859,Kakinada,New
6860,Customer 6860,Kurnool,Returning
6861,Customer 6861,Tirupati,Returning
6862,Customer 6862,Nellore,New
6863,Customer 6863,Rajahmundry,VIP
6864,Customer 6864,Vijayawada,VIP
6865,Customer 6865,Nellore,VIP
6866,Customer 6866,Kakinada,VIP
6867,Customer 6867,Kakinada,New
6868,Customer 6868,Ongole,VIP
6869,Customer 6869,Guntur,New
6870,Customer 6870,Anantapur,VIP
6871,Customer 6871,Kakinada,Returning
6872,Customer 6872,Nellore,Returning
6873,Customer 6873,Tirupati,VIP
6874,Customer 6874,Kurnool,VIP
6875,Customer 6875,Rajahmundry,VIP
6876,Customer 6876,Kakinada,New
6877,Customer 6877,Visakhapatnam,VIP
6878,Customer 6878,Rajahmundry,New
6879,Customer 6879,Tirupati,Returning
6880,Customer 6880,Rajahmundry,New
6881,Customer 6881,Rajahmundry,Returning
6882,Customer 6882,Tirupati,VIP
6883,Customer 6883,Anantapur,Returning
6884,Customer 6884,Vijayawada,Returning
6885,Customer 6885,Guntur,VIP
6886,Customer 6886,Kurnool,VIP
6887,Customer 6887,Tirupati,New
6888,Customer 6888,Kakinada,New
6889,Customer 6889,Vijayawada,Returning
6890,Customer 6890,Ongole,New
6891,Customer 6891,Visakhapatnam,New
6892,Customer 6892,Visakhapatnam,VIP
6893,Customer 6893,Tirupati,VIP
6894,Customer 6894,Kakinada,Returning
6895,Customer 6895,Guntur,Returning
6896,Customer 6896,Tirupati,Returning
6897,Customer 6897,Rajahmundry,Returning
6898,Customer 6898,Visakhapatnam,New
6899,Customer 6899,Ongole,New
6900,Customer 6900,Nellore,Returning
6901,Customer 6901,Vijayawada,New
6902,Customer 6902,Kakinada,VIP
6903,Customer 6903,Nellore,New
6904,Customer 6904,Visakhapatnam,VIP
6905,Customer 6905,Vijayawada,VIP
6906,Customer 6906,Anantapur,New
6907,Customer 6907,Guntur,Returning
6908,Customer 6908,Guntur,Returning
6909,Customer 6909,Vijayawada,New
6910,Customer 6910,Visakhapatnam,VIP
6911,Customer 6911,Guntur,Returning
6912,Customer 6912,Vijayawada,VIP
6913,Customer 6913,Ongole,VIP
6914,Customer 6914,Visakhapatnam,Returning
6915,Customer 6915,Rajahmundry,New
6916,Customer 6916,Anantapur,VIP
6917,Customer 6917,Kurnool,Returning
6918,Customer 6918,Anantapur,VIP
6919,Customer 6919,Guntur,Returning
6920,Customer 6920,Nellore,New
6921,Customer 6921,Tirupati,VIP
6922,Customer 6922,Rajahmundry,VIP
6923,Customer 6923,Kakinada,Returning
6924,Customer 6924,Kakinada,VIP
6925,Customer 6925,Tirupati,New
6926,Customer 6926,Vijayawada,Returning
6927,Customer 6927,Vijayawada,Returning
6928,Customer 6928,Visakhapatnam,Returning
6929,Customer 6929,Anantapur,VIP
6930,Customer 6930,Ongole,Returning
6931,Customer 6931,Anantapur,Returning
6932,Customer 6932,Vijayawada,VIP
6933,Customer 6933,Visakhapatnam,VIP
6934,Customer 6934,Nellore,VIP
6935,Customer 6935,Guntur,Returning
6936,Customer 6936,Anantapur,VIP
6937,Customer 6937,Rajahmundry,Returning
6938,Customer 6938,Kakinada,Returning
6939,Customer 6939,Ongole,Returning
6940,Customer 6940,Ongole,New
6941,Customer 6941,Guntur,New
6942,Customer 6942,Visakhapatnam,Returning
6943,Customer 6943,Visakhapatnam,New
6944,Customer 6944,Visakhapatnam,Returning
6945,Customer 6945,Anantapur,New
6946,Customer 6946,Nellore,Returning
6947,Customer 6947,Tirupati,New
6948,Customer 6948,Tirupati,Returning
6949,Customer 6949,Kurnool,New
6950,Customer 6950,Kurnool,VIP
6951,Customer 6951,Kakinada,Returning
6952,Customer 6952,Tirupati,New
6953,Customer 6953,Vijayawada,New
6954,Customer 6954,Guntur,New
6955,Customer 6955,Vijayawada,VIP
6956,Customer 6956,Ongole,VIP
6957,Customer 6957,Kurnool,New
6958,Customer 6958,Kakinada,VIP
6959,Customer 6959,Guntur,VIP
6960,Customer 6960,Rajahmundry,Returning
6961,Customer 6961,Visakhapatnam,New
6962,Customer 6962,Rajahmundry,New
6963,Customer 6963,Guntur,Returning
6964,Customer 6964,Guntur,VIP
6965,Customer 6965,Anantapur,New
6966,Customer 6966,Kakinada,New
6967,Customer 6967,Vijayawada,New
6968,Customer 6968,Anantapur,New
6969,Customer 6969,Kurnool,VIP
6970,Customer 6970,Ongole,VIP
6971,Customer 6971,Kurnool,New
6972,Customer 6972,Visakhapatnam,New
6973,Customer 6973,Ongole,New
6974,Customer 6974,Nellore,Returning
6975,Customer 6975,Ongole,VIP
6976,Customer 6976,Kurnool,VIP
6977,Customer 6977,Visakhapatnam,VIP
6978,Customer 6978,Visakhapatnam,Returning
6979,Customer 6979,Nellore,New
6980,Customer 6980,Vijayawada,Returning
6981,Customer 6981,Tirupati,Returning
6982,Customer 6982,Nellore,New
6983,Customer 6983,Anantapur,New
6984,Customer 6984,Nellore,VIP
6985,Customer 6985,Nellore,Returning
6986,Customer 6986,Anantapur,VIP
6987,Customer 6987,Guntur,VIP
6988,Customer 6988,Kakinada,New
6989,Customer 6989,Anantapur,New
6990,Customer 6990,Visakhapatnam,New
6991,Customer 6991,Nellore,Returning
6992,Customer 6992,Anantapur,New
6993,Customer 6993,Visakhapatnam,Returning
6994,Customer 6994,Visakhapatnam,Returning
6995,Customer 6995,Guntur,New
6996,Customer 6996,Tirupati,Returning
6997,Customer 6997,Rajahmundry,VIP
6998,Customer 6998,Vijayawada,Returning
6999,Customer 6999,Kurnool,New
7000,Customer 7000,Visakhapatnam,VIP
7001,Customer 7001,Kurnool,VIP
7002,Customer 7002,Kurnool,New
7003,Customer 7003,Kakinada,Returning
7004,Customer 7004,Kakinada,VIP
7005,Customer 7005,Anantapur,Returning
7006,Customer 7006,Guntur,Returning
7007,Customer 7007,Rajahmundry,VIP
7008,Customer 7008,Rajahmundry,VIP
7009,Customer 7009,Vijayawada,New
7010,Customer 7010,Nellore,New
7011,Customer 7011,Nellore,New
7012,Customer 7012,Kakinada,VIP
7013,Customer 7013,Ongole,VIP
7014,Customer 7014,Guntur,New
7015,Customer 7015,Rajahmundry,VIP
7016,Customer 7016,Guntur,Returning
7017,Customer 7017,Ongole,VIP
7018,Customer 7018,Visakhapatnam,VIP
7019,Customer 7019,Tirupati,VIP
7020,Customer 7020,Rajahmundry,New
7021,Customer 7021,Anantapur,VIP
7022,Customer 7022,Nellore,VIP
7023,Customer 7023,Anantapur,New
7024,Customer 7024,Vijayawada,Returning
7025,Customer 7025,Kakinada,VIP
7026,Customer 7026,Vijayawada,New
7027,Customer 7027,Kakinada,Returning
7028,Customer 7028,Anantapur,Returning
7029,Customer 7029,Rajahmundry,New
7030,Customer 7030,Kurnool,Returning
7031,Customer 7031,Anantapur,Returning
7032,Customer 7032,Anantapur,New
7033,Customer 7033,Guntur,VIP
7034,Customer 7034,Kurnool,New
7035,Customer 7035,Rajahmundry,Returning
7036,Customer 7036,Rajahmundry,VIP
7037,Customer 7037,Anantapur,Returning
7038,Customer 7038,Kakinada,Returning
7039,Customer 7039,Anantapur,VIP
7040,Customer 7040,Kakinada,VIP
7041,Customer 7041,Kakinada,VIP
7042,Customer 7042,Rajahmundry,VIP
7043,Customer 7043,Kurnool,New
7044,Customer 7044,Guntur,VIP
7045,Customer 7045,Kurnool,Returning
7046,Customer 7046,Anantapur,Returning
7047,Customer 7047,Kurnool,Returning
7048,Customer 7048,Guntur,VIP
7049,Customer 7049,Visakhapatnam,New
7050,Customer 7050,Visakhapatnam,New
7051,Customer 7051,Tirupati,New
7052,Customer 7052,Rajahmundry,Returning
7053,Customer 7053,Ongole,VIP
7054,Customer 7054,Kurnool,Returning
7055,Customer 7055,Rajahmundry,Returning
7056,Customer 7056,Ongole,VIP
7057,Customer 7057,Kurnool,VIP
7058,Customer 7058,Visakhapatnam,New
7059,Customer 7059,Kurnool,Returning
7060,Customer 7060,Anantapur,New
7061,Customer 7061,Ongole,Returning
7062,Customer 7062,Visakhapatnam,Returning
7063,Customer 7063,Kurnool,Returning
7064,Customer 7064,Ongole,Returning
7065,Customer 7065,Kakinada,New
7066,Customer 7066,Rajahmundry,Returning
7067,Customer 7067,Anantapur,VIP
7068,Customer 7068,Vijayawada,New
7069,Customer 7069,Visakhapatnam,New
7070,Customer 7070,Nellore,New
7071,Customer 7071,Anantapur,New
7072,Customer 7072,Kakinada,New
7073,Customer 7073,Anantapur,New
7074,Customer 7074,Ongole,New
7075,Customer 7075,Nellore,New
7076,Customer 7076,Anantapur,VIP
7077,Customer 7077,Tirupati,New
7078,Customer 7078,Ongole,VIP
7079,Customer 7079,Rajahmundry,Returning
7080,Customer 7080,Vijayawada,Returning
7081,Customer 7081,Tirupati,VIP
7082,Customer 7082,Visakhapatnam,VIP
7083,Customer 7083,Ongole,Returning
7084,Customer 7084,Tirupati,New
7085,Customer 7085,Guntur,New
7086,Customer 7086,Nellore,VIP
7087,Customer 7087,Vijayawada,New
7088,Customer 7088,Nellore,Returning
7089,Customer 7089,Guntur,New
7090,Customer 7090,Kurnool,VIP
7091,Customer 7091,Guntur,Returning
7092,Customer 7092,Kurnool,New
7093,Customer 7093,Tirupati,Returning
7094,Customer 7094,Visakhapatnam,Returning
7095,Customer 7095,Rajahmundry,VIP
7096,Customer 7096,Kakinada,New
7097,Customer 7097,Anantapur,Returning
7098,Customer 7098,Kurnool,VIP
7099,Customer 7099,Anantapur,New
7100,Customer 7100,Rajahmundry,New
7101,Customer 7101,Anantapur,VIP
7102,Customer 7102,Ongole,VIP
7103,Customer 7103,Visakhapatnam,Returning
7104,Customer 7104,Ongole,Returning
7105,Customer 7105,Tirupati,VIP
7106,Customer 7106,Vijayawada,VIP
7107,Customer 7107,Guntur,VIP
7108,Customer 7108,Ongole,VIP
7109,Customer 7109,Vijayawada,New
7110,Customer 7110,Kurnool,Returning
7111,Customer 7111,Tirupati,New
7112,Customer 7112,Nellore,VIP
7113,Customer 7113,Tirupati,New
7114,Customer 7114,Ongole,Returning
7115,Customer 7115,Visakhapatnam,Returning
7116,Customer 7116,Anantapur,VIP
7117,Customer 7117,Anantapur,New
7118,Customer 7118,Vijayawada,VIP
7119,Customer 7119,Visakhapatnam,VIP
7120,Customer 7120,Tirupati,VIP
7121,Customer 7121,Nellore,Returning
7122,Customer 7122,Nellore,Returning
7123,Customer 7123,Visakhapatnam,VIP
7124,Customer 7124,Vijayawada,VIP
7125,Customer 7125,Kurnool,Returning
7126,Customer 7126,Rajahmundry,Returning
7127,Customer 7127,Kakinada,Returning
7128,Customer 7128,Anantapur,VIP
7129,Customer 7129,Anantapur,New
7130,Customer 7130,Ongole,New
7131,Customer 7131,Visakhapatnam,New
7132,Customer 7132,Ongole,New
7133,Customer 7133,Nellore,VIP
7134,Customer 7134,Anantapur,VIP
7135,Customer 7135,Tirupati,Returning
7136,Customer 7136,Kakinada,Returning
7137,Customer 7137,Ongole,Returning
7138,Customer 7138,Guntur,New
7139,Customer 7139,Tirupati,New
7140,Customer 7140,Vijayawada,Returning
7141,Customer 7141,Rajahmundry,Returning
7142,Customer 7142,Visakhapatnam,VIP
7143,Customer 7143,Guntur,VIP
7144,Customer 7144,Tirupati,VIP
7145,Customer 7145,Kakinada,New
7146,Customer 7146,Ongole,Returning
7147,Customer 7147,Guntur,New
7148,Customer 7148,Kakinada,Returning
7149,Customer 7149,Tirupati,VIP
7150,Customer 7150,Ongole,VIP
7151,Customer 7151,Kurnool,VIP
7152,Customer 7152,Visakhapatnam,Returning
7153,Customer 7153,Ongole,New
7154,Customer 7154,Guntur,New
7155,Customer 7155,Kurnool,VIP
7156,Customer 7156,Guntur,Returning
7157,Customer 7157,Anantapur,New
7158,Customer 7158,Vijayawada,VIP
7159,Customer 7159,Visakhapatnam,Returning
7160,Customer 7160,Guntur,VIP
7161,Customer 7161,Visakhapatnam,New
7162,Customer 7162,Tirupati,VIP
7163,Customer 7163,Tirupati,New
7164,Customer 7164,Vijayawada,New
7165,Customer 7165,Nellore,VIP
7166,Customer 7166,Anantapur,New
7167,Customer 7167,Kurnool,Returning
7168,Customer 7168,Ongole,Returning
7169,Customer 7169,Kakinada,VIP
7170,Customer 7170,Kurnool,VIP
7171,Customer 7171,Visakhapatnam,New
7172,Customer 7172,Kakinada,New
7173,Customer 7173,Guntur,VIP
7174,Customer 7174,Anantapur,VIP
7175,Customer 7175,Nellore,Returning
7176,Customer 7176,Anantapur,VIP
7177,Customer 7177,Nellore,VIP
7178,Customer 7178,Ongole,New
7179,Customer 7179,Anantapur,Returning
7180,Customer 7180,Anantapur,New
7181,Customer 7181,Nellore,Returning
7182,Customer 7182,Kakinada,New
7183,Customer 7183,Nellore,Returning
7184,Customer 7184,Vijayawada,Returning
7185,Customer 7185,Nellore,New
7186,Customer 7186,Tirupati,Returning
7187,Customer 7187,Nellore,New
7188,Customer 7188,Visakhapatnam,Returning
7189,Customer 7189,Nellore,New
7190,Customer 7190,Visakhapatnam,VIP
7191,Customer 7191,Rajahmundry,VIP
7192,Customer 7192,Tirupati,VIP
7193,Customer 7193,Kurnool,New
7194,Customer 7194,Rajahmundry,New
7195,Customer 7195,Guntur,VIP
7196,Customer 7196,Visakhapatnam,Returning
7197,Customer 7197,Nellore,VIP
7198,Customer 7198,Guntur,Returning
7199,Customer 7199,Kurnool,New
7200,Customer 7200,Vijayawada,New
7201,Customer 7201,Nellore,New
7202,Customer 7202,Guntur,Returning
7203,Customer 7203,Vijayawada,Returning
7204,Customer 7204,Kurnool,Returning
7205,Customer 7205,Visakhapatnam,Returning
7206,Customer 7206,Ongole,VIP
7207,Customer 7207,Visakhapatnam,New
7208,Customer 7208,Anantapur,Returning
7209,Customer 7209,Kakinada,VIP
7210,Customer 7210,Kurnool,Returning
7211,Customer 7211,Kurnool,Returning
7212,Customer 7212,Visakhapatnam,New
7213,Customer 7213,Kakinada,VIP
7214,Customer 7214,Nellore,Returning
7215,Customer 7215,Ongole,New
7216,Customer 7216,Ongole,VIP
7217,Customer 7217,Kurnool,Returning
7218,Customer 7218,Rajahmundry,New
7219,Customer 7219,Guntur,New
7220,Customer 7220,Nellore,New
7221,Customer 7221,Vijayawada,Returning
7222,Customer 7222,Ongole,Returning
7223,Customer 7223,Tirupati,VIP
7224,Customer 7224,Nellore,New
7225,Customer 7225,Vijayawada,VIP
7226,Customer 7226,Tirupati,New
7227,Customer 7227,Kakinada,New
7228,Customer 7228,Visakhapatnam,VIP
7229,Customer 7229,Rajahmundry,New
7230,Customer 7230,Ongole,VIP
7231,Customer 7231,Nellore,New
7232,Customer 7232,Kurnool,VIP
7233,Customer 7233,Kakinada,Returning
7234,Customer 7234,Tirupati,VIP
7235,Customer 7235,Tirupati,New
7236,Customer 7236,Tirupati,New
7237,Customer 7237,Visakhapatnam,Returning
7238,Customer 7238,Rajahmundry,Returning
7239,Customer 7239,Anantapur,VIP
7240,Customer 7240,Visakhapatnam,New
7241,Customer 7241,Nellore,New
7242,Customer 7242,Anantapur,VIP
7243,Customer 7243,Visakhapatnam,New
7244,Customer 7244,Ongole,VIP
7245,Customer 7245,Kurnool,New
7246,Customer 7246,Guntur,New
7247,Customer 7247,Kakinada,New
7248,Customer 7248,Kurnool,Returning
7249,Customer 7249,Anantapur,VIP
7250,Customer 7250,Nellore,Returning
7251,Customer 7251,Kakinada,New
7252,Customer 7252,Guntur,VIP
7253,Customer 7253,Guntur,VIP
7254,Customer 7254,Guntur,New
7255,Customer 7255,Anantapur,VIP
7256,Customer 7256,Kurnool,New
7257,Customer 7257,Nellore,New
7258,Customer 7258,Anantapur,VIP
7259,Customer 7259,Kurnool,VIP
7260,Customer 7260,Ongole,Returning
7261,Customer 7261,Vijayawada,Returning
7262,Customer 7262,Nellore,VIP
7263,Customer 7263,Vijayawada,VIP
7264,Customer 7264,Visakhapatnam,VIP
7265,Customer 7265,Anantapur,Returning
7266,Customer 7266,Tirupati,Returning
7267,Customer 7267,Visakhapatnam,Returning
7268,Customer 7268,Kakinada,Returning
7269,Customer 7269,Ongole,New
7270,Customer 7270,Vijayawada,VIP
7271,Customer 7271,Kakinada,Returning
7272,Customer 7272,Kurnool,VIP
7273,Customer 7273,Rajahmundry,VIP
7274,Customer 7274,Kurnool,New
7275,Customer 7275,Rajahmundry,VIP
7276,Customer 7276,Tirupati,VIP
7277,Customer 7277,Nellore,Returning
7278,Customer 7278,Guntur,VIP
7279,Customer 7279,Kakinada,New
7280,Customer 7280,Kakinada,New
7281,Customer 7281,Kurnool,New
7282,Customer 7282,Kurnool,VIP
7283,Customer 7283,Kakinada,New
7284,Customer 7284,Kakinada,VIP
7285,Customer 7285,Kakinada,Returning
7286,Customer 7286,Guntur,Returning
7287,Customer 7287,Visakhapatnam,New
7288,Customer 7288,Guntur,Returning
7289,Customer 7289,Nellore,Returning
7290,Customer 7290,Rajahmundry,New
7291,Customer 7291,Guntur,Returning
7292,Customer 7292,Ongole,New
7293,Customer 7293,Ongole,New
7294,Customer 7294,Visakhapatnam,New
7295,Customer 7295,Ongole,VIP
7296,Customer 7296,Nellore,VIP
7297,Customer 7297,Ongole,Returning
7298,Customer 7298,Anantapur,VIP
7299,Customer 7299,Nellore,Returning
7300,Customer 7300,Nellore,New
7301,Customer 7301,Nellore,VIP
7302,Customer 7302,Guntur,New
7303,Customer 7303,Nellore,New
7304,Customer 7304,Vijayawada,Returning
7305,Customer 7305,Kakinada,VIP
7306,Customer 7306,Nellore,Returning
7307,Customer 7307,Tirupati,VIP
7308,Customer 7308,Rajahmundry,New
7309,Customer 7309,Ongole,VIP
7310,Customer 7310,Vijayawada,VIP
7311,Customer 7311,Guntur,New
7312,Customer 7312,Anantapur,Returning
7313,Customer 7313,Guntur,VIP
7314,Customer 7314,Anantapur,New
7315,Customer 7315,Kurnool,Returning
7316,Customer 7316,Kurnool,Returning
7317,Customer 7317,Ongole,Returning
7318,Customer 7318,Guntur,Returning
7319,Customer 7319,Ongole,Returning
7320,Customer 7320,Rajahmundry,New
7321,Customer 7321,Anantapur,Returning
7322,Customer 7322,Rajahmundry,Returning
7323,Customer 7323,Rajahmundry,VIP
7324,Customer 7324,Tirupati,VIP
7325,Customer 7325,Kurnool,New
7326,Customer 7326,Nellore,VIP
7327,Customer 7327,Guntur,New
7328,Customer 7328,Tirupati,New
7329,Customer 7329,Kurnool,Returning
7330,Customer 7330,Guntur,New
7331,Customer 7331,Kakinada,New
7332,Customer 7332,Rajahmundry,VIP
7333,Customer 7333,Guntur,New
7334,Customer 7334,Anantapur,Returning
7335,Customer 7335,Visakhapatnam,VIP
7336,Customer 7336,Anantapur,Returning
7337,Customer 7337,Visakhapatnam,VIP
7338,Customer 7338,Visakhapatnam,VIP
7339,Customer 7339,Anantapur,VIP
7340,Customer 7340,Kurnool,New
7341,Customer 7341,Tirupati,VIP
7342,Customer 7342,Kakinada,Returning
7343,Customer 7343,Visakhapatnam,VIP
7344,Customer 7344,Rajahmundry,VIP
7345,Customer 7345,Nellore,VIP
7346,Customer 7346,Anantapur,Returning
7347,Customer 7347,Anantapur,New
7348,Customer 7348,Visakhapatnam,Returning
7349,Customer 7349,Ongole,New
7350,Customer 7350,Ongole,New
7351,Customer 7351,Ongole,New
7352,Customer 7352,Kurnool,New
7353,Customer 7353,Kakinada,VIP
7354,Customer 7354,Visakhapatnam,New
7355,Customer 7355,Kurnool,New
7356,Customer 7356,Vijayawada,VIP
7357,Customer 7357,Tirupati,Returning
7358,Customer 7358,Rajahmundry,VIP
7359,Customer 7359,Kurnool,Returning
7360,Customer 7360,Tirupati,VIP
7361,Customer 7361,Visakhapatnam,Returning
7362,Customer 7362,Ongole,VIP
7363,Customer 7363,Kakinada,Returning
7364,Customer 7364,Ongole,Returning
7365,Customer 7365,Guntur,New
7366,Customer 7366,Nellore,Returning
7367,Customer 7367,Guntur,New
7368,Customer 7368,Kurnool,New
7369,Customer 7369,Rajahmundry,Returning
7370,Customer 7370,Vijayawada,VIP
7371,Customer 7371,Visakhapatnam,VIP
7372,Customer 7372,Rajahmundry,VIP
7373,Customer 7373,Ongole,New
7374,Customer 7374,Guntur,Returning
7375,Customer 7375,Ongole,New
7376,Customer 7376,Tirupati,New
7377,Customer 7377,Kurnool,VIP
7378,Customer 7378,Kurnool,VIP
7379,Customer 7379,Kurnool,VIP
7380,Customer 7380,Nellore,VIP
7381,Customer 7381,Guntur,Returning
7382,Customer 7382,Visakhapatnam,VIP
7383,Customer 7383,Nellore,VIP
7384,Customer 7384,Kakinada,Returning
7385,Customer 7385,Anantapur,VIP
7386,Customer 7386,Rajahmundry,Returning
7387,Customer 7387,Tirupati,VIP
7388,Customer 7388,Anantapur,VIP
7389,Customer 7389,Tirupati,New
7390,Customer 7390,Kakinada,VIP
7391,Customer 7391,Visakhapatnam,VIP
7392,Customer 7392,Vijayawada,New
7393,Customer 7393,Vijayawada,VIP
7394,Customer 7394,Vijayawada,VIP
7395,Customer 7395,Kurnool,Returning
7396,Customer 7396,Ongole,Returning
7397,Customer 7397,Kurnool,VIP
7398,Customer 7398,Rajahmundry,VIP
7399,Customer 7399,Guntur,VIP
7400,Customer 7400,Vijayawada,VIP
7401,Customer 7401,Kakinada,New
7402,Customer 7402,Kurnool,New
7403,Customer 7403,Rajahmundry,Returning
7404,Customer 7404,Rajahmundry,VIP
7405,Customer 7405,Visakhapatnam,VIP
7406,Customer 7406,Vijayawada,New
7407,Customer 7407,Nellore,New
7408,Customer 7408,Ongole,Returning
7409,Customer 7409,Ongole,Returning
7410,Customer 7410,Kakinada,New
7411,Customer 7411,Ongole,New
7412,Customer 7412,Nellore,Returning
7413,Customer 7413,Guntur,VIP
7414,Customer 7414,Guntur,New
7415,Customer 7415,Tirupati,Returning
7416,Customer 7416,Vijayawada,New
7417,Customer 7417,Kurnool,Returning
7418,Customer 7418,Anantapur,New
7419,Customer 7419,Anantapur,New
7420,Customer 7420,Anantapur,Returning
7421,Customer 7421,Rajahmundry,New
7422,Customer 7422,Anantapur,New
7423,Customer 7423,Ongole,VIP
7424,Customer 7424,Tirupati,New
7425,Customer 7425,Tirupati,New
7426,Customer 7426,Tirupati,VIP
7427,Customer 7427,Tirupati,Returning
7428,Customer 7428,Nellore,New
7429,Customer 7429,Anantapur,New
7430,Customer 7430,Nellore,New
7431,Customer 7431,Kurnool,Returning
7432,Customer 7432,Kurnool,VIP
7433,Customer 7433,Tirupati,VIP
7434,Customer 7434,Visakhapatnam,Returning
7435,Customer 7435,Guntur,VIP
7436,Customer 7436,Vijayawada,Returning
7437,Customer 7437,Guntur,VIP
7438,Customer 7438,Vijayawada,New
7439,Customer 7439,Tirupati,New
7440,Customer 7440,Anantapur,New
7441,Customer 7441,Anantapur,VIP
7442,Customer 7442,Anantapur,VIP
7443,Customer 7443,Visakhapatnam,New
7444,Customer 7444,Kurnool,VIP
7445,Customer 7445,Nellore,New
7446,Customer 7446,Tirupati,New
7447,Customer 7447,Vijayawada,VIP
7448,Customer 7448,Tirupati,New
7449,Customer 7449,Anantapur,Returning
7450,Customer 7450,Anantapur,Returning
7451,Customer 7451,Rajahmundry,Returning
7452,Customer 7452,Kakinada,VIP
7453,Customer 7453,Kurnool,New
7454,Customer 7454,Rajahmundry,New
7455,Customer 7455,Kurnool,VIP
7456,Customer 7456,Guntur,VIP
7457,Customer 7457,Guntur,New
7458,Customer 7458,Guntur,VIP
7459,Customer 7459,Guntur,VIP
7460,Customer 7460,Guntur,Returning
7461,Customer 7461,Guntur,Returning
7462,Customer 7462,Nellore,VIP
7463,Customer 7463,Vijayawada,VIP
7464,Customer 7464,Nellore,VIP
7465,Customer 7465,Ongole,Returning
7466,Customer 7466,Guntur,VIP
7467,Customer 7467,Nellore,New
7468,Customer 7468,Ongole,New
7469,Customer 7469,Ongole,Returning
7470,Customer 7470,Tirupati,Returning
7471,Customer 7471,Kakinada,VIP
7472,Customer 7472,Nellore,Returning
7473,Customer 7473,Kurnool,New
7474,Customer 7474,Rajahmundry,VIP
7475,Customer 7475,Ongole,VIP
7476,Customer 7476,Nellore,New
7477,Customer 7477,Kakinada,New
7478,Customer 7478,Tirupati,Returning
7479,Customer 7479,Ongole,Returning
7480,Customer 7480,Tirupati,Returning
7481,Customer 7481,Nellore,Returning
7482,Customer 7482,Ongole,VIP
7483,Customer 7483,Kurnool,VIP
7484,Customer 7484,Kakinada,New
7485,Customer 7485,Kurnool,Returning
7486,Customer 7486,Guntur,New
7487,Customer 7487,Tirupati,New
7488,Customer 7488,Rajahmundry,New
7489,Customer 7489,Visakhapatnam,VIP
7490,Customer 7490,Visakhapatnam,New
7491,Customer 7491,Rajahmundry,VIP
7492,Customer 7492,Rajahmundry,New
7493,Customer 7493,Guntur,Returning
7494,Customer 7494,Visakhapatnam,Returning
7495,Customer 7495,Ongole,New
7496,Customer 7496,Nellore,VIP
7497,Customer 7497,Anantapur,VIP
7498,Customer 7498,Vijayawada,VIP
7499,Customer 7499,Vijayawada,New
7500,Customer 7500,Nellore,New
7501,Customer 7501,Nellore,Returning
7502,Customer 7502,Kakinada,New
7503,Customer 7503,Visakhapatnam,VIP
7504,Customer 7504,Kurnool,New
7505,Customer 7505,Rajahmundry,New
7506,Customer 7506,Tirupati,Returning
7507,Customer 7507,Ongole,VIP
7508,Customer 7508,Vijayawada,New
7509,Customer 7509,Kurnool,VIP
7510,Customer 7510,Visakhapatnam,VIP
7511,Customer 7511,Anantapur,Returning
7512,Customer 7512,Kurnool,VIP
7513,Customer 7513,Vijayawada,VIP
7514,Customer 7514,Kakinada,New
7515,Customer 7515,Kurnool,Returning
7516,Customer 7516,Tirupati,New
7517,Customer 7517,Vijayawada,New
7518,Customer 7518,Visakhapatnam,New
7519,Customer 7519,Kurnool,New
7520,Customer 7520,Visakhapatnam,New
7521,Customer 7521,Kurnool,New
7522,Customer 7522,Vijayawada,New
7523,Customer 7523,Vijayawada,VIP
7524,Customer 7524,Guntur,VIP
7525,Customer 7525,Visakhapatnam,New
7526,Customer 7526,Guntur,VIP
7527,Customer 7527,Vijayawada,New
7528,Customer 7528,Kurnool,VIP
7529,Customer 7529,Vijayawada,VIP
7530,Customer 7530,Vijayawada,VIP
7531,Customer 7531,Kurnool,New
7532,Customer 7532,Kurnool,VIP
7533,Customer 7533,Guntur,New
7534,Customer 7534,Tirupati,New
7535,Customer 7535,Vijayawada,Returning
7536,Customer 7536,Vijayawada,Returning
7537,Customer 7537,Nellore,Returning
7538,Customer 7538,Visakhapatnam,Returning
7539,Customer 7539,Kurnool,VIP
7540,Customer 7540,Nellore,Returning
7541,Customer 7541,Visakhapatnam,Returning
7542,Customer 7542,Ongole,Returning
7543,Customer 7543,Ongole,New
7544,Customer 7544,Nellore,Returning
7545,Customer 7545,Ongole,VIP
7546,Customer 7546,Visakhapatnam,VIP
7547,Customer 7547,Rajahmundry,VIP
7548,Customer 7548,Tirupati,Returning
7549,Customer 7549,Kakinada,VIP
7550,Customer 7550,Nellore,Returning
7551,Customer 7551,Kakinada,New
7552,Customer 7552,Vijayawada,New
7553,Customer 7553,Tirupati,Returning
7554,Customer 7554,Kakinada,New
7555,Customer 7555,Guntur,VIP
7556,Customer 7556,Tirupati,VIP
7557,Customer 7557,Anantapur,VIP
7558,Customer 7558,Anantapur,VIP
7559,Customer 7559,Ongole,New
7560,Customer 7560,Guntur,New
7561,Customer 7561,Nellore,VIP
7562,Customer 7562,Ongole,New
7563,Customer 7563,Rajahmundry,VIP
7564,Customer 7564,Guntur,New
7565,Customer 7565,Kakinada,New
7566,Customer 7566,Rajahmundry,Returning
7567,Customer 7567,Nellore,VIP
7568,Customer 7568,Guntur,Returning
7569,Customer 7569,Ongole,Returning
7570,Customer 7570,Kakinada,Returning
7571,Customer 7571,Kakinada,Returning
7572,Customer 7572,Nellore,VIP
7573,Customer 7573,Anantapur,Returning
7574,Customer 7574,Kurnool,Returning
7575,Customer 7575,Kakinada,Returning
7576,Customer 7576,Rajahmundry,New
7577,Customer 7577,Guntur,VIP
7578,Customer 7578,Kakinada,VIP
7579,Customer 7579,Anantapur,VIP
7580,Customer 7580,Kurnool,New
7581,Customer 7581,Rajahmundry,New
7582,Customer 7582,Ongole,Returning
7583,Customer 7583,Kakinada,Returning
7584,Customer 7584,Rajahmundry,Returning
7585,Customer 7585,Ongole,New
7586,Customer 7586,Ongole,VIP
7587,Customer 7587,Tirupati,VIP
7588,Customer 7588,Rajahmundry,Returning
7589,Customer 7589,Kurnool,VIP
7590,Customer 7590,Guntur,VIP
7591,Customer 7591,Nellore,VIP
7592,Customer 7592,Vijayawada,VIP
7593,Customer 7593,Kurnool,Returning
7594,Customer 7594,Vijayawada,New
7595,Customer 7595,Guntur,VIP
7596,Customer 7596,Kakinada,New
7597,Customer 7597,Guntur,New
7598,Customer 7598,Kakinada,New
7599,Customer 7599,Ongole,New
7600,Customer 7600,Ongole,VIP
7601,Customer 7601,Kurnool,VIP
7602,Customer 7602,Vijayawada,VIP
7603,Customer 7603,Visakhapatnam,Returning
7604,Customer 7604,Ongole,Returning
7605,Customer 7605,Kurnool,New
7606,Customer 7606,Vijayawada,Returning
7607,Customer 7607,Guntur,New
7608,Customer 7608,Tirupati,VIP
7609,Customer 7609,Rajahmundry,VIP
7610,Customer 7610,Anantapur,VIP
7611,Customer 7611,Ongole,VIP
7612,Customer 7612,Nellore,Returning
7613,Customer 7613,Tirupati,VIP
7614,Customer 7614,Rajahmundry,Returning
7615,Customer 7615,Visakhapatnam,Returning
7616,Customer 7616,Visakhapatnam,New
7617,Customer 7617,Tirupati,Returning
7618,Customer 7618,Rajahmundry,Returning
7619,Customer 7619,Nellore,VIP
7620,Customer 7620,Kakinada,Returning
7621,Customer 7621,Kakinada,VIP
7622,Customer 7622,Kakinada,Returning
7623,Customer 7623,Visakhapatnam,Returning
7624,Customer 7624,Ongole,New
7625,Customer 7625,Tirupati,New
7626,Customer 7626,Anantapur,Returning
7627,Customer 7627,Kakinada,New
7628,Customer 7628,Vijayawada,VIP
7629,Customer 7629,Anantapur,Returning
7630,Customer 7630,Kurnool,VIP
7631,Customer 7631,Rajahmundry,Returning
7632,Customer 7632,Kurnool,Returning
7633,Customer 7633,Kakinada,Returning
7634,Customer 7634,Rajahmundry,New
7635,Customer 7635,Ongole,New
7636,Customer 7636,Ongole,Returning
7637,Customer 7637,Nellore,New
7638,Customer 7638,Kurnool,Returning
7639,Customer 7639,Ongole,New
7640,Customer 7640,Tirupati,Returning
7641,Customer 7641,Tirupati,Returning
7642,Customer 7642,Anantapur,New
7643,Customer 7643,Visakhapatnam,Returning
7644,Customer 7644,Visakhapatnam,Returning
7645,Customer 7645,Nellore,VIP
7646,Customer 7646,Tirupati,Returning
7647,Customer 7647,Guntur,VIP
7648,Customer 7648,Anantapur,Returning
7649,Customer 7649,Tirupati,New
7650,Customer 7650,Tirupati,VIP
7651,Customer 7651,Vijayawada,VIP
7652,Customer 7652,Kurnool,Returning
7653,Customer 7653,Ongole,Returning
7654,Customer 7654,Nellore,Returning
7655,Customer 7655,Nellore,Returning
7656,Customer 7656,Tirupati,VIP
7657,Customer 7657,Tirupati,VIP
7658,Customer 7658,Kakinada,New
7659,Customer 7659,Vijayawada,Returning
7660,Customer 7660,Tirupati,New
7661,Customer 7661,Nellore,New
7662,Customer 7662,Vijayawada,Returning
7663,Customer 7663,Nellore,New
7664,Customer 7664,Tirupati,New
7665,Customer 7665,Visakhapatnam,New
7666,Customer 7666,Nellore,VIP
7667,Customer 7667,Vijayawada,VIP
7668,Customer 7668,Tirupati,New
7669,Customer 7669,Anantapur,Returning
7670,Customer 7670,Vijayawada,Returning
7671,Customer 7671,Anantapur,Returning
7672,Customer 7672,Kurnool,Returning
7673,Customer 7673,Ongole,New
7674,Customer 7674,Anantapur,Returning
7675,Customer 7675,Tirupati,Returning
7676,Customer 7676,Rajahmundry,New
7677,Customer 7677,Anantapur,VIP
7678,Customer 7678,Tirupati,VIP
7679,Customer 7679,Kakinada,VIP
7680,Customer 7680,Kurnool,Returning
7681,Customer 7681,Kurnool,New
7682,Customer 7682,Kakinada,VIP
7683,Customer 7683,Ongole,VIP
7684,Customer 7684,Kakinada,Returning
7685,Customer 7685,Guntur,VIP
7686,Customer 7686,Ongole,New
7687,Customer 7687,Rajahmundry,Returning
7688,Customer 7688,Guntur,Returning
7689,Customer 7689,Vijayawada,VIP
7690,Customer 7690,Kakinada,Returning
7691,Customer 7691,Kakinada,VIP
7692,Customer 7692,Guntur,VIP
7693,Customer 7693,Anantapur,Returning
7694,Customer 7694,Nellore,VIP
7695,Customer 7695,Visakhapatnam,Returning
7696,Customer 7696,Nellore,VIP
7697,Customer 7697,Kakinada,VIP
7698,Customer 7698,Ongole,New
7699,Customer 7699,Nellore,VIP
7700,Customer 7700,Kakinada,New
7701,Customer 7701,Tirupati,VIP
7702,Customer 7702,Ongole,VIP
7703,Customer 7703,Nellore,New
7704,Customer 7704,Tirupati,Returning
7705,Customer 7705,Guntur,New
7706,Customer 7706,Nellore,Returning
7707,Customer 7707,Anantapur,VIP
7708,Customer 7708,Kurnool,VIP
7709,Customer 7709,Nellore,Returning
7710,Customer 7710,Anantapur,Returning
7711,Customer 7711,Tirupati,Returning
7712,Customer 7712,Rajahmundry,Returning
7713,Customer 7713,Vijayawada,VIP
7714,Customer 7714,Guntur,VIP
7715,Customer 7715,Ongole,New
7716,Customer 7716,Tirupati,Returning
7717,Customer 7717,Anantapur,VIP
7718,Customer 7718,Kakinada,Returning
7719,Customer 7719,Vijayawada,New
7720,Customer 7720,Kakinada,Returning
7721,Customer 7721,Anantapur,Returning
7722,Customer 7722,Kakinada,Returning
7723,Customer 7723,Rajahmundry,New
7724,Customer 7724,Kurnool,Returning
7725,Customer 7725,Visakhapatnam,New
7726,Customer 7726,Kakinada,VIP
7727,Customer 7727,Vijayawada,New
7728,Customer 7728,Kurnool,VIP
7729,Customer 7729,Tirupati,New
7730,Customer 7730,Kurnool,Returning
7731,Customer 7731,Guntur,VIP
7732,Customer 7732,Visakhapatnam,New
7733,Customer 7733,Ongole,New
7734,Customer 7734,Kurnool,Returning
7735,Customer 7735,Vijayawada,New
7736,Customer 7736,Anantapur,VIP
7737,Customer 7737,Anantapur,New
7738,Customer 7738,Anantapur,Returning
7739,Customer 7739,Ongole,Returning
7740,Customer 7740,Kakinada,Returning
7741,Customer 7741,Tirupati,VIP
7742,Customer 7742,Ongole,New
7743,Customer 7743,Rajahmundry,VIP
7744,Customer 7744,Vijayawada,New
7745,Customer 7745,Kakinada,VIP
7746,Customer 7746,Visakhapatnam,New
7747,Customer 7747,Rajahmundry,Returning
7748,Customer 7748,Ongole,New
7749,Customer 7749,Anantapur,Returning
7750,Customer 7750,Kurnool,New
7751,Customer 7751,Kakinada,VIP
7752,Customer 7752,Ongole,New
7753,Customer 7753,Guntur,Returning
7754,Customer 7754,Nellore,Returning
7755,Customer 7755,Vijayawada,VIP
7756,Customer 7756,Kurnool,VIP
7757,Customer 7757,Vijayawada,New
7758,Customer 7758,Nellore,Returning
7759,Customer 7759,Kakinada,New
7760,Customer 7760,Guntur,Returning
7761,Customer 7761,Tirupati,Returning
7762,Customer 7762,Ongole,New
7763,Customer 7763,Ongole,New
7764,Customer 7764,Kurnool,Returning
7765,Customer 7765,Nellore,VIP
7766,Customer 7766,Ongole,New
7767,Customer 7767,Kurnool,Returning
7768,Customer 7768,Nellore,Returning
7769,Customer 7769,Tirupati,VIP
7770,Customer 7770,Kakinada,New
7771,Customer 7771,Rajahmundry,Returning
7772,Customer 7772,Tirupati,Returning
7773,Customer 7773,Anantapur,Returning
7774,Customer 7774,Ongole,New
7775,Customer 7775,Nellore,New
7776,Customer 7776,Vijayawada,Returning
7777,Customer 7777,Guntur,New
7778,Customer 7778,Kurnool,New
7779,Customer 7779,Ongole,New
7780,Customer 7780,Kakinada,VIP
7781,Customer 7781,Visakhapatnam,Returning
7782,Customer 7782,Kakinada,VIP
7783,Customer 7783,Anantapur,VIP
7784,Customer 7784,Tirupati,VIP
7785,Customer 7785,Vijayawada,Returning
7786,Customer 7786,Vijayawada,VIP
7787,Customer 7787,Kakinada,VIP
7788,Customer 7788,Guntur,New
7789,Customer 7789,Nellore,New
7790,Customer 7790,Tirupati,New
7791,Customer 7791,Rajahmundry,VIP
7792,Customer 7792,Visakhapatnam,New
7793,Customer 7793,Vijayawada,VIP
7794,Customer 7794,Guntur,VIP
7795,Customer 7795,Kurnool,VIP
7796,Customer 7796,Vijayawada,VIP
7797,Customer 7797,Guntur,New
7798,Customer 7798,Tirupati,VIP
7799,Customer 7799,Ongole,Returning
7800,Customer 7800,Ongole,VIP
7801,Customer 7801,Guntur,New
7802,Customer 7802,Nellore,New
7803,Customer 7803,Nellore,Returning
7804,Customer 7804,Rajahmundry,Returning
7805,Customer 7805,Kakinada,New
7806,Customer 7806,Kurnool,Returning
7807,Customer 7807,Kurnool,VIP
7808,Customer 7808,Anantapur,VIP
7809,Customer 7809,Visakhapatnam,New
7810,Customer 7810,Tirupati,VIP
7811,Customer 7811,Rajahmundry,VIP
7812,Customer 7812,Visakhapatnam,Returning
7813,Customer 7813,Kakinada,Returning
7814,Customer 7814,Ongole,Returning
7815,Customer 7815,Ongole,New
7816,Customer 7816,Rajahmundry,VIP
7817,Customer 7817,Anantapur,VIP
7818,Customer 7818,Anantapur,Returning
7819,Customer 7819,Visakhapatnam,VIP
7820,Customer 7820,Vijayawada,New
7821,Customer 7821,Guntur,New
7822,Customer 7822,Ongole,VIP
7823,Customer 7823,Tirupati,Returning
7824,Customer 7824,Rajahmundry,New
7825,Customer 7825,Anantapur,VIP
7826,Customer 7826,Anantapur,Returning
7827,Customer 7827,Rajahmundry,New
7828,Customer 7828,Visakhapatnam,New
7829,Customer 7829,Guntur,VIP
7830,Customer 7830,Visakhapatnam,New
7831,Customer 7831,Visakhapatnam,Returning
7832,Customer 7832,Anantapur,Returning
7833,Customer 7833,Visakhapatnam,New
7834,Customer 7834,Ongole,Returning
7835,Customer 7835,Kakinada,Returning
7836,Customer 7836,Kurnool,Returning
7837,Customer 7837,Nellore,New
7838,Customer 7838,Anantapur,New
7839,Customer 7839,Rajahmundry,VIP
7840,Customer 7840,Anantapur,Returning
7841,Customer 7841,Tirupati,VIP
7842,Customer 7842,Kurnool,Returning
7843,Customer 7843,Tirupati,New
7844,Customer 7844,Nellore,New
7845,Customer 7845,Ongole,New
7846,Customer 7846,Guntur,New
7847,Customer 7847,Rajahmundry,Returning
7848,Customer 7848,Kakinada,Returning
7849,Customer 7849,Guntur,VIP
7850,Customer 7850,Tirupati,New
7851,Customer 7851,Vijayawada,VIP
7852,Customer 7852,Tirupati,VIP
7853,Customer 7853,Vijayawada,VIP
7854,Customer 7854,Vijayawada,New
7855,Customer 7855,Guntur,New
7856,Customer 7856,Vijayawada,New
7857,Customer 7857,Ongole,New
7858,Customer 7858,Anantapur,VIP
7859,Customer 7859,Ongole,New
7860,Customer 7860,Nellore,VIP
7861,Customer 7861,Nellore,VIP
7862,Customer 7862,Guntur,Returning
7863,Customer 7863,Visakhapatnam,VIP
7864,Customer 7864,Tirupati,VIP
7865,Customer 7865,Vijayawada,New
7866,Customer 7866,Nellore,VIP
7867,Customer 7867,Ongole,Returning
7868,Customer 7868,Rajahmundry,Returning
7869,Customer 7869,Rajahmundry,VIP
7870,Customer 7870,Kurnool,Returning
7871,Customer 7871,Ongole,New
7872,Customer 7872,Kurnool,VIP
7873,Customer 7873,Tirupati,VIP
7874,Customer 7874,Rajahmundry,Returning
7875,Customer 7875,Vijayawada,New
7876,Customer 7876,Visakhapatnam,Returning
7877,Customer 7877,Vijayawada,Returning
7878,Customer 7878,Anantapur,Returning
7879,Customer 7879,Rajahmundry,Returning
7880,Customer 7880,Anantapur,VIP
7881,Customer 7881,Visakhapatnam,VIP
7882,Customer 7882,Kurnool,Returning
7883,Customer 7883,Visakhapatnam,VIP
7884,Customer 7884,Ongole,New
7885,Customer 7885,Kakinada,New
7886,Customer 7886,Tirupati,Returning
7887,Customer 7887,Nellore,New
7888,Customer 7888,Tirupati,Returning
7889,Customer 7889,Guntur,Returning
7890,Customer 7890,Visakhapatnam,New
7891,Customer 7891,Tirupati,VIP
7892,Customer 7892,Visakhapatnam,Returning
7893,Customer 7893,Rajahmundry,Returning
7894,Customer 7894,Nellore,Returning
7895,Customer 7895,Rajahmundry,Returning
7896,Customer 7896,Anantapur,Returning
7897,Customer 7897,Nellore,New
7898,Customer 7898,Ongole,Returning
7899,Customer 7899,Tirupati,Returning
7900,Customer 7900,Visakhapatnam,New
7901,Customer 7901,Visakhapatnam,VIP
7902,Customer 7902,Tirupati,New
7903,Customer 7903,Ongole,Returning
7904,Customer 7904,Nellore,VIP
7905,Customer 7905,Kakinada,VIP
7906,Customer 7906,Anantapur,VIP
7907,Customer 7907,Rajahmundry,Returning
7908,Customer 7908,Vijayawada,Returning
7909,Customer 7909,Vijayawada,VIP
7910,Customer 7910,Guntur,VIP
7911,Customer 7911,Guntur,Returning
7912,Customer 7912,Visakhapatnam,VIP
7913,Customer 7913,Rajahmundry,VIP
7914,Customer 7914,Tirupati,Returning
7915,Customer 7915,Rajahmundry,Returning
7916,Customer 7916,Guntur,VIP
7917,Customer 7917,Tirupati,Returning
7918,Customer 7918,Visakhapatnam,VIP
7919,Customer 7919,Tirupati,New
7920,Customer 7920,Vijayawada,New
7921,Customer 7921,Visakhapatnam,VIP
7922,Customer 7922,Nellore,Returning
7923,Customer 7923,Nellore,New
7924,Customer 7924,Visakhapatnam,VIP
7925,Customer 7925,Tirupati,New
7926,Customer 7926,Vijayawada,New
7927,Customer 7927,Visakhapatnam,VIP
7928,Customer 7928,Kurnool,VIP
7929,Customer 7929,Tirupati,Returning
7930,Customer 7930,Ongole,Returning
7931,Customer 7931,Guntur,VIP
7932,Customer 7932,Vijayawada,Returning
7933,Customer 7933,Visakhapatnam,Returning
7934,Customer 7934,Tirupati,Returning
7935,Customer 7935,Visakhapatnam,New
7936,Customer 7936,Nellore,New
7937,Customer 7937,Guntur,Returning
7938,Customer 7938,Guntur,New
7939,Customer 7939,Nellore,VIP
7940,Customer 7940,Tirupati,VIP
7941,Customer 7941,Tirupati,New
7942,Customer 7942,Anantapur,New
7943,Customer 7943,Rajahmundry,VIP
7944,Customer 7944,Nellore,New
7945,Customer 7945,Nellore,New
7946,Customer 7946,Rajahmundry,New
7947,Customer 7947,Rajahmundry,VIP
7948,Customer 7948,Visakhapatnam,VIP
7949,Customer 7949,Rajahmundry,Returning
7950,Customer 7950,Anantapur,VIP
7951,Customer 7951,Ongole,Returning
7952,Customer 7952,Visakhapatnam,VIP
7953,Customer 7953,Anantapur,VIP
7954,Customer 7954,Anantapur,VIP
7955,Customer 7955,Rajahmundry,New
7956,Customer 7956,Tirupati,New
7957,Customer 7957,Ongole,New
7958,Customer 7958,Nellore,Returning
7959,Customer 7959,Vijayawada,Returning
7960,Customer 7960,Visakhapatnam,VIP
7961,Customer 7961,Nellore,Returning
7962,Customer 7962,Vijayawada,Returning
7963,Customer 7963,Rajahmundry,New
7964,Customer 7964,Kurnool,VIP
7965,Customer 7965,Vijayawada,New
7966,Customer 7966,Visakhapatnam,New
7967,Customer 7967,Rajahmundry,VIP
7968,Customer 7968,Anantapur,Returning
7969,Customer 7969,Guntur,VIP
7970,Customer 7970,Ongole,New
7971,Customer 7971,Vijayawada,New
7972,Customer 7972,Rajahmundry,New
7973,Customer 7973,Tirupati,VIP
7974,Customer 7974,Kakinada,New
7975,Customer 7975,Ongole,New
7976,Customer 7976,Rajahmundry,Returning
7977,Customer 7977,Tirupati,Returning
7978,Customer 7978,Visakhapatnam,Returning
7979,Customer 7979,Guntur,VIP
7980,Customer 7980,Nellore,New
7981,Customer 7981,Visakhapatnam,New
7982,Customer 7982,Anantapur,Returning
7983,Customer 7983,Anantapur,VIP
7984,Customer 7984,Anantapur,Returning
7985,Customer 7985,Ongole,New
7986,Customer 7986,Kakinada,New
7987,Customer 7987,Kurnool,New
7988,Customer 7988,Guntur,New
7989,Customer 7989,Kakinada,New
7990,Customer 7990,Vijayawada,Returning
7991,Customer 7991,Ongole,Returning
7992,Customer 7992,Nellore,VIP
7993,Customer 7993,Nellore,New
7994,Customer 7994,Tirupati,New
7995,Customer 7995,Vijayawada,New
7996,Customer 7996,Vijayawada,New
7997,Customer 7997,Ongole,Returning
7998,Customer 7998,Ongole,VIP
7999,Customer 7999,Ongole,New
8000,Customer 8000,Kakinada,Returning
8001,Customer 8001,Guntur,VIP
8002,Customer 8002,Ongole,New
8003,Customer 8003,Anantapur,Returning
8004,Customer 8004,Tirupati,Returning
8005,Customer 8005,Rajahmundry,VIP
8006,Customer 8006,Guntur,Returning
8007,Customer 8007,Vijayawada,Returning
8008,Customer 8008,Guntur,New
8009,Customer 8009,Ongole,VIP
8010,Customer 8010,Rajahmundry,Returning
8011,Customer 8011,Kurnool,VIP
8012,Customer 8012,Anantapur,VIP
8013,Customer 8013,Ongole,New
8014,Customer 8014,Tirupati,Returning
8015,Customer 8015,Visakhapatnam,VIP
8016,Customer 8016,Nellore,New
8017,Customer 8017,Nellore,Returning
8018,Customer 8018,Guntur,New
8019,Customer 8019,Ongole,Returning
8020,Customer 8020,Guntur,Returning
8021,Customer 8021,Kakinada,VIP
8022,Customer 8022,Visakhapatnam,Returning
8023,Customer 8023,Kakinada,VIP
8024,Customer 8024,Ongole,New
8025,Customer 8025,Anantapur,Returning
8026,Customer 8026,Vijayawada,VIP
8027,Customer 8027,Kurnool,VIP
8028,Customer 8028,Vijayawada,VIP
8029,Customer 8029,Rajahmundry,VIP
8030,Customer 8030,Ongole,VIP
8031,Customer 8031,Kurnool,VIP
8032,Customer 8032,Rajahmundry,VIP
8033,Customer 8033,Nellore,VIP
8034,Customer 8034,Ongole,Returning
8035,Customer 8035,Kakinada,VIP
8036,Customer 8036,Rajahmundry,VIP
8037,Customer 8037,Rajahmundry,New
8038,Customer 8038,Tirupati,New
8039,Customer 8039,Rajahmundry,Returning
8040,Customer 8040,Kurnool,VIP
8041,Customer 8041,Visakhapatnam,VIP
8042,Customer 8042,Visakhapatnam,Returning
8043,Customer 8043,Nellore,VIP
8044,Customer 8044,Kakinada,VIP
8045,Customer 8045,Nellore,Returning
8046,Customer 8046,Kurnool,New
8047,Customer 8047,Kurnool,VIP
8048,Customer 8048,Anantapur,VIP
8049,Customer 8049,Kakinada,Returning
8050,Customer 8050,Guntur,VIP
8051,Customer 8051,Guntur,VIP
8052,Customer 8052,Kurnool,New
8053,Customer 8053,Ongole,Returning
8054,Customer 8054,Guntur,Returning
8055,Customer 8055,Kakinada,Returning
8056,Customer 8056,Vijayawada,Returning
8057,Customer 8057,Nellore,VIP
8058,Customer 8058,Rajahmundry,Returning
8059,Customer 8059,Nellore,Returning
8060,Customer 8060,Visakhapatnam,VIP
8061,Customer 8061,Guntur,VIP
8062,Customer 8062,Tirupati,New
8063,Customer 8063,Ongole,VIP
8064,Customer 8064,Kakinada,New
8065,Customer 8065,Ongole,Returning
8066,Customer 8066,Kurnool,New
8067,Customer 8067,Guntur,New
8068,Customer 8068,Kurnool,New
8069,Customer 8069,Guntur,New
8070,Customer 8070,Visakhapatnam,VIP
8071,Customer 8071,Visakhapatnam,Returning
8072,Customer 8072,Visakhapatnam,VIP
8073,Customer 8073,Ongole,VIP
8074,Customer 8074,Kakinada,Returning
8075,Customer 8075,Nellore,New
8076,Customer 8076,Kurnool,Returning
8077,Customer 8077,Visakhapatnam,VIP
8078,Customer 8078,Guntur,VIP
8079,Customer 8079,Kakinada,Returning
8080,Customer 8080,Anantapur,Returning
8081,Customer 8081,Kakinada,Returning
8082,Customer 8082,Nellore,New
8083,Customer 8083,Vijayawada,New
8084,Customer 8084,Visakhapatnam,VIP
8085,Customer 8085,Anantapur,Returning
8086,Customer 8086,Kakinada,Returning
8087,Customer 8087,Kurnool,VIP
8088,Customer 8088,Kakinada,VIP
8089,Customer 8089,Rajahmundry,New
8090,Customer 8090,Kurnool,Returning
8091,Customer 8091,Kurnool,VIP
8092,Customer 8092,Tirupati,Returning
8093,Customer 8093,Tirupati,Returning
8094,Customer 8094,Vijayawada,VIP
8095,Customer 8095,Nellore,VIP
8096,Customer 8096,Rajahmundry,Returning
8097,Customer 8097,Visakhapatnam,VIP
8098,Customer 8098,Nellore,Returning
8099,Customer 8099,Visakhapatnam,New
8100,Customer 8100,Anantapur,VIP
8101,Customer 8101,Tirupati,VIP
8102,Customer 8102,Kakinada,New
8103,Customer 8103,Nellore,VIP
8104,Customer 8104,Tirupati,New
8105,Customer 8105,Visakhapatnam,Returning
8106,Customer 8106,Vijayawada,Returning
8107,Customer 8107,Kakinada,Returning
8108,Customer 8108,Vijayawada,New
8109,Customer 8109,Visakhapatnam,Returning
8110,Customer 8110,Vijayawada,VIP
8111,Customer 8111,Anantapur,New
8112,Customer 8112,Visakhapatnam,Returning
8113,Customer 8113,Kakinada,Returning
8114,Customer 8114,Anantapur,Returning
8115,Customer 8115,Anantapur,VIP
8116,Customer 8116,Kakinada,VIP
8117,Customer 8117,Rajahmundry,Returning
8118,Customer 8118,Ongole,New
8119,Customer 8119,Rajahmundry,Returning
8120,Customer 8120,Rajahmundry,New
8121,Customer 8121,Visakhapatnam,New
8122,Customer 8122,Anantapur,New
8123,Customer 8123,Kurnool,Returning
8124,Customer 8124,Visakhapatnam,New
8125,Customer 8125,Rajahmundry,VIP
8126,Customer 8126,Rajahmundry,Returning
8127,Customer 8127,Kakinada,Returning
8128,Customer 8128,Rajahmundry,Returning
8129,Customer 8129,Vijayawada,VIP
8130,Customer 8130,Anantapur,New
8131,Customer 8131,Kurnool,New
8132,Customer 8132,Vijayawada,New
8133,Customer 8133,Kurnool,Returning
8134,Customer 8134,Tirupati,VIP
8135,Customer 8135,Ongole,New
8136,Customer 8136,Anantapur,VIP
8137,Customer 8137,Nellore,New
8138,Customer 8138,Kurnool,Returning
8139,Customer 8139,Kakinada,New
8140,Customer 8140,Nellore,VIP
8141,Customer 8141,Kurnool,VIP
8142,Customer 8142,Anantapur,Returning
8143,Customer 8143,Kurnool,New
8144,Customer 8144,Rajahmundry,New
8145,Customer 8145,Nellore,New
8146,Customer 8146,Kurnool,Returning
8147,Customer 8147,Kurnool,Returning
8148,Customer 8148,Kakinada,Returning
8149,Customer 8149,Tirupati,New
8150,Customer 8150,Tirupati,VIP
8151,Customer 8151,Ongole,Returning
8152,Customer 8152,Ongole,New
8153,Customer 8153,Kakinada,VIP
8154,Customer 8154,Guntur,VIP
8155,Customer 8155,Visakhapatnam,New
8156,Customer 8156,Kakinada,VIP
8157,Customer 8157,Visakhapatnam,Returning
8158,Customer 8158,Kakinada,VIP
8159,Customer 8159,Tirupati,Returning
8160,Customer 8160,Kakinada,New
8161,Customer 8161,Guntur,Returning
8162,Customer 8162,Rajahmundry,New
8163,Customer 8163,Anantapur,VIP
8164,Customer 8164,Nellore,Returning
8165,Customer 8165,Kurnool,Returning
8166,Customer 8166,Anantapur,Returning
8167,Customer 8167,Kurnool,VIP
8168,Customer 8168,Rajahmundry,New
8169,Customer 8169,Ongole,New
8170,Customer 8170,Kurnool,Returning
8171,Customer 8171,Tirupati,Returning
8172,Customer 8172,Rajahmundry,Returning
8173,Customer 8173,Ongole,Returning
8174,Customer 8174,Vijayawada,Returning
8175,Customer 8175,Guntur,New
8176,Customer 8176,Visakhapatnam,Returning
8177,Customer 8177,Anantapur,Returning
8178,Customer 8178,Nellore,Returning
8179,Customer 8179,Visakhapatnam,Returning
8180,Customer 8180,Rajahmundry,VIP
8181,Customer 8181,Kakinada,Returning
8182,Customer 8182,Visakhapatnam,VIP
8183,Customer 8183,Kakinada,New
8184,Customer 8184,Anantapur,New
8185,Customer 8185,Kurnool,New
8186,Customer 8186,Ongole,VIP
8187,Customer 8187,Rajahmundry,VIP
8188,Customer 8188,Guntur,VIP
8189,Customer 8189,Anantapur,Returning
8190,Customer 8190,Tirupati,VIP
8191,Customer 8191,Tirupati,VIP
8192,Customer 8192,Guntur,New
8193,Customer 8193,Nellore,Returning
8194,Customer 8194,Kurnool,New
8195,Customer 8195,Ongole,New
8196,Customer 8196,Tirupati,New
8197,Customer 8197,Ongole,VIP
8198,Customer 8198,Guntur,New
8199,Customer 8199,Kakinada,Returning
8200,Customer 8200,Visakhapatnam,Returning
8201,Customer 8201,Tirupati,Returning
8202,Customer 8202,Nellore,New
8203,Customer 8203,Rajahmundry,Returning
8204,Customer 8204,Vijayawada,VIP
8205,Customer 8205,Kakinada,Returning
8206,Customer 8206,Rajahmundry,New
8207,Customer 8207,Vijayawada,VIP
8208,Customer 8208,Visakhapatnam,Returning
8209,Customer 8209,Kurnool,New
8210,Customer 8210,Guntur,Returning
8211,Customer 8211,Anantapur,VIP
8212,Customer 8212,Kakinada,New
8213,Customer 8213,Rajahmundry,New
8214,Customer 8214,Kurnool,New
8215,Customer 8215,Vijayawada,New
8216,Customer 8216,Anantapur,VIP
8217,Customer 8217,Tirupati,Returning
8218,Customer 8218,Ongole,VIP
8219,Customer 8219,Visakhapatnam,Returning
8220,Customer 8220,Nellore,New
8221,Customer 8221,Visakhapatnam,Returning
8222,Customer 8222,Guntur,Returning
8223,Customer 8223,Ongole,New
8224,Customer 8224,Visakhapatnam,New
8225,Customer 8225,Rajahmundry,New
8226,Customer 8226,Kakinada,New
8227,Customer 8227,Anantapur,Returning
8228,Customer 8228,Visakhapatnam,VIP
8229,Customer 8229,Anantapur,New
8230,Customer 8230,Visakhapatnam,VIP
8231,Customer 8231,Anantapur,New
8232,Customer 8232,Visakhapatnam,Returning
8233,Customer 8233,Nellore,VIP
8234,Customer 8234,Rajahmundry,New
8235,Customer 8235,Vijayawada,New
8236,Customer 8236,Anantapur,New
8237,Customer 8237,Ongole,Returning
8238,Customer 8238,Kurnool,Returning
8239,Customer 8239,Ongole,New
8240,Customer 8240,Anantapur,New
8241,Customer 8241,Ongole,Returning
8242,Customer 8242,Visakhapatnam,Returning
8243,Customer 8243,Nellore,Returning
8244,Customer 8244,Ongole,Returning
8245,Customer 8245,Tirupati,New
8246,Customer 8246,Guntur,Returning
8247,Customer 8247,Nellore,New
8248,Customer 8248,Vijayawada,VIP
8249,Customer 8249,Vijayawada,VIP
8250,Customer 8250,Rajahmundry,VIP
8251,Customer 8251,Kakinada,New
8252,Customer 8252,Ongole,VIP
8253,Customer 8253,Tirupati,VIP
8254,Customer 8254,Visakhapatnam,VIP
8255,Customer 8255,Guntur,VIP
8256,Customer 8256,Visakhapatnam,New
8257,Customer 8257,Visakhapatnam,New
8258,Customer 8258,Vijayawada,Returning
8259,Customer 8259,Guntur,VIP
8260,Customer 8260,Tirupati,New
8261,Customer 8261,Vijayawada,New
8262,Customer 8262,Kakinada,VIP
8263,Customer 8263,Guntur,Returning
8264,Customer 8264,Guntur,VIP
8265,Customer 8265,Vijayawada,New
8266,Customer 8266,Ongole,VIP
8267,Customer 8267,Rajahmundry,Returning
8268,Customer 8268,Anantapur,New
8269,Customer 8269,Tirupati,VIP
8270,Customer 8270,Kurnool,VIP
8271,Customer 8271,Tirupati,VIP
8272,Customer 8272,Tirupati,VIP
8273,Customer 8273,Kurnool,VIP
8274,Customer 8274,Guntur,VIP
8275,Customer 8275,Kakinada,Returning
8276,Customer 8276,Visakhapatnam,Returning
8277,Customer 8277,Tirupati,Returning
8278,Customer 8278,Rajahmundry,New
8279,Customer 8279,Guntur,New
8280,Customer 8280,Tirupati,New
8281,Customer 8281,Rajahmundry,VIP
8282,Customer 8282,Rajahmundry,New
8283,Customer 8283,Ongole,VIP
8284,Customer 8284,Nellore,VIP
8285,Customer 8285,Anantapur,Returning
8286,Customer 8286,Tirupati,Returning
8287,Customer 8287,Tirupati,Returning
8288,Customer 8288,Kurnool,Returning
8289,Customer 8289,Vijayawada,VIP
8290,Customer 8290,Tirupati,New
8291,Customer 8291,Vijayawada,New
8292,Customer 8292,Kurnool,Returning
8293,Customer 8293,Vijayawada,New
8294,Customer 8294,Anantapur,VIP
8295,Customer 8295,Ongole,Returning
8296,Customer 8296,Ongole,Returning
8297,Customer 8297,Rajahmundry,VIP
8298,Customer 8298,Nellore,VIP
8299,Customer 8299,Visakhapatnam,VIP
8300,Customer 8300,Vijayawada,Returning
8301,Customer 8301,Kurnool,Returning
8302,Customer 8302,Nellore,New
8303,Customer 8303,Kurnool,New
8304,Customer 8304,Kurnool,Returning
8305,Customer 8305,Kakinada,Returning
8306,Customer 8306,Kakinada,VIP
8307,Customer 8307,Visakhapatnam,Returning
8308,Customer 8308,Vijayawada,VIP
8309,Customer 8309,Tirupati,New
8310,Customer 8310,Kurnool,New
8311,Customer 8311,Kurnool,VIP
8312,Customer 8312,Tirupati,Returning
8313,Customer 8313,Nellore,Returning
8314,Customer 8314,Kurnool,Returning
8315,Customer 8315,Guntur,Returning
8316,Customer 8316,Anantapur,Returning
8317,Customer 8317,Kakinada,Returning
8318,Customer 8318,Kurnool,VIP
8319,Customer 8319,Kakinada,New
8320,Customer 8320,Vijayawada,Returning
8321,Customer 8321,Nellore,VIP
8322,Customer 8322,Tirupati,Returning
8323,Customer 8323,Rajahmundry,Returning
8324,Customer 8324,Vijayawada,VIP
8325,Customer 8325,Nellore,Returning
8326,Customer 8326,Vijayawada,New
8327,Customer 8327,Kakinada,VIP
8328,Customer 8328,Ongole,New
8329,Customer 8329,Visakhapatnam,VIP
8330,Customer 8330,Nellore,VIP
8331,Customer 8331,Tirupati,Returning
8332,Customer 8332,Anantapur,New
8333,Customer 8333,Kakinada,VIP
8334,Customer 8334,Ongole,VIP
8335,Customer 8335,Kakinada,New
8336,Customer 8336,Guntur,VIP
8337,Customer 8337,Ongole,Returning
8338,Customer 8338,Kakinada,New
8339,Customer 8339,Guntur,Returning
8340,Customer 8340,Kakinada,Returning
8341,Customer 8341,Kakinada,Returning
8342,Customer 8342,Kakinada,VIP
8343,Customer 8343,Kurnool,New
8344,Customer 8344,Anantapur,Returning
8345,Customer 8345,Kurnool,New
8346,Customer 8346,Ongole,New
8347,Customer 8347,Visakhapatnam,New
8348,Customer 8348,Tirupati,VIP
8349,Customer 8349,Ongole,VIP
8350,Customer 8350,Kakinada,Returning
8351,Customer 8351,Rajahmundry,Returning
8352,Customer 8352,Ongole,New
8353,Customer 8353,Kakinada,Returning
8354,Customer 8354,Guntur,New
8355,Customer 8355,Rajahmundry,New
8356,Customer 8356,Rajahmundry,VIP
8357,Customer 8357,Tirupati,VIP
8358,Customer 8358,Kurnool,VIP
8359,Customer 8359,Rajahmundry,VIP
8360,Customer 8360,Ongole,Returning
8361,Customer 8361,Kakinada,Returning
8362,Customer 8362,Guntur,New
8363,Customer 8363,Ongole,Returning
8364,Customer 8364,Tirupati,Returning
8365,Customer 8365,Kakinada,VIP
8366,Customer 8366,Kurnool,Returning
8367,Customer 8367,Guntur,New
8368,Customer 8368,Kakinada,VIP
8369,Customer 8369,Kurnool,New
8370,Customer 8370,Guntur,Returning
8371,Customer 8371,Rajahmundry,Returning
8372,Customer 8372,Guntur,Returning
8373,Customer 8373,Nellore,Returning
8374,Customer 8374,Anantapur,New
8375,Customer 8375,Vijayawada,Returning
8376,Customer 8376,Rajahmundry,New
8377,Customer 8377,Vijayawada,New
8378,Customer 8378,Visakhapatnam,New
8379,Customer 8379,Tirupati,VIP
8380,Customer 8380,Nellore,VIP
8381,Customer 8381,Kurnool,VIP
8382,Customer 8382,Nellore,New
8383,Customer 8383,Ongole,VIP
8384,Customer 8384,Rajahmundry,New
8385,Customer 8385,Visakhapatnam,New
8386,Customer 8386,Anantapur,Returning
8387,Customer 8387,Anantapur,New
8388,Customer 8388,Rajahmundry,VIP
8389,Customer 8389,Vijayawada,Returning
8390,Customer 8390,Rajahmundry,Returning
8391,Customer 8391,Anantapur,New
8392,Customer 8392,Anantapur,New
8393,Customer 8393,Ongole,VIP
8394,Customer 8394,Kakinada,VIP
8395,Customer 8395,Nellore,VIP
8396,Customer 8396,Visakhapatnam,VIP
8397,Customer 8397,Visakhapatnam,Returning
8398,Customer 8398,Visakhapatnam,VIP
8399,Customer 8399,Kakinada,New
8400,Customer 8400,Kurnool,Returning
8401,Customer 8401,Rajahmundry,Returning
8402,Customer 8402,Rajahmundry,Returning
8403,Customer 8403,Visakhapatnam,Returning
8404,Customer 8404,Nellore,Returning
8405,Customer 8405,Guntur,New
8406,Customer 8406,Rajahmundry,Returning
8407,Customer 8407,Rajahmundry,New
8408,Customer 8408,Nellore,VIP
8409,Customer 8409,Kakinada,Returning
8410,Customer 8410,Guntur,VIP
8411,Customer 8411,Guntur,New
8412,Customer 8412,Kakinada,VIP
8413,Customer 8413,Ongole,VIP
8414,Customer 8414,Anantapur,VIP
8415,Customer 8415,Kurnool,Returning
8416,Customer 8416,Rajahmundry,VIP
8417,Customer 8417,Kakinada,VIP
8418,Customer 8418,Nellore,New
8419,Customer 8419,Guntur,VIP
8420,Customer 8420,Kakinada,VIP
8421,Customer 8421,Vijayawada,New
8422,Customer 8422,Kakinada,New
8423,Customer 8423,Rajahmundry,Returning
8424,Customer 8424,Kurnool,Returning
8425,Customer 8425,Kurnool,Returning
8426,Customer 8426,Ongole,New
8427,Customer 8427,Anantapur,VIP
8428,Customer 8428,Anantapur,VIP
8429,Customer 8429,Visakhapatnam,VIP
8430,Customer 8430,Tirupati,VIP
8431,Customer 8431,Vijayawada,Returning
8432,Customer 8432,Tirupati,VIP
8433,Customer 8433,Kurnool,New
8434,Customer 8434,Ongole,New
8435,Customer 8435,Visakhapatnam,Returning
8436,Customer 8436,Kakinada,Returning
8437,Customer 8437,Anantapur,New
8438,Customer 8438,Nellore,Returning
8439,Customer 8439,Vijayawada,New
8440,Customer 8440,Vijayawada,VIP
8441,Customer 8441,Vijayawada,New
8442,Customer 8442,Visakhapatnam,Returning
8443,Customer 8443,Visakhapatnam,VIP
8444,Customer 8444,Ongole,VIP
8445,Customer 8445,Guntur,New
8446,Customer 8446,Tirupati,VIP
8447,Customer 8447,Tirupati,VIP
8448,Customer 8448,Visakhapatnam,VIP
8449,Customer 8449,Ongole,Returning
8450,Customer 8450,Tirupati,VIP
8451,Customer 8451,Ongole,Returning
8452,Customer 8452,Tirupati,Returning
8453,Customer 8453,Nellore,VIP
8454,Customer 8454,Nellore,New
8455,Customer 8455,Rajahmundry,VIP
8456,Customer 8456,Guntur,New
8457,Customer 8457,Ongole,VIP
8458,Customer 8458,Kurnool,VIP
8459,Customer 8459,Visakhapatnam,Returning
8460,Customer 8460,Ongole,VIP
8461,Customer 8461,Tirupati,VIP
8462,Customer 8462,Guntur,New
8463,Customer 8463,Nellore,Returning
8464,Customer 8464,Nellore,New
8465,Customer 8465,Kurnool,New
8466,Customer 8466,Kakinada,VIP
8467,Customer 8467,Nellore,Returning
8468,Customer 8468,Nellore,Returning
8469,Customer 8469,Rajahmundry,New
8470,Customer 8470,Kurnool,Returning
8471,Customer 8471,Nellore,New
8472,Customer 8472,Kakinada,Returning
8473,Customer 8473,Rajahmundry,New
8474,Customer 8474,Kurnool,Returning
8475,Customer 8475,Nellore,New
8476,Customer 8476,Kurnool,Returning
8477,Customer 8477,Ongole,Returning
8478,Customer 8478,Kakinada,New
8479,Customer 8479,Nellore,VIP
8480,Customer 8480,Tirupati,VIP
8481,Customer 8481,Ongole,Returning
8482,Customer 8482,Vijayawada,Returning
8483,Customer 8483,Tirupati,VIP
8484,Customer 8484,Ongole,VIP
8485,Customer 8485,Rajahmundry,Returning
8486,Customer 8486,Nellore,VIP
8487,Customer 8487,Kurnool,New
8488,Customer 8488,Kurnool,VIP
8489,Customer 8489,Ongole,Returning
8490,Customer 8490,Rajahmundry,New
8491,Customer 8491,Nellore,VIP
8492,Customer 8492,Kurnool,VIP
8493,Customer 8493,Guntur,VIP
8494,Customer 8494,Anantapur,VIP
8495,Customer 8495,Tirupati,New
8496,Customer 8496,Rajahmundry,Returning
8497,Customer 8497,Ongole,Returning
8498,Customer 8498,Guntur,New
8499,Customer 8499,Guntur,VIP
8500,Customer 8500,Ongole,New
8501,Customer 8501,Kakinada,VIP
8502,Customer 8502,Kakinada,Returning
8503,Customer 8503,Vijayawada,Returning
8504,Customer 8504,Rajahmundry,Returning
8505,Customer 8505,Guntur,New
8506,Customer 8506,Tirupati,VIP
8507,Customer 8507,Nellore,VIP
8508,Customer 8508,Guntur,New
8509,Customer 8509,Anantapur,New
8510,Customer 8510,Visakhapatnam,Returning
8511,Customer 8511,Kurnool,New
8512,Customer 8512,Anantapur,Returning
8513,Customer 8513,Anantapur,Returning
8514,Customer 8514,Anantapur,New
8515,Customer 8515,Anantapur,New
8516,Customer 8516,Nellore,New
8517,Customer 8517,Visakhapatnam,New
8518,Customer 8518,Anantapur,New
8519,Customer 8519,Tirupati,Returning
8520,Customer 8520,Guntur,New
8521,Customer 8521,Vijayawada,VIP
8522,Customer 8522,Ongole,Returning
8523,Customer 8523,Anantapur,Returning
8524,Customer 8524,Ongole,Returning
8525,Customer 8525,Kurnool,New
8526,Customer 8526,Nellore,New
8527,Customer 8527,Ongole,New
8528,Customer 8528,Kurnool,VIP
8529,Customer 8529,Visakhapatnam,VIP
8530,Customer 8530,Guntur,VIP
8531,Customer 8531,Ongole,VIP
8532,Customer 8532,Vijayawada,Returning
8533,Customer 8533,Nellore,VIP
8534,Customer 8534,Anantapur,VIP
8535,Customer 8535,Guntur,Returning
8536,Customer 8536,Rajahmundry,VIP
8537,Customer 8537,Kakinada,New
8538,Customer 8538,Kakinada,New
8539,Customer 8539,Tirupati,Returning
8540,Customer 8540,Ongole,Returning
8541,Customer 8541,Kakinada,Returning
8542,Customer 8542,Rajahmundry,Returning
8543,Customer 8543,Vijayawada,Returning
8544,Customer 8544,Rajahmundry,New
8545,Customer 8545,Ongole,Returning
8546,Customer 8546,Anantapur,New
8547,Customer 8547,Anantapur,Returning
8548,Customer 8548,Tirupati,New
8549,Customer 8549,Nellore,Returning
8550,Customer 8550,Kakinada,VIP
8551,Customer 8551,Tirupati,VIP
8552,Customer 8552,Guntur,VIP
8553,Customer 8553,Anantapur,New
8554,Customer 8554,Kakinada,New
8555,Customer 8555,Nellore,VIP
8556,Customer 8556,Anantapur,Returning
8557,Customer 8557,Visakhapatnam,VIP
8558,Customer 8558,Rajahmundry,New
8559,Customer 8559,Ongole,Returning
8560,Customer 8560,Kurnool,Returning
8561,Customer 8561,Vijayawada,VIP
8562,Customer 8562,Vijayawada,New
8563,Customer 8563,Vijayawada,New
8564,Customer 8564,Nellore,Returning
8565,Customer 8565,Guntur,VIP
8566,Customer 8566,Ongole,Returning
8567,Customer 8567,Kakinada,New
8568,Customer 8568,Ongole,New
8569,Customer 8569,Ongole,VIP
8570,Customer 8570,Tirupati,Returning
8571,Customer 8571,Visakhapatnam,VIP
8572,Customer 8572,Guntur,New
8573,Customer 8573,Nellore,Returning
8574,Customer 8574,Visakhapatnam,VIP
8575,Customer 8575,Ongole,New
8576,Customer 8576,Visakhapatnam,VIP
8577,Customer 8577,Visakhapatnam,New
8578,Customer 8578,Kurnool,New
8579,Customer 8579,Ongole,Returning
8580,Customer 8580,Visakhapatnam,Returning
8581,Customer 8581,Kakinada,Returning
8582,Customer 8582,Anantapur,New
8583,Customer 8583,Nellore,Returning
8584,Customer 8584,Vijayawada,New
8585,Customer 8585,Guntur,New
8586,Customer 8586,Visakhapatnam,VIP
8587,Customer 8587,Nellore,New
8588,Customer 8588,Guntur,Returning
8589,Customer 8589,Guntur,VIP
8590,Customer 8590,Kurnool,Returning
8591,Customer 8591,Kakinada,Returning
8592,Customer 8592,Kakinada,VIP
8593,Customer 8593,Kakinada,VIP
8594,Customer 8594,Rajahmundry,New
8595,Customer 8595,Anantapur,Returning
8596,Customer 8596,Kakinada,New
8597,Customer 8597,Kakinada,Returning
8598,Customer 8598,Visakhapatnam,Returning
8599,Customer 8599,Tirupati,New
8600,Customer 8600,Visakhapatnam,VIP
8601,Customer 8601,Kakinada,Returning
8602,Customer 8602,Tirupati,New
8603,Customer 8603,Nellore,VIP
8604,Customer 8604,Anantapur,VIP
8605,Customer 8605,Vijayawada,Returning
8606,Customer 8606,Anantapur,VIP
8607,Customer 8607,Kakinada,VIP
8608,Customer 8608,Visakhapatnam,VIP
8609,Customer 8609,Kurnool,VIP
8610,Customer 8610,Tirupati,Returning
8611,Customer 8611,Anantapur,New
8612,Customer 8612,Nellore,VIP
8613,Customer 8613,Guntur,VIP
8614,Customer 8614,Tirupati,New
8615,Customer 8615,Guntur,New
8616,Customer 8616,Anantapur,VIP
8617,Customer 8617,Visakhapatnam,VIP
8618,Customer 8618,Visakhapatnam,Returning
8619,Customer 8619,Nellore,VIP
8620,Customer 8620,Anantapur,New
8621,Customer 8621,Visakhapatnam,VIP
8622,Customer 8622,Vijayawada,New
8623,Customer 8623,Anantapur,VIP
8624,Customer 8624,Kurnool,VIP
8625,Customer 8625,Anantapur,New
8626,Customer 8626,Nellore,New
8627,Customer 8627,Rajahmundry,VIP
8628,Customer 8628,Tirupati,VIP
8629,Customer 8629,Nellore,New
8630,Customer 8630,Visakhapatnam,Returning
8631,Customer 8631,Visakhapatnam,New
8632,Customer 8632,Anantapur,VIP
8633,Customer 8633,Anantapur,VIP
8634,Customer 8634,Nellore,New
8635,Customer 8635,Nellore,VIP
8636,Customer 8636,Visakhapatnam,Returning
8637,Customer 8637,Anantapur,Returning
8638,Customer 8638,Kakinada,VIP
8639,Customer 8639,Nellore,VIP
8640,Customer 8640,Anantapur,VIP
8641,Customer 8641,Guntur,Returning
8642,Customer 8642,Tirupati,VIP
8643,Customer 8643,Ongole,Returning
8644,Customer 8644,Nellore,VIP
8645,Customer 8645,Guntur,New
8646,Customer 8646,Ongole,VIP
8647,Customer 8647,Vijayawada,New
8648,Customer 8648,Tirupati,Returning
8649,Customer 8649,Vijayawada,VIP
8650,Customer 8650,Kurnool,New
8651,Customer 8651,Ongole,VIP
8652,Customer 8652,Kurnool,Returning
8653,Customer 8653,Kakinada,Returning
8654,Customer 8654,Visakhapatnam,New
8655,Customer 8655,Vijayawada,New
8656,Customer 8656,Nellore,New
8657,Customer 8657,Anantapur,New
8658,Customer 8658,Guntur,Returning
8659,Customer 8659,Guntur,VIP
8660,Customer 8660,Visakhapatnam,VIP
8661,Customer 8661,Nellore,Returning
8662,Customer 8662,Anantapur,VIP
8663,Customer 8663,Kurnool,Returning
8664,Customer 8664,Guntur,Returning
8665,Customer 8665,Ongole,New
8666,Customer 8666,Tirupati,New
8667,Customer 8667,Visakhapatnam,Returning
8668,Customer 8668,Rajahmundry,New
8669,Customer 8669,Visakhapatnam,Returning
8670,Customer 8670,Nellore,Returning
8671,Customer 8671,Visakhapatnam,VIP
8672,Customer 8672,Tirupati,New
8673,Customer 8673,Visakhapatnam,New
8674,Customer 8674,Kakinada,New
8675,Customer 8675,Nellore,Returning
8676,Customer 8676,Kurnool,New
8677,Customer 8677,Kurnool,VIP
8678,Customer 8678,Tirupati,New
8679,Customer 8679,Tirupati,New
8680,Customer 8680,Anantapur,New
8681,Customer 8681,Nellore,VIP
8682,Customer 8682,Rajahmundry,VIP
8683,Customer 8683,Kurnool,New
8684,Customer 8684,Anantapur,Returning
8685,Customer 8685,Nellore,Returning
8686,Customer 8686,Visakhapatnam,New
8687,Customer 8687,Kurnool,VIP
8688,Customer 8688,Rajahmundry,VIP
8689,Customer 8689,Kurnool,VIP
8690,Customer 8690,Kurnool,New
8691,Customer 8691,Anantapur,Returning
8692,Customer 8692,Anantapur,New
8693,Customer 8693,Vijayawada,VIP
8694,Customer 8694,Tirupati,VIP
8695,Customer 8695,Vijayawada,New
8696,Customer 8696,Ongole,Returning
8697,Customer 8697,Ongole,New
8698,Customer 8698,Guntur,Returning
8699,Customer 8699,Nellore,Returning
8700,Customer 8700,Anantapur,New
8701,Customer 8701,Guntur,New
8702,Customer 8702,Nellore,New
8703,Customer 8703,Visakhapatnam,VIP
8704,Customer 8704,Tirupati,New
8705,Customer 8705,Anantapur,VIP
8706,Customer 8706,Kakinada,VIP
8707,Customer 8707,Anantapur,New
8708,Customer 8708,Vijayawada,VIP
8709,Customer 8709,Visakhapatnam,VIP
8710,Customer 8710,Kurnool,New
8711,Customer 8711,Ongole,Returning
8712,Customer 8712,Kurnool,Returning
8713,Customer 8713,Guntur,Returning
8714,Customer 8714,Guntur,New
8715,Customer 8715,Anantapur,Returning
8716,Customer 8716,Kakinada,VIP
8717,Customer 8717,Kakinada,Returning
8718,Customer 8718,Kakinada,VIP
8719,Customer 8719,Kakinada,New
8720,Customer 8720,Ongole,Returning
8721,Customer 8721,Tirupati,New
8722,Customer 8722,Nellore,Returning
8723,Customer 8723,Guntur,New
8724,Customer 8724,Anantapur,New
8725,Customer 8725,Vijayawada,Returning
8726,Customer 8726,Visakhapatnam,Returning
8727,Customer 8727,Ongole,New
8728,Customer 8728,Visakhapatnam,Returning
8729,Customer 8729,Kurnool,New
8730,Customer 8730,Guntur,New
8731,Customer 8731,Guntur,Returning
8732,Customer 8732,Kurnool,Returning
8733,Customer 8733,Kakinada,VIP
8734,Customer 8734,Kakinada,New
8735,Customer 8735,Tirupati,VIP
8736,Customer 8736,Kurnool,VIP
8737,Customer 8737,Nellore,New
8738,Customer 8738,Kakinada,VIP
8739,Customer 8739,Kurnool,VIP
8740,Customer 8740,Kakinada,VIP
8741,Customer 8741,Tirupati,Returning
8742,Customer 8742,Ongole,New
8743,Customer 8743,Anantapur,New
8744,Customer 8744,Nellore,New
8745,Customer 8745,Kurnool,Returning
8746,Customer 8746,Ongole,Returning
8747,Customer 8747,Rajahmundry,VIP
8748,Customer 8748,Nellore,Returning
8749,Customer 8749,Visakhapatnam,Returning
8750,Customer 8750,Anantapur,New
8751,Customer 8751,Rajahmundry,New
8752,Customer 8752,Vijayawada,New
8753,Customer 8753,Ongole,VIP
8754,Customer 8754,Rajahmundry,New
8755,Customer 8755,Nellore,New
8756,Customer 8756,Rajahmundry,Returning
8757,Customer 8757,Anantapur,New
8758,Customer 8758,Anantapur,New
8759,Customer 8759,Visakhapatnam,New
8760,Customer 8760,Ongole,VIP
8761,Customer 8761,Rajahmundry,Returning
8762,Customer 8762,Guntur,VIP
8763,Customer 8763,Tirupati,Returning
8764,Customer 8764,Kurnool,VIP
8765,Customer 8765,Vijayawada,New
8766,Customer 8766,Ongole,Returning
8767,Customer 8767,Ongole,New
8768,Customer 8768,Kakinada,Returning
8769,Customer 8769,Tirupati,New
8770,Customer 8770,Guntur,VIP
8771,Customer 8771,Nellore,Returning
8772,Customer 8772,Nellore,VIP
8773,Customer 8773,Anantapur,New
8774,Customer 8774,Guntur,Returning
8775,Customer 8775,Vijayawada,Returning
8776,Customer 8776,Kurnool,New
8777,Customer 8777,Rajahmundry,VIP
8778,Customer 8778,Kurnool,VIP
8779,Customer 8779,Visakhapatnam,New
8780,Customer 8780,Guntur,New
8781,Customer 8781,Kurnool,New
8782,Customer 8782,Ongole,VIP
8783,Customer 8783,Kakinada,Returning
8784,Customer 8784,Kakinada,New
8785,Customer 8785,Kurnool,Returning
8786,Customer 8786,Kakinada,Returning
8787,Customer 8787,Kurnool,VIP
8788,Customer 8788,Vijayawada,VIP
8789,Customer 8789,Guntur,VIP
8790,Customer 8790,Guntur,New
8791,Customer 8791,Kakinada,Returning
8792,Customer 8792,Anantapur,Returning
8793,Customer 8793,Guntur,New
8794,Customer 8794,Anantapur,New
8795,Customer 8795,Nellore,VIP
8796,Customer 8796,Nellore,New
8797,Customer 8797,Vijayawada,Returning
8798,Customer 8798,Nellore,New
8799,Customer 8799,Nellore,Returning
8800,Customer 8800,Anantapur,VIP
8801,Customer 8801,Guntur,Returning
8802,Customer 8802,Anantapur,VIP
8803,Customer 8803,Rajahmundry,VIP
8804,Customer 8804,Rajahmundry,VIP
8805,Customer 8805,Kurnool,Returning
8806,Customer 8806,Tirupati,New
8807,Customer 8807,Kurnool,Returning
8808,Customer 8808,Kakinada,Returning
8809,Customer 8809,Visakhapatnam,Returning
8810,Customer 8810,Ongole,Returning
8811,Customer 8811,Rajahmundry,VIP
8812,Customer 8812,Kakinada,VIP
8813,Customer 8813,Rajahmundry,Returning
8814,Customer 8814,Tirupati,VIP
8815,Customer 8815,Tirupati,New
8816,Customer 8816,Kurnool,VIP
8817,Customer 8817,Kakinada,New
8818,Customer 8818,Visakhapatnam,VIP
8819,Customer 8819,Anantapur,Returning
8820,Customer 8820,Kakinada,New
8821,Customer 8821,Ongole,Returning
8822,Customer 8822,Kakinada,New
8823,Customer 8823,Kurnool,VIP
8824,Customer 8824,Ongole,VIP
8825,Customer 8825,Nellore,New
8826,Customer 8826,Guntur,New
8827,Customer 8827,Vijayawada,Returning
8828,Customer 8828,Tirupati,VIP
8829,Customer 8829,Vijayawada,Returning
8830,Customer 8830,Guntur,VIP
8831,Customer 8831,Nellore,VIP
8832,Customer 8832,Kurnool,VIP
8833,Customer 8833,Anantapur,New
8834,Customer 8834,Kurnool,VIP
8835,Customer 8835,Tirupati,VIP
8836,Customer 8836,Ongole,New
8837,Customer 8837,Visakhapatnam,New
8838,Customer 8838,Kurnool,Returning
8839,Customer 8839,Kurnool,VIP
8840,Customer 8840,Ongole,New
8841,Customer 8841,Rajahmundry,New
8842,Customer 8842,Kurnool,New
8843,Customer 8843,Visakhapatnam,VIP
8844,Customer 8844,Kakinada,New
8845,Customer 8845,Guntur,New
8846,Customer 8846,Rajahmundry,Returning
8847,Customer 8847,Rajahmundry,VIP
8848,Customer 8848,Nellore,VIP
8849,Customer 8849,Visakhapatnam,Returning
8850,Customer 8850,Ongole,VIP
8851,Customer 8851,Kakinada,Returning
8852,Customer 8852,Anantapur,VIP
8853,Customer 8853,Kakinada,VIP
8854,Customer 8854,Tirupati,Returning
8855,Customer 8855,Kakinada,Returning
8856,Customer 8856,Visakhapatnam,New
8857,Customer 8857,Vijayawada,VIP
8858,Customer 8858,Ongole,VIP
8859,Customer 8859,Kakinada,New
8860,Customer 8860,Rajahmundry,New
8861,Customer 8861,Tirupati,VIP
8862,Customer 8862,Vijayawada,VIP
8863,Customer 8863,Ongole,VIP
8864,Customer 8864,Rajahmundry,VIP
8865,Customer 8865,Kurnool,New
8866,Customer 8866,Ongole,VIP
8867,Customer 8867,Nellore,New
8868,Customer 8868,Guntur,Returning
8869,Customer 8869,Kakinada,New
8870,Customer 8870,Tirupati,Returning
8871,Customer 8871,Kakinada,Returning
8872,Customer 8872,Ongole,New
8873,Customer 8873,Nellore,Returning
8874,Customer 8874,Tirupati,New
8875,Customer 8875,Guntur,New
8876,Customer 8876,Nellore,VIP
8877,Customer 8877,Nellore,New
8878,Customer 8878,Nellore,VIP
8879,Customer 8879,Ongole,VIP
8880,Customer 8880,Ongole,Returning
8881,Customer 8881,Guntur,Returning
8882,Customer 8882,Anantapur,Returning
8883,Customer 8883,Guntur,VIP
8884,Customer 8884,Guntur,New
8885,Customer 8885,Rajahmundry,Returning
8886,Customer 8886,Ongole,New
8887,Customer 8887,Vijayawada,VIP
8888,Customer 8888,Rajahmundry,VIP
8889,Customer 8889,Anantapur,New
8890,Customer 8890,Anantapur,VIP
8891,Customer 8891,Kurnool,VIP
8892,Customer 8892,Rajahmundry,Returning
8893,Customer 8893,Nellore,Returning
8894,Customer 8894,Kurnool,VIP
8895,Customer 8895,Kurnool,VIP
8896,Customer 8896,Kakinada,Returning
8897,Customer 8897,Rajahmundry,VIP
8898,Customer 8898,Vijayawada,Returning
8899,Customer 8899,Anantapur,New
8900,Customer 8900,Guntur,Returning
8901,Customer 8901,Guntur,New
8902,Customer 8902,Tirupati,New
8903,Customer 8903,Ongole,Returning
8904,Customer 8904,Ongole,VIP
8905,Customer 8905,Guntur,New
8906,Customer 8906,Ongole,Returning
8907,Customer 8907,Nellore,Returning
8908,Customer 8908,Ongole,Returning
8909,Customer 8909,Vijayawada,New
8910,Customer 8910,Guntur,New
8911,Customer 8911,Kurnool,VIP
8912,Customer 8912,Vijayawada,Returning
8913,Customer 8913,Kurnool,VIP
8914,Customer 8914,Tirupati,VIP
8915,Customer 8915,Kakinada,Returning
8916,Customer 8916,Tirupati,New
8917,Customer 8917,Nellore,Returning
8918,Customer 8918,Visakhapatnam,New
8919,Customer 8919,Vijayawada,Returning
8920,Customer 8920,Kakinada,Returning
8921,Customer 8921,Nellore,VIP
8922,Customer 8922,Ongole,Returning
8923,Customer 8923,Vijayawada,Returning
8924,Customer 8924,Rajahmundry,New
8925,Customer 8925,Kurnool,VIP
8926,Customer 8926,Tirupati,Returning
8927,Customer 8927,Rajahmundry,Returning
8928,Customer 8928,Guntur,New
8929,Customer 8929,Visakhapatnam,New
8930,Customer 8930,Visakhapatnam,VIP
8931,Customer 8931,Kurnool,VIP
8932,Customer 8932,Kakinada,VIP
8933,Customer 8933,Rajahmundry,Returning
8934,Customer 8934,Ongole,Returning
8935,Customer 8935,Kurnool,VIP
8936,Customer 8936,Visakhapatnam,Returning
8937,Customer 8937,Guntur,VIP
8938,Customer 8938,Anantapur,Returning
8939,Customer 8939,Kakinada,Returning
8940,Customer 8940,Ongole,New
8941,Customer 8941,Rajahmundry,New
8942,Customer 8942,Anantapur,New
8943,Customer 8943,Nellore,VIP
8944,Customer 8944,Anantapur,New
8945,Customer 8945,Vijayawada,New
8946,Customer 8946,Kurnool,New
8947,Customer 8947,Kurnool,Returning
8948,Customer 8948,Ongole,Returning
8949,Customer 8949,Nellore,New
8950,Customer 8950,Kurnool,New
8951,Customer 8951,Tirupati,Returning
8952,Customer 8952,Anantapur,New
8953,Customer 8953,Nellore,New
8954,Customer 8954,Nellore,New
8955,Customer 8955,Kurnool,Returning
8956,Customer 8956,Anantapur,Returning
8957,Customer 8957,Nellore,New
8958,Customer 8958,Nellore,Returning
8959,Customer 8959,Ongole,Returning
8960,Customer 8960,Anantapur,Returning
8961,Customer 8961,Kurnool,Returning
8962,Customer 8962,Vijayawada,VIP
8963,Customer 8963,Nellore,VIP
8964,Customer 8964,Tirupati,New
8965,Customer 8965,Kakinada,Returning
8966,Customer 8966,Visakhapatnam,New
8967,Customer 8967,Vijayawada,VIP
8968,Customer 8968,Vijayawada,Returning
8969,Customer 8969,Visakhapatnam,Returning
8970,Customer 8970,Rajahmundry,New
8971,Customer 8971,Tirupati,VIP
8972,Customer 8972,Visakhapatnam,VIP
8973,Customer 8973,Vijayawada,New
8974,Customer 8974,Kurnool,Returning
8975,Customer 8975,Vijayawada,Returning
8976,Customer 8976,Kakinada,VIP
8977,Customer 8977,Anantapur,New
8978,Customer 8978,Nellore,VIP
8979,Customer 8979,Rajahmundry,VIP
8980,Customer 8980,Visakhapatnam,Returning
8981,Customer 8981,Kakinada,Returning
8982,Customer 8982,Vijayawada,Returning
8983,Customer 8983,Anantapur,Returning
8984,Customer 8984,Guntur,Returning
8985,Customer 8985,Tirupati,Returning
8986,Customer 8986,Rajahmundry,Returning
8987,Customer 8987,Guntur,Returning
8988,Customer 8988,Kakinada,Returning
8989,Customer 8989,Rajahmundry,Returning
8990,Customer 8990,Vijayawada,New
8991,Customer 8991,Nellore,VIP
8992,Customer 8992,Rajahmundry,Returning
8993,Customer 8993,Anantapur,VIP
8994,Customer 8994,Ongole,Returning
8995,Customer 8995,Kakinada,Returning
8996,Customer 8996,Kakinada,New
8997,Customer 8997,Vijayawada,New
8998,Customer 8998,Tirupati,VIP
8999,Customer 8999,Ongole,New
9000,Customer 9000,Vijayawada,Returning
9001,Customer 9001,Nellore,Returning
9002,Customer 9002,Vijayawada,VIP
9003,Customer 9003,Vijayawada,New
9004,Customer 9004,Vijayawada,VIP
9005,Customer 9005,Visakhapatnam,Returning
9006,Customer 9006,Kakinada,Returning
9007,Customer 9007,Rajahmundry,New
9008,Customer 9008,Tirupati,VIP
9009,Customer 9009,Guntur,Returning
9010,Customer 9010,Guntur,Returning
9011,Customer 9011,Anantapur,New
9012,Customer 9012,Visakhapatnam,New
9013,Customer 9013,Nellore,Returning
9014,Customer 9014,Tirupati,VIP
9015,Customer 9015,Kakinada,Returning
9016,Customer 9016,Kurnool,VIP
9017,Customer 9017,Kurnool,VIP
9018,Customer 9018,Kakinada,New
9019,Customer 9019,Rajahmundry,Returning
9020,Customer 9020,Nellore,New
9021,Customer 9021,Visakhapatnam,Returning
9022,Customer 9022,Vijayawada,VIP
9023,Customer 9023,Tirupati,New
9024,Customer 9024,Vijayawada,VIP
9025,Customer 9025,Visakhapatnam,New
9026,Customer 9026,Visakhapatnam,New
9027,Customer 9027,Anantapur,VIP
9028,Customer 9028,Kakinada,VIP
9029,Customer 9029,Guntur,New
9030,Customer 9030,Visakhapatnam,New
9031,Customer 9031,Kurnool,New
9032,Customer 9032,Nellore,Returning
9033,Customer 9033,Vijayawada,New
9034,Customer 9034,Guntur,Returning
9035,Customer 9035,Kakinada,New
9036,Customer 9036,Guntur,Returning
9037,Customer 9037,Tirupati,New
9038,Customer 9038,Tirupati,New
9039,Customer 9039,Guntur,Returning
9040,Customer 9040,Rajahmundry,Returning
9041,Customer 9041,Anantapur,VIP
9042,Customer 9042,Visakhapatnam,VIP
9043,Customer 9043,Guntur,VIP
9044,Customer 9044,Nellore,Returning
9045,Customer 9045,Guntur,VIP
9046,Customer 9046,Visakhapatnam,VIP
9047,Customer 9047,Ongole,Returning
9048,Customer 9048,Anantapur,New
9049,Customer 9049,Nellore,New
9050,Customer 9050,Anantapur,Returning
9051,Customer 9051,Visakhapatnam,New
9052,Customer 9052,Tirupati,Returning
9053,Customer 9053,Rajahmundry,New
9054,Customer 9054,Kakinada,VIP
9055,Customer 9055,Anantapur,New
9056,Customer 9056,Ongole,VIP
9057,Customer 9057,Guntur,VIP
9058,Customer 9058,Kurnool,VIP
9059,Customer 9059,Kurnool,VIP
9060,Customer 9060,Anantapur,New
9061,Customer 9061,Kurnool,Returning
9062,Customer 9062,Ongole,VIP
9063,Customer 9063,Rajahmundry,New
9064,Customer 9064,Anantapur,New
9065,Customer 9065,Visakhapatnam,Returning
9066,Customer 9066,Tirupati,New
9067,Customer 9067,Anantapur,New
9068,Customer 9068,Visakhapatnam,New
9069,Customer 9069,Ongole,VIP
9070,Customer 9070,Kakinada,New
9071,Customer 9071,Kurnool,VIP
9072,Customer 9072,Anantapur,Returning
9073,Customer 9073,Rajahmundry,VIP
9074,Customer 9074,Guntur,New
9075,Customer 9075,Vijayawada,VIP
9076,Customer 9076,Rajahmundry,New
9077,Customer 9077,Nellore,Returning
9078,Customer 9078,Vijayawada,Returning
9079,Customer 9079,Rajahmundry,New
9080,Customer 9080,Tirupati,Returning
9081,Customer 9081,Kurnool,New
9082,Customer 9082,Vijayawada,Returning
9083,Customer 9083,Kakinada,Returning
9084,Customer 9084,Rajahmundry,VIP
9085,Customer 9085,Kakinada,New
9086,Customer 9086,Kakinada,New
9087,Customer 9087,Kurnool,Returning
9088,Customer 9088,Guntur,Returning
9089,Customer 9089,Nellore,Returning
9090,Customer 9090,Tirupati,Returning
9091,Customer 9091,Vijayawada,Returning
9092,Customer 9092,Anantapur,Returning
9093,Customer 9093,Guntur,Returning
9094,Customer 9094,Nellore,New
9095,Customer 9095,Guntur,Returning
9096,Customer 9096,Tirupati,New
9097,Customer 9097,Kakinada,VIP
9098,Customer 9098,Kurnool,Returning
9099,Customer 9099,Ongole,VIP
9100,Customer 9100,Anantapur,VIP
9101,Customer 9101,Visakhapatnam,New
9102,Customer 9102,Anantapur,VIP
9103,Customer 9103,Kurnool,New
9104,Customer 9104,Ongole,Returning
9105,Customer 9105,Kakinada,New
9106,Customer 9106,Vijayawada,Returning
9107,Customer 9107,Kurnool,Returning
9108,Customer 9108,Tirupati,New
9109,Customer 9109,Nellore,VIP
9110,Customer 9110,Kurnool,Returning
9111,Customer 9111,Visakhapatnam,VIP
9112,Customer 9112,Tirupati,VIP
9113,Customer 9113,Anantapur,Returning
9114,Customer 9114,Ongole,Returning
9115,Customer 9115,Vijayawada,Returning
9116,Customer 9116,Tirupati,Returning
9117,Customer 9117,Guntur,Returning
9118,Customer 9118,Nellore,New
9119,Customer 9119,Ongole,Returning
9120,Customer 9120,Tirupati,VIP
9121,Customer 9121,Ongole,Returning
9122,Customer 9122,Anantapur,VIP
9123,Customer 9123,Kakinada,New
9124,Customer 9124,Kakinada,Returning
9125,Customer 9125,Nellore,Returning
9126,Customer 9126,Visakhapatnam,Returning
9127,Customer 9127,Tirupati,Returning
9128,Customer 9128,Guntur,New
9129,Customer 9129,Rajahmundry,VIP
9130,Customer 9130,Rajahmundry,New
9131,Customer 9131,Ongole,New
9132,Customer 9132,Rajahmundry,Returning
9133,Customer 9133,Vijayawada,New
9134,Customer 9134,Visakhapatnam,New
9135,Customer 9135,Anantapur,VIP
9136,Customer 9136,Kakinada,New
9137,Customer 9137,Visakhapatnam,Returning
9138,Customer 9138,Rajahmundry,New
9139,Customer 9139,Kurnool,Returning
9140,Customer 9140,Kakinada,New
9141,Customer 9141,Guntur,New
9142,Customer 9142,Tirupati,Returning
9143,Customer 9143,Nellore,VIP
9144,Customer 9144,Kurnool,Returning
9145,Customer 9145,Guntur,New
9146,Customer 9146,Kakinada,New
9147,Customer 9147,Rajahmundry,Returning
9148,Customer 9148,Vijayawada,Returning
9149,Customer 9149,Guntur,New
9150,Customer 9150,Tirupati,New
9151,Customer 9151,Anantapur,Returning
9152,Customer 9152,Kurnool,VIP
9153,Customer 9153,Vijayawada,Returning
9154,Customer 9154,Kakinada,New
9155,Customer 9155,Visakhapatnam,New
9156,Customer 9156,Rajahmundry,New
9157,Customer 9157,Kakinada,VIP
9158,Customer 9158,Anantapur,Returning
9159,Customer 9159,Guntur,New
9160,Customer 9160,Vijayawada,VIP
9161,Customer 9161,Nellore,Returning
9162,Customer 9162,Anantapur,New
9163,Customer 9163,Kakinada,VIP
9164,Customer 9164,Kakinada,New
9165,Customer 9165,Vijayawada,VIP
9166,Customer 9166,Ongole,Returning
9167,Customer 9167,Kurnool,VIP
9168,Customer 9168,Kurnool,New
9169,Customer 9169,Visakhapatnam,New
9170,Customer 9170,Ongole,New
9171,Customer 9171,Ongole,VIP
9172,Customer 9172,Kakinada,Returning
9173,Customer 9173,Kakinada,New
9174,Customer 9174,Guntur,New
9175,Customer 9175,Nellore,VIP
9176,Customer 9176,Vijayawada,Returning
9177,Customer 9177,Visakhapatnam,New
9178,Customer 9178,Visakhapatnam,VIP
9179,Customer 9179,Tirupati,VIP
9180,Customer 9180,Nellore,New
9181,Customer 9181,Vijayawada,Returning
9182,Customer 9182,Rajahmundry,New
9183,Customer 9183,Guntur,Returning
9184,Customer 9184,Kurnool,VIP
9185,Customer 9185,Visakhapatnam,VIP
9186,Customer 9186,Kakinada,New
9187,Customer 9187,Rajahmundry,VIP
9188,Customer 9188,Kakinada,Returning
9189,Customer 9189,Rajahmundry,New
9190,Customer 9190,Nellore,Returning
9191,Customer 9191,Rajahmundry,VIP
9192,Customer 9192,Visakhapatnam,New
9193,Customer 9193,Vijayawada,VIP
9194,Customer 9194,Kakinada,Returning
9195,Customer 9195,Ongole,VIP
9196,Customer 9196,Kakinada,VIP
9197,Customer 9197,Tirupati,New
9198,Customer 9198,Nellore,Returning
9199,Customer 9199,Kakinada,VIP
9200,Customer 9200,Rajahmundry,New
9201,Customer 9201,Rajahmundry,Returning
9202,Customer 9202,Kurnool,VIP
9203,Customer 9203,Nellore,New
9204,Customer 9204,Visakhapatnam,VIP
9205,Customer 9205,Anantapur,New
9206,Customer 9206,Tirupati,Returning
9207,Customer 9207,Nellore,New
9208,Customer 9208,Nellore,New
9209,Customer 9209,Tirupati,Returning
9210,Customer 9210,Ongole,New
9211,Customer 9211,Rajahmundry,Returning
9212,Customer 9212,Tirupati,Returning
9213,Customer 9213,Tirupati,New
9214,Customer 9214,Kakinada,Returning
9215,Customer 9215,Kakinada,VIP
9216,Customer 9216,Guntur,New
9217,Customer 9217,Tirupati,New
9218,Customer 9218,Visakhapatnam,VIP
9219,Customer 9219,Kakinada,VIP
9220,Customer 9220,Ongole,VIP
9221,Customer 9221,Vijayawada,Returning
9222,Customer 9222,Vijayawada,New
9223,Customer 9223,Rajahmundry,Returning
9224,Customer 9224,Rajahmundry,VIP
9225,Customer 9225,Guntur,VIP
9226,Customer 9226,Rajahmundry,Returning
9227,Customer 9227,Tirupati,New
9228,Customer 9228,Kakinada,Returning
9229,Customer 9229,Ongole,New
9230,Customer 9230,Kakinada,Returning
9231,Customer 9231,Visakhapatnam,VIP
9232,Customer 9232,Nellore,VIP
9233,Customer 9233,Nellore,VIP
9234,Customer 9234,Vijayawada,Returning
9235,Customer 9235,Vijayawada,New
9236,Customer 9236,Rajahmundry,VIP
9237,Customer 9237,Nellore,New
9238,Customer 9238,Guntur,New
9239,Customer 9239,Visakhapatnam,New
9240,Customer 9240,Kakinada,New
9241,Customer 9241,Kurnool,Returning
9242,Customer 9242,Guntur,Returning
9243,Customer 9243,Ongole,VIP
9244,Customer 9244,Rajahmundry,New
9245,Customer 9245,Ongole,New
9246,Customer 9246,Vijayawada,VIP
9247,Customer 9247,Anantapur,VIP
9248,Customer 9248,Tirupati,Returning
9249,Customer 9249,Rajahmundry,New
9250,Customer 9250,Ongole,Returning
9251,Customer 9251,Guntur,VIP
9252,Customer 9252,Kakinada,VIP
9253,Customer 9253,Nellore,New
9254,Customer 9254,Kakinada,New
9255,Customer 9255,Rajahmundry,Returning
9256,Customer 9256,Kakinada,New
9257,Customer 9257,Visakhapatnam,VIP
9258,Customer 9258,Rajahmundry,Returning
9259,Customer 9259,Ongole,Returning
9260,Customer 9260,Kurnool,New
9261,Customer 9261,Vijayawada,VIP
9262,Customer 9262,Kakinada,New
9263,Customer 9263,Anantapur,VIP
9264,Customer 9264,Rajahmundry,VIP
9265,Customer 9265,Guntur,New
9266,Customer 9266,Anantapur,VIP
9267,Customer 9267,Rajahmundry,New
9268,Customer 9268,Tirupati,New
9269,Customer 9269,Ongole,New
9270,Customer 9270,Visakhapatnam,New
9271,Customer 9271,Nellore,VIP
9272,Customer 9272,Rajahmundry,VIP
9273,Customer 9273,Rajahmundry,New
9274,Customer 9274,Guntur,VIP
9275,Customer 9275,Visakhapatnam,New
9276,Customer 9276,Kurnool,New
9277,Customer 9277,Rajahmundry,VIP
9278,Customer 9278,Ongole,Returning
9279,Customer 9279,Guntur,Returning
9280,Customer 9280,Rajahmundry,New
9281,Customer 9281,Rajahmundry,Returning
9282,Customer 9282,Guntur,New
9283,Customer 9283,Rajahmundry,New
9284,Customer 9284,Kakinada,Returning
9285,Customer 9285,Ongole,Returning
9286,Customer 9286,Kakinada,Returning
9287,Customer 9287,Kurnool,New
9288,Customer 9288,Kurnool,New
9289,Customer 9289,Nellore,Returning
9290,Customer 9290,Ongole,VIP
9291,Customer 9291,Ongole,VIP
9292,Customer 9292,Guntur,Returning
9293,Customer 9293,Tirupati,New
9294,Customer 9294,Anantapur,VIP
9295,Customer 9295,Tirupati,Returning
9296,Customer 9296,Tirupati,VIP
9297,Customer 9297,Visakhapatnam,Returning
9298,Customer 9298,Guntur,New
9299,Customer 9299,Nellore,VIP
9300,Customer 9300,Tirupati,New
9301,Customer 9301,Rajahmundry,New
9302,Customer 9302,Vijayawada,New
9303,Customer 9303,Tirupati,Returning
9304,Customer 9304,Kurnool,VIP
9305,Customer 9305,Visakhapatnam,Returning
9306,Customer 9306,Vijayawada,VIP
9307,Customer 9307,Kurnool,New
9308,Customer 9308,Guntur,New
9309,Customer 9309,Vijayawada,New
9310,Customer 9310,Ongole,VIP
9311,Customer 9311,Vijayawada,VIP
9312,Customer 9312,Ongole,VIP
9313,Customer 9313,Anantapur,VIP
9314,Customer 9314,Kurnool,VIP
9315,Customer 9315,Tirupati,New
9316,Customer 9316,Guntur,New
9317,Customer 9317,Guntur,Returning
9318,Customer 9318,Rajahmundry,New
9319,Customer 9319,Nellore,Returning
9320,Customer 9320,Nellore,Returning
9321,Customer 9321,Kakinada,VIP
9322,Customer 9322,Vijayawada,Returning
9323,Customer 9323,Rajahmundry,VIP
9324,Customer 9324,Ongole,Returning
9325,Customer 9325,Anantapur,New
9326,Customer 9326,Kurnool,Returning
9327,Customer 9327,Rajahmundry,VIP
9328,Customer 9328,Ongole,New
9329,Customer 9329,Kurnool,Returning
9330,Customer 9330,Anantapur,Returning
9331,Customer 9331,Nellore,VIP
9332,Customer 9332,Tirupati,VIP
9333,Customer 9333,Ongole,New
9334,Customer 9334,Anantapur,New
9335,Customer 9335,Ongole,Returning
9336,Customer 9336,Kurnool,VIP
9337,Customer 9337,Kurnool,VIP
9338,Customer 9338,Kurnool,VIP
9339,Customer 9339,Kurnool,New
9340,Customer 9340,Vijayawada,Returning
9341,Customer 9341,Ongole,Returning
9342,Customer 9342,Kakinada,New
9343,Customer 9343,Nellore,VIP
9344,Customer 9344,Visakhapatnam,VIP
9345,Customer 9345,Ongole,VIP
9346,Customer 9346,Vijayawada,New
9347,Customer 9347,Tirupati,New
9348,Customer 9348,Kakinada,New
9349,Customer 9349,Guntur,New
9350,Customer 9350,Vijayawada,VIP
9351,Customer 9351,Ongole,Returning
9352,Customer 9352,Kurnool,VIP
9353,Customer 9353,Kurnool,Returning
9354,Customer 9354,Visakhapatnam,Returning
9355,Customer 9355,Guntur,VIP
9356,Customer 9356,Ongole,New
9357,Customer 9357,Kakinada,Returning
9358,Customer 9358,Kakinada,New
9359,Customer 9359,Vijayawada,New
9360,Customer 9360,Vijayawada,VIP
9361,Customer 9361,Guntur,New
9362,Customer 9362,Ongole,New
9363,Customer 9363,Kurnool,Returning
9364,Customer 9364,Rajahmundry,Returning
9365,Customer 9365,Nellore,VIP
9366,Customer 9366,Kakinada,New
9367,Customer 9367,Vijayawada,Returning
9368,Customer 9368,Anantapur,New
9369,Customer 9369,Anantapur,Returning
9370,Customer 9370,Nellore,New
9371,Customer 9371,Rajahmundry,VIP
9372,Customer 9372,Kakinada,Returning
9373,Customer 9373,Nellore,VIP
9374,Customer 9374,Vijayawada,VIP
9375,Customer 9375,Tirupati,New
9376,Customer 9376,Ongole,New
9377,Customer 9377,Kurnool,Returning
9378,Customer 9378,Vijayawada,New
9379,Customer 9379,Kurnool,New
9380,Customer 9380,Nellore,VIP
9381,Customer 9381,Vijayawada,VIP
9382,Customer 9382,Tirupati,VIP
9383,Customer 9383,Anantapur,VIP
9384,Customer 9384,Kakinada,New
9385,Customer 9385,Anantapur,Returning
9386,Customer 9386,Vijayawada,VIP
9387,Customer 9387,Visakhapatnam,VIP
9388,Customer 9388,Guntur,VIP
9389,Customer 9389,Visakhapatnam,VIP
9390,Customer 9390,Visakhapatnam,VIP
9391,Customer 9391,Guntur,VIP
9392,Customer 9392,Kakinada,Returning
9393,Customer 9393,Rajahmundry,New
9394,Customer 9394,Tirupati,Returning
9395,Customer 9395,Vijayawada,VIP
9396,Customer 9396,Kurnool,New
9397,Customer 9397,Anantapur,Returning
9398,Customer 9398,Nellore,Returning
9399,Customer 9399,Kakinada,Returning
9400,Customer 9400,Kurnool,Returning
9401,Customer 9401,Nellore,VIP
9402,Customer 9402,Ongole,New
9403,Customer 9403,Tirupati,Returning
9404,Customer 9404,Kurnool,New
9405,Customer 9405,Ongole,VIP
9406,Customer 9406,Tirupati,New
9407,Customer 9407,Kakinada,New
9408,Customer 9408,Guntur,VIP
9409,Customer 9409,Visakhapatnam,New
9410,Customer 9410,Visakhapatnam,New
9411,Customer 9411,Kurnool,New
9412,Customer 9412,Visakhapatnam,New
9413,Customer 9413,Anantapur,New
9414,Customer 9414,Nellore,Returning
9415,Customer 9415,Kakinada,Returning
9416,Customer 9416,Visakhapatnam,Returning
9417,Customer 9417,Anantapur,New
9418,Customer 9418,Tirupati,New
9419,Customer 9419,Guntur,VIP
9420,Customer 9420,Rajahmundry,VIP
9421,Customer 9421,Visakhapatnam,Returning
9422,Customer 9422,Ongole,VIP
9423,Customer 9423,Visakhapatnam,VIP
9424,Customer 9424,Rajahmundry,VIP
9425,Customer 9425,Guntur,Returning
9426,Customer 9426,Tirupati,Returning
9427,Customer 9427,Visakhapatnam,Returning
9428,Customer 9428,Kakinada,Returning
9429,Customer 9429,Kakinada,VIP
9430,Customer 9430,Tirupati,New
9431,Customer 9431,Visakhapatnam,New
9432,Customer 9432,Guntur,New
9433,Customer 9433,Kurnool,VIP
9434,Customer 9434,Kakinada,VIP
9435,Customer 9435,Anantapur,Returning
9436,Customer 9436,Anantapur,Returning
9437,Customer 9437,Guntur,New
9438,Customer 9438,Kurnool,Returning
9439,Customer 9439,Kakinada,New
9440,Customer 9440,Nellore,New
9441,Customer 9441,Anantapur,New
9442,Customer 9442,Nellore,VIP
9443,Customer 9443,Vijayawada,New
9444,Customer 9444,Vijayawada,VIP
9445,Customer 9445,Anantapur,VIP
9446,Customer 9446,Rajahmundry,New
9447,Customer 9447,Tirupati,VIP
9448,Customer 9448,Visakhapatnam,Returning
9449,Customer 9449,Guntur,Returning
9450,Customer 9450,Vijayawada,New
9451,Customer 9451,Ongole,New
9452,Customer 9452,Ongole,VIP
9453,Customer 9453,Rajahmundry,New
9454,Customer 9454,Ongole,VIP
9455,Customer 9455,Kakinada,VIP
9456,Customer 9456,Rajahmundry,New
9457,Customer 9457,Guntur,Returning
9458,Customer 9458,Vijayawada,Returning
9459,Customer 9459,Rajahmundry,New
9460,Customer 9460,Kurnool,New
9461,Customer 9461,Kurnool,Returning
9462,Customer 9462,Tirupati,VIP
9463,Customer 9463,Visakhapatnam,Returning
9464,Customer 9464,Nellore,Returning
9465,Customer 9465,Visakhapatnam,New
9466,Customer 9466,Nellore,New
9467,Customer 9467,Rajahmundry,New
9468,Customer 9468,Guntur,VIP
9469,Customer 9469,Kurnool,Returning
9470,Customer 9470,Ongole,Returning
9471,Customer 9471,Vijayawada,New
9472,Customer 9472,Anantapur,New
9473,Customer 9473,Guntur,Returning
9474,Customer 9474,Kurnool,Returning
9475,Customer 9475,Vijayawada,VIP
9476,Customer 9476,Kurnool,Returning
9477,Customer 9477,Ongole,VIP
9478,Customer 9478,Visakhapatnam,VIP
9479,Customer 9479,Tirupati,VIP
9480,Customer 9480,Ongole,Returning
9481,Customer 9481,Rajahmundry,New
9482,Customer 9482,Vijayawada,New
9483,Customer 9483,Anantapur,Returning
9484,Customer 9484,Anantapur,Returning
9485,Customer 9485,Tirupati,Returning
9486,Customer 9486,Visakhapatnam,VIP
9487,Customer 9487,Vijayawada,Returning
9488,Customer 9488,Visakhapatnam,Returning
9489,Customer 9489,Ongole,New
9490,Customer 9490,Anantapur,New
9491,Customer 9491,Guntur,New
9492,Customer 9492,Kurnool,VIP
9493,Customer 9493,Ongole,New
9494,Customer 9494,Tirupati,VIP
9495,Customer 9495,Rajahmundry,Returning
9496,Customer 9496,Tirupati,New
9497,Customer 9497,Tirupati,New
9498,Customer 9498,Ongole,VIP
9499,Customer 9499,Ongole,Returning
9500,Customer 9500,Kakinada,Returning
9501,Customer 9501,Kakinada,Returning
9502,Customer 9502,Rajahmundry,Returning
9503,Customer 9503,Vijayawada,Returning
9504,Customer 9504,Visakhapatnam,VIP
9505,Customer 9505,Visakhapatnam,VIP
9506,Customer 9506,Tirupati,VIP
9507,Customer 9507,Vijayawada,New
9508,Customer 9508,Visakhapatnam,VIP
9509,Customer 9509,Nellore,Returning
9510,Customer 9510,Ongole,Returning
9511,Customer 9511,Vijayawada,New
9512,Customer 9512,Tirupati,Returning
9513,Customer 9513,Ongole,Returning
9514,Customer 9514,Vijayawada,Returning
9515,Customer 9515,Kurnool,VIP
9516,Customer 9516,Rajahmundry,Returning
9517,Customer 9517,Anantapur,Returning
9518,Customer 9518,Visakhapatnam,Returning
9519,Customer 9519,Tirupati,Returning
9520,Customer 9520,Kakinada,New
9521,Customer 9521,Kakinada,Returning
9522,Customer 9522,Guntur,Returning
9523,Customer 9523,Kakinada,New
9524,Customer 9524,Rajahmundry,New
9525,Customer 9525,Kakinada,New
9526,Customer 9526,Anantapur,VIP
9527,Customer 9527,Visakhapatnam,New
9528,Customer 9528,Kurnool,New
9529,Customer 9529,Vijayawada,VIP
9530,Customer 9530,Rajahmundry,New
9531,Customer 9531,Guntur,VIP
9532,Customer 9532,Anantapur,New
9533,Customer 9533,Anantapur,New
9534,Customer 9534,Nellore,Returning
9535,Customer 9535,Guntur,Returning
9536,Customer 9536,Vijayawada,New
9537,Customer 9537,Rajahmundry,New
9538,Customer 9538,Vijayawada,VIP
9539,Customer 9539,Nellore,VIP
9540,Customer 9540,Guntur,Returning
9541,Customer 9541,Visakhapatnam,Returning
9542,Customer 9542,Nellore,Returning
9543,Customer 9543,Visakhapatnam,Returning
9544,Customer 9544,Kurnool,Returning
9545,Customer 9545,Guntur,VIP
9546,Customer 9546,Kurnool,VIP
9547,Customer 9547,Tirupati,VIP
9548,Customer 9548,Visakhapatnam,Returning
9549,Customer 9549,Visakhapatnam,New
9550,Customer 9550,Vijayawada,Returning
9551,Customer 9551,Visakhapatnam,VIP
9552,Customer 9552,Guntur,New
9553,Customer 9553,Tirupati,VIP
9554,Customer 9554,Tirupati,Returning
9555,Customer 9555,Guntur,New
9556,Customer 9556,Ongole,Returning
9557,Customer 9557,Rajahmundry,Returning
9558,Customer 9558,Ongole,Returning
9559,Customer 9559,Vijayawada,New
9560,Customer 9560,Vijayawada,New
9561,Customer 9561,Visakhapatnam,VIP
9562,Customer 9562,Nellore,Returning
9563,Customer 9563,Visakhapatnam,New
9564,Customer 9564,Nellore,Returning
9565,Customer 9565,Guntur,New
9566,Customer 9566,Nellore,Returning
9567,Customer 9567,Visakhapatnam,New
9568,Customer 9568,Rajahmundry,New
9569,Customer 9569,Ongole,New
9570,Customer 9570,Tirupati,Returning
9571,Customer 9571,Tirupati,Returning
9572,Customer 9572,Rajahmundry,VIP
9573,Customer 9573,Tirupati,Returning
9574,Customer 9574,Tirupati,New
9575,Customer 9575,Guntur,Returning
9576,Customer 9576,Kurnool,Returning
9577,Customer 9577,Nellore,Returning
9578,Customer 9578,Kurnool,VIP
9579,Customer 9579,Rajahmundry,VIP
9580,Customer 9580,Kakinada,New
9581,Customer 9581,Rajahmundry,Returning
9582,Customer 9582,Visakhapatnam,Returning
9583,Customer 9583,Nellore,Returning
9584,Customer 9584,Nellore,VIP
9585,Customer 9585,Vijayawada,VIP
9586,Customer 9586,Kurnool,Returning
9587,Customer 9587,Tirupati,Returning
9588,Customer 9588,Tirupati,Returning
9589,Customer 9589,Rajahmundry,New
9590,Customer 9590,Kurnool,Returning
9591,Customer 9591,Rajahmundry,Returning
9592,Customer 9592,Anantapur,New
9593,Customer 9593,Vijayawada,Returning
9594,Customer 9594,Visakhapatnam,New
9595,Customer 9595,Ongole,New
9596,Customer 9596,Kakinada,New
9597,Customer 9597,Ongole,VIP
9598,Customer 9598,Guntur,VIP
9599,Customer 9599,Ongole,Returning
9600,Customer 9600,Kurnool,New
9601,Customer 9601,Anantapur,VIP
9602,Customer 9602,Nellore,New
9603,Customer 9603,Guntur,VIP
9604,Customer 9604,Nellore,New
9605,Customer 9605,Guntur,Returning
9606,Customer 9606,Tirupati,VIP
9607,Customer 9607,Kakinada,Returning
9608,Customer 9608,Kakinada,Returning
9609,Customer 9609,Nellore,VIP
9610,Customer 9610,Anantapur,New
9611,Customer 9611,Nellore,VIP
9612,Customer 9612,Kakinada,Returning
9613,Customer 9613,Vijayawada,Returning
9614,Customer 9614,Rajahmundry,New
9615,Customer 9615,Guntur,New
9616,Customer 9616,Guntur,New
9617,Customer 9617,Kurnool,Returning
9618,Customer 9618,Guntur,VIP
9619,Customer 9619,Kurnool,New
9620,Customer 9620,Kurnool,VIP
9621,Customer 9621,Vijayawada,VIP
9622,Customer 9622,Ongole,New
9623,Customer 9623,Ongole,New
9624,Customer 9624,Guntur,New
9625,Customer 9625,Tirupati,New
9626,Customer 9626,Vijayawada,VIP
9627,Customer 9627,Kakinada,New
9628,Customer 9628,Kakinada,Returning
9629,Customer 9629,Ongole,VIP
9630,Customer 9630,Guntur,VIP
9631,Customer 9631,Guntur,VIP
9632,Customer 9632,Nellore,VIP
9633,Customer 9633,Kakinada,New
9634,Customer 9634,Guntur,VIP
9635,Customer 9635,Tirupati,Returning
9636,Customer 9636,Kurnool,New
9637,Customer 9637,Kakinada,Returning
9638,Customer 9638,Anantapur,Returning
9639,Customer 9639,Rajahmundry,VIP
9640,Customer 9640,Visakhapatnam,VIP
9641,Customer 9641,Tirupati,VIP
9642,Customer 9642,Ongole,Returning
9643,Customer 9643,Nellore,Returning
9644,Customer 9644,Vijayawada,VIP
9645,Customer 9645,Kakinada,New
9646,Customer 9646,Anantapur,Returning
9647,Customer 9647,Vijayawada,VIP
9648,Customer 9648,Rajahmundry,VIP
9649,Customer 9649,Tirupati,VIP
9650,Customer 9650,Vijayawada,VIP
9651,Customer 9651,Ongole,New
9652,Customer 9652,Rajahmundry,New
9653,Customer 9653,Anantapur,Returning
9654,Customer 9654,Ongole,New
9655,Customer 9655,Vijayawada,VIP
9656,Customer 9656,Ongole,Returning
9657,Customer 9657,Visakhapatnam,VIP
9658,Customer 9658,Ongole,Returning
9659,Customer 9659,Guntur,VIP
9660,Customer 9660,Visakhapatnam,New
9661,Customer 9661,Kurnool,Returning
9662,Customer 9662,Visakhapatnam,Returning
9663,Customer 9663,Kurnool,Returning
9664,Customer 9664,Anantapur,Returning
9665,Customer 9665,Kurnool,New
9666,Customer 9666,Rajahmundry,VIP
9667,Customer 9667,Kurnool,New
9668,Customer 9668,Anantapur,New
9669,Customer 9669,Nellore,New
9670,Customer 9670,Kurnool,Returning
9671,Customer 9671,Vijayawada,VIP
9672,Customer 9672,Kurnool,New
9673,Customer 9673,Rajahmundry,New
9674,Customer 9674,Kakinada,New
9675,Customer 9675,Tirupati,New
9676,Customer 9676,Visakhapatnam,Returning
9677,Customer 9677,Nellore,New
9678,Customer 9678,Guntur,VIP
9679,Customer 9679,Nellore,VIP
9680,Customer 9680,Kurnool,New
9681,Customer 9681,Nellore,VIP
9682,Customer 9682,Vijayawada,New
9683,Customer 9683,Kakinada,New
9684,Customer 9684,Tirupati,Returning
9685,Customer 9685,Visakhapatnam,New
9686,Customer 9686,Ongole,New
9687,Customer 9687,Guntur,New
9688,Customer 9688,Anantapur,New
9689,Customer 9689,Nellore,New
9690,Customer 9690,Kurnool,Returning
9691,Customer 9691,Nellore,VIP
9692,Customer 9692,Anantapur,New
9693,Customer 9693,Rajahmundry,New
9694,Customer 9694,Visakhapatnam,VIP
9695,Customer 9695,Anantapur,New
9696,Customer 9696,Vijayawada,VIP
9697,Customer 9697,Vijayawada,VIP
9698,Customer 9698,Kurnool,Returning
9699,Customer 9699,Visakhapatnam,New
9700,Customer 9700,Guntur,VIP
9701,Customer 9701,Visakhapatnam,Returning
9702,Customer 9702,Ongole,VIP
9703,Customer 9703,Ongole,VIP
9704,Customer 9704,Ongole,VIP
9705,Customer 9705,Guntur,VIP
9706,Customer 9706,Kurnool,Returning
9707,Customer 9707,Vijayawada,New
9708,Customer 9708,Kurnool,New
9709,Customer 9709,Tirupati,Returning
9710,Customer 9710,Anantapur,New
9711,Customer 9711,Tirupati,VIP
9712,Customer 9712,Kurnool,New
9713,Customer 9713,Kakinada,Returning
9714,Customer 9714,Visakhapatnam,Returning
9715,Customer 9715,Nellore,VIP
9716,Customer 9716,Tirupati,New
9717,Customer 9717,Ongole,VIP
9718,Customer 9718,Ongole,New
9719,Customer 9719,Kurnool,VIP
9720,Customer 9720,Nellore,VIP
9721,Customer 9721,Visakhapatnam,VIP
9722,Customer 9722,Kakinada,Returning
9723,Customer 9723,Kurnool,Returning
9724,Customer 9724,Kurnool,VIP
9725,Customer 9725,Tirupati,New
9726,Customer 9726,Kakinada,Returning
9727,Customer 9727,Rajahmundry,VIP
9728,Customer 9728,Visakhapatnam,New
9729,Customer 9729,Vijayawada,New
9730,Customer 9730,Vijayawada,VIP
9731,Customer 9731,Anantapur,Returning
9732,Customer 9732,Kurnool,VIP
9733,Customer 9733,Nellore,New
9734,Customer 9734,Visakhapatnam,VIP
9735,Customer 9735,Anantapur,VIP
9736,Customer 9736,Vijayawada,VIP
9737,Customer 9737,Kakinada,New
9738,Customer 9738,Vijayawada,Returning
9739,Customer 9739,Guntur,Returning
9740,Customer 9740,Kurnool,Returning
9741,Customer 9741,Vijayawada,VIP
9742,Customer 9742,Nellore,Returning
9743,Customer 9743,Rajahmundry,Returning
9744,Customer 9744,Vijayawada,Returning
9745,Customer 9745,Tirupati,Returning
9746,Customer 9746,Anantapur,Returning
9747,Customer 9747,Ongole,Returning
9748,Customer 9748,Kakinada,VIP
9749,Customer 9749,Rajahmundry,New
9750,Customer 9750,Tirupati,VIP
9751,Customer 9751,Guntur,Returning
9752,Customer 9752,Anantapur,New
9753,Customer 9753,Kurnool,Returning
9754,Customer 9754,Anantapur,New
9755,Customer 9755,Guntur,New
9756,Customer 9756,Tirupati,New
9757,Customer 9757,Guntur,Returning
9758,Customer 9758,Guntur,VIP
9759,Customer 9759,Kurnool,Returning
9760,Customer 9760,Nellore,Returning
9761,Customer 9761,Visakhapatnam,VIP
9762,Customer 9762,Rajahmundry,New
9763,Customer 9763,Kakinada,Returning
9764,Customer 9764,Rajahmundry,New
9765,Customer 9765,Anantapur,VIP
9766,Customer 9766,Rajahmundry,Returning
9767,Customer 9767,Ongole,Returning
9768,Customer 9768,Guntur,VIP
9769,Customer 9769,Visakhapatnam,New
9770,Customer 9770,Kakinada,New
9771,Customer 9771,Nellore,Returning
9772,Customer 9772,Vijayawada,VIP
9773,Customer 9773,Ongole,VIP
9774,Customer 9774,Tirupati,New
9775,Customer 9775,Anantapur,VIP
9776,Customer 9776,Vijayawada,Returning
9777,Customer 9777,Nellore,VIP
9778,Customer 9778,Anantapur,New
9779,Customer 9779,Kurnool,Returning
9780,Customer 9780,Kurnool,Returning
9781,Customer 9781,Kurnool,New
9782,Customer 9782,Tirupati,Returning
9783,Customer 9783,Visakhapatnam,VIP
9784,Customer 9784,Vijayawada,New
9785,Customer 9785,Ongole,VIP
9786,Customer 9786,Nellore,Returning
9787,Customer 9787,Kurnool,New
9788,Customer 9788,Anantapur,VIP
9789,Customer 9789,Kurnool,New
9790,Customer 9790,Kakinada,New
9791,Customer 9791,Guntur,New
9792,Customer 9792,Rajahmundry,Returning
9793,Customer 9793,Ongole,Returning
9794,Customer 9794,Guntur,Returning
9795,Customer 9795,Anantapur,New
9796,Customer 9796,Ongole,Returning
9797,Customer 9797,Kakinada,VIP
9798,Customer 9798,Nellore,Returning
9799,Customer 9799,Kurnool,Returning
9800,Customer 9800,Vijayawada,Returning
9801,Customer 9801,Kakinada,New
9802,Customer 9802,Guntur,New
9803,Customer 9803,Kurnool,VIP
9804,Customer 9804,Kurnool,Returning
9805,Customer 9805,Anantapur,New
9806,Customer 9806,Nellore,Returning
9807,Customer 9807,Kakinada,New
9808,Customer 9808,Tirupati,Returning
9809,Customer 9809,Ongole,Returning
9810,Customer 9810,Vijayawada,Returning
9811,Customer 9811,Vijayawada,Returning
9812,Customer 9812,Kakinada,VIP
9813,Customer 9813,Visakhapatnam,New
9814,Customer 9814,Kurnool,VIP
9815,Customer 9815,Vijayawada,New
9816,Customer 9816,Visakhapatnam,VIP
9817,Customer 9817,Kakinada,Returning
9818,Customer 9818,Rajahmundry,Returning
9819,Customer 9819,Kakinada,VIP
9820,Customer 9820,Anantapur,Returning
9821,Customer 9821,Ongole,New
9822,Customer 9822,Ongole,Returning
9823,Customer 9823,Tirupati,Returning
9824,Customer 9824,Anantapur,Returning
9825,Customer 9825,Kurnool,New
9826,Customer 9826,Vijayawada,VIP
9827,Customer 9827,Vijayawada,Returning
9828,Customer 9828,Kurnool,New
9829,Customer 9829,Kakinada,Returning
9830,Customer 9830,Guntur,VIP
9831,Customer 9831,Guntur,VIP
9832,Customer 9832,Ongole,VIP
9833,Customer 9833,Vijayawada,New
9834,Customer 9834,Rajahmundry,New
9835,Customer 9835,Ongole,VIP
9836,Customer 9836,Vijayawada,VIP
9837,Customer 9837,Rajahmundry,Returning
9838,Customer 9838,Anantapur,VIP
9839,Customer 9839,Nellore,VIP
9840,Customer 9840,Tirupati,VIP
9841,Customer 9841,Kurnool,VIP
9842,Customer 9842,Rajahmundry,VIP
9843,Customer 9843,Ongole,Returning
9844,Customer 9844,Nellore,Returning
9845,Customer 9845,Vijayawada,Returning
9846,Customer 9846,Vijayawada,Returning
9847,Customer 9847,Ongole,Returning
9848,Customer 9848,Visakhapatnam,Returning
9849,Customer 9849,Vijayawada,Returning
9850,Customer 9850,Anantapur,New
9851,Customer 9851,Tirupati,New
9852,Customer 9852,Tirupati,Returning
9853,Customer 9853,Ongole,New
9854,Customer 9854,Tirupati,Returning
9855,Customer 9855,Tirupati,VIP
9856,Customer 9856,Visakhapatnam,VIP
9857,Customer 9857,Anantapur,VIP
9858,Customer 9858,Rajahmundry,New
9859,Customer 9859,Tirupati,New
9860,Customer 9860,Ongole,New
9861,Customer 9861,Kurnool,New
9862,Customer 9862,Kurnool,Returning
9863,Customer 9863,Tirupati,Returning
9864,Customer 9864,Visakhapatnam,VIP
9865,Customer 9865,Nellore,VIP
9866,Customer 9866,Nellore,New
9867,Customer 9867,Nellore,VIP
9868,Customer 9868,Rajahmundry,New
9869,Customer 9869,Nellore,Returning
9870,Customer 9870,Rajahmundry,VIP
9871,Customer 9871,Tirupati,New
9872,Customer 9872,Nellore,VIP
9873,Customer 9873,Nellore,New
9874,Customer 9874,Kakinada,VIP
9875,Customer 9875,Kakinada,VIP
9876,Customer 9876,Tirupati,VIP
9877,Customer 9877,Visakhapatnam,Returning
9878,Customer 9878,Rajahmundry,VIP
9879,Customer 9879,Vijayawada,VIP
9880,Customer 9880,Visakhapatnam,New
9881,Customer 9881,Kurnool,New
9882,Customer 9882,Anantapur,VIP
9883,Customer 9883,Guntur,VIP
9884,Customer 9884,Visakhapatnam,Returning
9885,Customer 9885,Anantapur,VIP
9886,Customer 9886,Rajahmundry,VIP
9887,Customer 9887,Kakinada,Returning
9888,Customer 9888,Guntur,Returning
9889,Customer 9889,Kakinada,New
9890,Customer 9890,Tirupati,New
9891,Customer 9891,Kakinada,New
9892,Customer 9892,Vijayawada,New
9893,Customer 9893,Kakinada,Returning
9894,Customer 9894,Nellore,VIP
9895,Customer 9895,Tirupati,VIP
9896,Customer 9896,Tirupati,New
9897,Customer 9897,Ongole,New
9898,Customer 9898,Visakhapatnam,New
9899,Customer 9899,Tirupati,VIP
9900,Customer 9900,Kurnool,VIP
9901,Customer 9901,Anantapur,Returning
9902,Customer 9902,Guntur,Returning
9903,Customer 9903,Vijayawada,VIP
9904,Customer 9904,Guntur,Returning
9905,Customer 9905,Tirupati,VIP
9906,Customer 9906,Nellore,VIP
9907,Customer 9907,Tirupati,VIP
9908,Customer 9908,Ongole,New
9909,Customer 9909,Nellore,New
9910,Customer 9910,Kurnool,VIP
9911,Customer 9911,Kurnool,VIP
9912,Customer 9912,Vijayawada,New
9913,Customer 9913,Nellore,New
9914,Customer 9914,Visakhapatnam,VIP
9915,Customer 9915,Visakhapatnam,Returning
9916,Customer 9916,Kurnool,Returning
9917,Customer 9917,Kakinada,VIP
9918,Customer 9918,Visakhapatnam,VIP
9919,Customer 9919,Vijayawada,Returning
9920,Customer 9920,Anantapur,VIP
9921,Customer 9921,Ongole,Returning
9922,Customer 9922,Visakhapatnam,VIP
9923,Customer 9923,Kakinada,Returning
9924,Customer 9924,Visakhapatnam,Returning
9925,Customer 9925,Anantapur,VIP
9926,Customer 9926,Nellore,VIP
9927,Customer 9927,Guntur,New
9928,Customer 9928,Vijayawada,VIP
9929,Customer 9929,Guntur,Returning
9930,Customer 9930,Kurnool,Returning
9931,Customer 9931,Kakinada,New
9932,Customer 9932,Nellore,Returning
9933,Customer 9933,Rajahmundry,Returning
9934,Customer 9934,Kakinada,Returning
9935,Customer 9935,Ongole,New
9936,Customer 9936,Tirupati,VIP
9937,Customer 9937,Ongole,Returning
9938,Customer 9938,Vijayawada,VIP
9939,Customer 9939,Anantapur,VIP
9940,Customer 9940,Kurnool,VIP
9941,Customer 9941,Rajahmundry,Returning
9942,Customer 9942,Vijayawada,VIP
9943,Customer 9943,Anantapur,New
9944,Customer 9944,Tirupati,New
9945,Customer 9945,Kakinada,VIP
9946,Customer 9946,Visakhapatnam,VIP
9947,Customer 9947,Visakhapatnam,New
9948,Customer 9948,Rajahmundry,VIP
9949,Customer 9949,Ongole,Returning
9950,Customer 9950,Anantapur,Returning
9951,Customer 9951,Tirupati,New
9952,Customer 9952,Ongole,Returning
9953,Customer 9953,Kurnool,Returning
9954,Customer 9954,Rajahmundry,New
9955,Customer 9955,Tirupati,New
9956,Customer 9956,Rajahmundry,VIP
9957,Customer 9957,Nellore,VIP
9958,Customer 9958,Nellore,New
9959,Customer 9959,Visakhapatnam,New
9960,Customer 9960,Visakhapatnam,New
9961,Customer 9961,Ongole,VIP
9962,Customer 9962,Nellore,New
9963,Customer 9963,Vijayawada,Returning
9964,Customer 9964,Kakinada,New
9965,Customer 9965,Kurnool,New
9966,Customer 9966,Kakinada,Returning
9967,Customer 9967,Kurnool,Returning
9968,Customer 9968,Anantapur,New
9969,Customer 9969,Rajahmundry,Returning
9970,Customer 9970,Tirupati,New
9971,Customer 9971,Visakhapatnam,Returning
9972,Customer 9972,Guntur,New
9973,Customer 9973,Kakinada,New
9974,Customer 9974,Vijayawada,Returning
9975,Customer 9975,Visakhapatnam,VIP
9976,Customer 9976,Anantapur,VIP
9977,Customer 9977,Tirupati,VIP
9978,Customer 9978,Tirupati,New
9979,Customer 9979,Nellore,Returning
9980,Customer 9980,Anantapur,Returning
9981,Customer 9981,Guntur,Returning
9982,Customer 9982,Tirupati,Returning
9983,Customer 9983,Anantapur,New
9984,Customer 9984,Ongole,Returning
9985,Customer 9985,Anantapur,Returning
9986,Customer 9986,Anantapur,VIP
9987,Customer 9987,Guntur,New
9988,Customer 9988,Ongole,Returning
9989,Customer 9989,Ongole,New
9990,Customer 9990,Tirupati,Returning
9991,Customer 9991,Rajahmundry,VIP
9992,Customer 9992,Rajahmundry,VIP
9993,Customer 9993,Vijayawada,VIP
9994,Customer 9994,Kakinada,Returning
9995,Customer 9995,Kurnool,Returning
9996,Customer 9996,Ongole,Returning
9997,Customer 9997,Visakhapatnam,Returning
9998,Customer 9998,Rajahmundry,VIP
9999,Customer 9999,Kurnool,VIP
10000,Customer 10000,Guntur,Returning
10001,Customer 10001,Nellore,VIP
10002,Customer 10002,Vijayawada,VIP
10003,Customer 10003,Nellore,New
10004,Customer 10004,Visakhapatnam,New
10005,Customer 10005,Tirupati,New
10006,Customer 10006,Kurnool,VIP
10007,Customer 10007,Vijayawada,Returning
10008,Customer 10008,Rajahmundry,VIP
10009,Customer 10009,Ongole,VIP
10010,Customer 10010,Visakhapatnam,VIP
10011,Customer 10011,Kakinada,Returning
10012,Customer 10012,Guntur,New
10013,Customer 10013,Guntur,VIP
10014,Customer 10014,Kurnool,Returning
10015,Customer 10015,Kakinada,VIP
10016,Customer 10016,Vijayawada,Returning
10017,Customer 10017,Guntur,Returning
10018,Customer 10018,Nellore,VIP
10019,Customer 10019,Visakhapatnam,VIP
10020,Customer 10020,Anantapur,Returning
10021,Customer 10021,Vijayawada,Returning
10022,Customer 10022,Guntur,New
10023,Customer 10023,Tirupati,Returning
10024,Customer 10024,Ongole,Returning
10025,Customer 10025,Nellore,VIP
10026,Customer 10026,Rajahmundry,Returning
10027,Customer 10027,Vijayawada,VIP
10028,Customer 10028,Nellore,New
10029,Customer 10029,Kakinada,VIP
10030,Customer 10030,Vijayawada,Returning
10031,Customer 10031,Ongole,VIP
10032,Customer 10032,Nellore,VIP
10033,Customer 10033,Kakinada,Returning
10034,Customer 10034,Tirupati,Returning
10035,Customer 10035,Ongole,VIP
10036,Customer 10036,Guntur,Returning
10037,Customer 10037,Ongole,New
10038,Customer 10038,Rajahmundry,VIP
10039,Customer 10039,Tirupati,VIP
10040,Customer 10040,Tirupati,VIP
10041,Customer 10041,Kakinada,VIP
10042,Customer 10042,Guntur,Returning
10043,Customer 10043,Vijayawada,New
10044,Customer 10044,Kakinada,Returning
10045,Customer 10045,Kakinada,Returning
10046,Customer 10046,Anantapur,Returning
10047,Customer 10047,Visakhapatnam,New
10048,Customer 10048,Guntur,VIP
10049,Customer 10049,Visakhapatnam,VIP
10050,Customer 10050,Ongole,VIP
10051,Customer 10051,Kakinada,New
10052,Customer 10052,Visakhapatnam,VIP
10053,Customer 10053,Nellore,VIP
10054,Customer 10054,Kakinada,VIP
10055,Customer 10055,Visakhapatnam,New
10056,Customer 10056,Vijayawada,Returning
10057,Customer 10057,Tirupati,Returning
10058,Customer 10058,Rajahmundry,New
10059,Customer 10059,Nellore,VIP
10060,Customer 10060,Vijayawada,Returning
10061,Customer 10061,Kurnool,Returning
10062,Customer 10062,Guntur,New
10063,Customer 10063,Nellore,Returning
10064,Customer 10064,Rajahmundry,Returning
10065,Customer 10065,Vijayawada,VIP
10066,Customer 10066,Nellore,Returning
10067,Customer 10067,Visakhapatnam,Returning
10068,Customer 10068,Visakhapatnam,VIP
10069,Customer 10069,Nellore,Returning
10070,Customer 10070,Tirupati,Returning
10071,Customer 10071,Anantapur,VIP
10072,Customer 10072,Anantapur,Returning
10073,Customer 10073,Anantapur,VIP
10074,Customer 10074,Guntur,VIP
10075,Customer 10075,Visakhapatnam,VIP
10076,Customer 10076,Guntur,Returning
10077,Customer 10077,Tirupati,Returning
10078,Customer 10078,Guntur,VIP
10079,Customer 10079,Kakinada,New
10080,Customer 10080,Guntur,VIP
10081,Customer 10081,Vijayawada,Returning
10082,Customer 10082,Vijayawada,New
10083,Customer 10083,Guntur,New
10084,Customer 10084,Visakhapatnam,Returning
10085,Customer 10085,Ongole,VIP
10086,Customer 10086,Vijayawada,VIP
10087,Customer 10087,Guntur,New
10088,Customer 10088,Visakhapatnam,VIP
10089,Customer 10089,Kakinada,Returning
10090,Customer 10090,Vijayawada,Returning
10091,Customer 10091,Kurnool,VIP
10092,Customer 10092,Rajahmundry,VIP
10093,Customer 10093,Tirupati,New
10094,Customer 10094,Anantapur,Returning
10095,Customer 10095,Nellore,VIP
10096,Customer 10096,Nellore,New
10097,Customer 10097,Vijayawada,New
10098,Customer 10098,Guntur,VIP
10099,Customer 10099,Vijayawada,VIP
10100,Customer 10100,Tirupati,VIP
10101,Customer 10101,Guntur,Returning
10102,Customer 10102,Visakhapatnam,New
10103,Customer 10103,Rajahmundry,New
10104,Customer 10104,Nellore,New
10105,Customer 10105,Kurnool,VIP
10106,Customer 10106,Ongole,VIP
10107,Customer 10107,Tirupati,VIP
10108,Customer 10108,Anantapur,New
10109,Customer 10109,Visakhapatnam,Returning
10110,Customer 10110,Ongole,New
10111,Customer 10111,Anantapur,VIP
10112,Customer 10112,Vijayawada,VIP
10113,Customer 10113,Tirupati,VIP
10114,Customer 10114,Rajahmundry,VIP
10115,Customer 10115,Guntur,New
10116,Customer 10116,Kurnool,VIP
10117,Customer 10117,Tirupati,VIP
10118,Customer 10118,Anantapur,New
10119,Customer 10119,Kakinada,VIP
10120,Customer 10120,Tirupati,VIP
10121,Customer 10121,Ongole,VIP
10122,Customer 10122,Ongole,VIP
10123,Customer 10123,Ongole,Returning
10124,Customer 10124,Kurnool,VIP
10125,Customer 10125,Guntur,New
10126,Customer 10126,Visakhapatnam,Returning
10127,Customer 10127,Nellore,VIP
10128,Customer 10128,Kurnool,VIP
10129,Customer 10129,Nellore,New
10130,Customer 10130,Ongole,New
10131,Customer 10131,Anantapur,VIP
10132,Customer 10132,Rajahmundry,New
10133,Customer 10133,Rajahmundry,Returning
10134,Customer 10134,Visakhapatnam,VIP
10135,Customer 10135,Guntur,New
10136,Customer 10136,Guntur,New
10137,Customer 10137,Anantapur,Returning
10138,Customer 10138,Kurnool,Returning
10139,Customer 10139,Vijayawada,New
10140,Customer 10140,Rajahmundry,VIP
10141,Customer 10141,Tirupati,Returning
10142,Customer 10142,Ongole,Returning
10143,Customer 10143,Rajahmundry,New
10144,Customer 10144,Kurnool,Returning
10145,Customer 10145,Vijayawada,Returning
10146,Customer 10146,Tirupati,VIP
10147,Customer 10147,Kakinada,VIP
10148,Customer 10148,Anantapur,Returning
10149,Customer 10149,Visakhapatnam,VIP
10150,Customer 10150,Tirupati,New
10151,Customer 10151,Nellore,Returning
10152,Customer 10152,Vijayawada,VIP
10153,Customer 10153,Tirupati,VIP
10154,Customer 10154,Kakinada,Returning
10155,Customer 10155,Guntur,New
10156,Customer 10156,Nellore,Returning
10157,Customer 10157,Ongole,VIP
10158,Customer 10158,Ongole,VIP
10159,Customer 10159,Kakinada,VIP
10160,Customer 10160,Guntur,New
10161,Customer 10161,Kakinada,New
10162,Customer 10162,Kakinada,New
10163,Customer 10163,Ongole,VIP
10164,Customer 10164,Anantapur,VIP
10165,Customer 10165,Rajahmundry,VIP
10166,Customer 10166,Ongole,VIP
10167,Customer 10167,Ongole,VIP
10168,Customer 10168,Rajahmundry,Returning
10169,Customer 10169,Vijayawada,New
10170,Customer 10170,Kurnool,New
10171,Customer 10171,Visakhapatnam,VIP
10172,Customer 10172,Anantapur,VIP
10173,Customer 10173,Kurnool,VIP
10174,Customer 10174,Anantapur,New
10175,Customer 10175,Kurnool,VIP
10176,Customer 10176,Ongole,VIP
10177,Customer 10177,Rajahmundry,New
10178,Customer 10178,Nellore,New
10179,Customer 10179,Nellore,New
10180,Customer 10180,Nellore,Returning
10181,Customer 10181,Kurnool,New
10182,Customer 10182,Nellore,Returning
10183,Customer 10183,Rajahmundry,VIP
10184,Customer 10184,Guntur,New
10185,Customer 10185,Kurnool,Returning
10186,Customer 10186,Kurnool,Returning
10187,Customer 10187,Anantapur,VIP
10188,Customer 10188,Nellore,New
10189,Customer 10189,Ongole,VIP
10190,Customer 10190,Tirupati,VIP
10191,Customer 10191,Anantapur,VIP
10192,Customer 10192,Kakinada,Returning
10193,Customer 10193,Kakinada,Returning
10194,Customer 10194,Kakinada,VIP
10195,Customer 10195,Visakhapatnam,New
10196,Customer 10196,Vijayawada,Returning
10197,Customer 10197,Kurnool,New
10198,Customer 10198,Ongole,VIP
10199,Customer 10199,Kakinada,Returning
10200,Customer 10200,Tirupati,Returning
10201,Customer 10201,Anantapur,New
10202,Customer 10202,Anantapur,Returning
10203,Customer 10203,Visakhapatnam,New
10204,Customer 10204,Kakinada,VIP
10205,Customer 10205,Kakinada,New
10206,Customer 10206,Guntur,Returning
10207,Customer 10207,Nellore,New
10208,Customer 10208,Kakinada,New
10209,Customer 10209,Guntur,VIP
10210,Customer 10210,Kakinada,New
10211,Customer 10211,Visakhapatnam,VIP
10212,Customer 10212,Anantapur,VIP
10213,Customer 10213,Anantapur,Returning
10214,Customer 10214,Ongole,New
10215,Customer 10215,Ongole,New
10216,Customer 10216,Kakinada,Returning
10217,Customer 10217,Ongole,Returning
10218,Customer 10218,Anantapur,New
10219,Customer 10219,Ongole,VIP
10220,Customer 10220,Vijayawada,New
10221,Customer 10221,Tirupati,Returning
10222,Customer 10222,Anantapur,New
10223,Customer 10223,Tirupati,Returning
10224,Customer 10224,Anantapur,New
10225,Customer 10225,Guntur,New
10226,Customer 10226,Visakhapatnam,Returning
10227,Customer 10227,Rajahmundry,Returning
10228,Customer 10228,Vijayawada,New
10229,Customer 10229,Kakinada,Returning
10230,Customer 10230,Anantapur,VIP
10231,Customer 10231,Ongole,Returning
10232,Customer 10232,Guntur,VIP
10233,Customer 10233,Visakhapatnam,VIP
10234,Customer 10234,Ongole,Returning
10235,Customer 10235,Rajahmundry,New
10236,Customer 10236,Kakinada,Returning
10237,Customer 10237,Rajahmundry,VIP
10238,Customer 10238,Tirupati,VIP
10239,Customer 10239,Anantapur,New
10240,Customer 10240,Vijayawada,New
10241,Customer 10241,Kurnool,New
10242,Customer 10242,Kakinada,VIP
10243,Customer 10243,Anantapur,VIP
10244,Customer 10244,Nellore,Returning
10245,Customer 10245,Kakinada,New
10246,Customer 10246,Kakinada,New
10247,Customer 10247,Visakhapatnam,VIP
10248,Customer 10248,Guntur,New
10249,Customer 10249,Kakinada,New
10250,Customer 10250,Anantapur,Returning
10251,Customer 10251,Visakhapatnam,New
10252,Customer 10252,Ongole,Returning
10253,Customer 10253,Visakhapatnam,Returning
10254,Customer 10254,Ongole,Returning
10255,Customer 10255,Guntur,New
10256,Customer 10256,Visakhapatnam,VIP
10257,Customer 10257,Rajahmundry,Returning
10258,Customer 10258,Rajahmundry,VIP
10259,Customer 10259,Tirupati,Returning
10260,Customer 10260,Visakhapatnam,New
10261,Customer 10261,Anantapur,New
10262,Customer 10262,Guntur,VIP
10263,Customer 10263,Kurnool,VIP
10264,Customer 10264,Kakinada,VIP
10265,Customer 10265,Kurnool,New
10266,Customer 10266,Ongole,Returning
10267,Customer 10267,Anantapur,New
10268,Customer 10268,Guntur,New
10269,Customer 10269,Vijayawada,VIP
10270,Customer 10270,Ongole,Returning
10271,Customer 10271,Rajahmundry,New
10272,Customer 10272,Visakhapatnam,New
10273,Customer 10273,Guntur,New
10274,Customer 10274,Visakhapatnam,Returning
10275,Customer 10275,Kakinada,New
10276,Customer 10276,Kakinada,VIP
10277,Customer 10277,Tirupati,VIP
10278,Customer 10278,Kakinada,New
10279,Customer 10279,Rajahmundry,Returning
10280,Customer 10280,Ongole,New
10281,Customer 10281,Kurnool,VIP
10282,Customer 10282,Kurnool,VIP
10283,Customer 10283,Nellore,Returning
10284,Customer 10284,Nellore,New
10285,Customer 10285,Kurnool,VIP
10286,Customer 10286,Tirupati,New
10287,Customer 10287,Rajahmundry,New
10288,Customer 10288,Kakinada,Returning
10289,Customer 10289,Anantapur,New
10290,Customer 10290,Visakhapatnam,New
10291,Customer 10291,Rajahmundry,VIP
10292,Customer 10292,Nellore,VIP
10293,Customer 10293,Tirupati,VIP
10294,Customer 10294,Kurnool,New
10295,Customer 10295,Kurnool,New
10296,Customer 10296,Vijayawada,New
10297,Customer 10297,Visakhapatnam,New
10298,Customer 10298,Guntur,VIP
10299,Customer 10299,Anantapur,VIP
10300,Customer 10300,Kakinada,New
10301,Customer 10301,Kakinada,New
10302,Customer 10302,Kurnool,VIP
10303,Customer 10303,Tirupati,New
10304,Customer 10304,Vijayawada,New
10305,Customer 10305,Visakhapatnam,New
10306,Customer 10306,Visakhapatnam,VIP
10307,Customer 10307,Nellore,VIP
10308,Customer 10308,Nellore,Returning
10309,Customer 10309,Tirupati,New
10310,Customer 10310,Rajahmundry,VIP
10311,Customer 10311,Kurnool,New
10312,Customer 10312,Kurnool,New
10313,Customer 10313,Tirupati,Returning
10314,Customer 10314,Kurnool,VIP
10315,Customer 10315,Ongole,New
10316,Customer 10316,Rajahmundry,Returning
10317,Customer 10317,Guntur,VIP
10318,Customer 10318,Visakhapatnam,VIP
10319,Customer 10319,Anantapur,VIP
10320,Customer 10320,Rajahmundry,VIP
10321,Customer 10321,Tirupati,New
10322,Customer 10322,Kakinada,New
10323,Customer 10323,Vijayawada,VIP
10324,Customer 10324,Ongole,VIP
10325,Customer 10325,Rajahmundry,VIP
10326,Customer 10326,Kurnool,New
10327,Customer 10327,Kurnool,VIP
10328,Customer 10328,Anantapur,Returning
10329,Customer 10329,Kakinada,New
10330,Customer 10330,Ongole,New
10331,Customer 10331,Rajahmundry,Returning
10332,Customer 10332,Rajahmundry,VIP
10333,Customer 10333,Ongole,New
10334,Customer 10334,Kurnool,Returning
10335,Customer 10335,Tirupati,VIP
10336,Customer 10336,Kakinada,VIP
10337,Customer 10337,Guntur,Returning
10338,Customer 10338,Guntur,VIP
10339,Customer 10339,Ongole,VIP
10340,Customer 10340,Nellore,VIP
10341,Customer 10341,Rajahmundry,VIP
10342,Customer 10342,Kurnool,Returning
10343,Customer 10343,Vijayawada,VIP
10344,Customer 10344,Anantapur,New
10345,Customer 10345,Ongole,New
10346,Customer 10346,Nellore,Returning
10347,Customer 10347,Kurnool,Returning
10348,Customer 10348,Kakinada,VIP
10349,Customer 10349,Vijayawada,New
10350,Customer 10350,Kurnool,Returning
10351,Customer 10351,Visakhapatnam,New
10352,Customer 10352,Vijayawada,Returning
10353,Customer 10353,Nellore,Returning
10354,Customer 10354,Nellore,New
10355,Customer 10355,Guntur,VIP
10356,Customer 10356,Anantapur,New
10357,Customer 10357,Guntur,VIP
10358,Customer 10358,Visakhapatnam,New
10359,Customer 10359,Vijayawada,Returning
10360,Customer 10360,Tirupati,VIP
10361,Customer 10361,Ongole,Returning
10362,Customer 10362,Guntur,VIP
10363,Customer 10363,Rajahmundry,New
10364,Customer 10364,Rajahmundry,New
10365,Customer 10365,Tirupati,VIP
10366,Customer 10366,Nellore,VIP
10367,Customer 10367,Rajahmundry,VIP
10368,Customer 10368,Tirupati,New
10369,Customer 10369,Anantapur,Returning
10370,Customer 10370,Tirupati,VIP
10371,Customer 10371,Rajahmundry,New
10372,Customer 10372,Kakinada,Returning
10373,Customer 10373,Visakhapatnam,Returning
10374,Customer 10374,Vijayawada,VIP
10375,Customer 10375,Rajahmundry,VIP
10376,Customer 10376,Kurnool,New
10377,Customer 10377,Anantapur,New
10378,Customer 10378,Vijayawada,New
10379,Customer 10379,Guntur,Returning
10380,Customer 10380,Kakinada,VIP
10381,Customer 10381,Ongole,VIP
10382,Customer 10382,Nellore,New
10383,Customer 10383,Kakinada,Returning
10384,Customer 10384,Kurnool,VIP
10385,Customer 10385,Visakhapatnam,Returning
10386,Customer 10386,Vijayawada,New
10387,Customer 10387,Vijayawada,Returning
10388,Customer 10388,Rajahmundry,New
10389,Customer 10389,Vijayawada,VIP
10390,Customer 10390,Ongole,New
10391,Customer 10391,Nellore,VIP
10392,Customer 10392,Rajahmundry,New
10393,Customer 10393,Nellore,New
10394,Customer 10394,Nellore,VIP
10395,Customer 10395,Visakhapatnam,VIP
10396,Customer 10396,Vijayawada,VIP
10397,Customer 10397,Vijayawada,VIP
10398,Customer 10398,Ongole,Returning
10399,Customer 10399,Visakhapatnam,Returning
10400,Customer 10400,Rajahmundry,VIP
10401,Customer 10401,Guntur,New
10402,Customer 10402,Tirupati,New
10403,Customer 10403,Kakinada,VIP
10404,Customer 10404,Tirupati,VIP
10405,Customer 10405,Visakhapatnam,VIP
10406,Customer 10406,Kakinada,Returning
10407,Customer 10407,Visakhapatnam,New
10408,Customer 10408,Anantapur,VIP
10409,Customer 10409,Vijayawada,Returning
10410,Customer 10410,Guntur,VIP
10411,Customer 10411,Guntur,VIP
10412,Customer 10412,Rajahmundry,VIP
10413,Customer 10413,Anantapur,New
10414,Customer 10414,Tirupati,Returning
10415,Customer 10415,Tirupati,Returning
10416,Customer 10416,Tirupati,Returning
10417,Customer 10417,Nellore,Returning
10418,Customer 10418,Guntur,New
10419,Customer 10419,Guntur,Returning
10420,Customer 10420,Kakinada,New
10421,Customer 10421,Tirupati,New
10422,Customer 10422,Guntur,New
10423,Customer 10423,Guntur,Returning
10424,Customer 10424,Guntur,VIP
10425,Customer 10425,Anantapur,New
10426,Customer 10426,Nellore,New
10427,Customer 10427,Tirupati,VIP
10428,Customer 10428,Tirupati,VIP
10429,Customer 10429,Anantapur,VIP
10430,Customer 10430,Guntur,Returning
10431,Customer 10431,Visakhapatnam,Returning
10432,Customer 10432,Nellore,Returning
10433,Customer 10433,Vijayawada,VIP
10434,Customer 10434,Guntur,VIP
10435,Customer 10435,Tirupati,VIP
10436,Customer 10436,Ongole,VIP
10437,Customer 10437,Anantapur,New
10438,Customer 10438,Kurnool,New
10439,Customer 10439,Vijayawada,VIP
10440,Customer 10440,Nellore,VIP
10441,Customer 10441,Tirupati,VIP
10442,Customer 10442,Rajahmundry,VIP
10443,Customer 10443,Kakinada,VIP
10444,Customer 10444,Ongole,Returning
10445,Customer 10445,Rajahmundry,VIP
10446,Customer 10446,Tirupati,VIP
10447,Customer 10447,Rajahmundry,Returning
10448,Customer 10448,Rajahmundry,VIP
10449,Customer 10449,Vijayawada,New
10450,Customer 10450,Ongole,VIP
10451,Customer 10451,Visakhapatnam,VIP
10452,Customer 10452,Kurnool,New
10453,Customer 10453,Anantapur,New
10454,Customer 10454,Rajahmundry,VIP
10455,Customer 10455,Ongole,Returning
10456,Customer 10456,Ongole,VIP
10457,Customer 10457,Nellore,VIP
10458,Customer 10458,Anantapur,Returning
10459,Customer 10459,Ongole,VIP
10460,Customer 10460,Guntur,Returning
10461,Customer 10461,Rajahmundry,New
10462,Customer 10462,Kurnool,VIP
10463,Customer 10463,Vijayawada,VIP
10464,Customer 10464,Tirupati,VIP
10465,Customer 10465,Rajahmundry,VIP
10466,Customer 10466,Nellore,Returning
10467,Customer 10467,Guntur,Returning
10468,Customer 10468,Tirupati,New
10469,Customer 10469,Visakhapatnam,VIP
10470,Customer 10470,Tirupati,New
10471,Customer 10471,Kakinada,Returning
10472,Customer 10472,Guntur,VIP
10473,Customer 10473,Ongole,Returning
10474,Customer 10474,Ongole,VIP
10475,Customer 10475,Anantapur,New
10476,Customer 10476,Vijayawada,VIP
10477,Customer 10477,Tirupati,VIP
10478,Customer 10478,Visakhapatnam,Returning
10479,Customer 10479,Nellore,New
10480,Customer 10480,Tirupati,VIP
10481,Customer 10481,Guntur,Returning
10482,Customer 10482,Anantapur,Returning
10483,Customer 10483,Tirupati,Returning
10484,Customer 10484,Nellore,New
10485,Customer 10485,Kakinada,VIP
10486,Customer 10486,Rajahmundry,New
10487,Customer 10487,Rajahmundry,VIP
10488,Customer 10488,Anantapur,VIP
10489,Customer 10489,Tirupati,New
10490,Customer 10490,Kakinada,VIP
10491,Customer 10491,Rajahmundry,New
10492,Customer 10492,Ongole,VIP
10493,Customer 10493,Vijayawada,New
10494,Customer 10494,Rajahmundry,New
10495,Customer 10495,Visakhapatnam,VIP
10496,Customer 10496,Guntur,New
10497,Customer 10497,Vijayawada,VIP
10498,Customer 10498,Kakinada,VIP
10499,Customer 10499,Rajahmundry,New
10500,Customer 10500,Rajahmundry,Returning
10501,Customer 10501,Tirupati,VIP
10502,Customer 10502,Ongole,New
10503,Customer 10503,Vijayawada,New
10504,Customer 10504,Rajahmundry,Returning
10505,Customer 10505,Vijayawada,Returning
10506,Customer 10506,Vijayawada,New
10507,Customer 10507,Tirupati,VIP
10508,Customer 10508,Ongole,Returning
10509,Customer 10509,Kakinada,VIP
10510,Customer 10510,Anantapur,New
10511,Customer 10511,Ongole,New
10512,Customer 10512,Kurnool,Returning
10513,Customer 10513,Tirupati,Returning
10514,Customer 10514,Ongole,Returning
10515,Customer 10515,Ongole,Returning
10516,Customer 10516,Kurnool,New
10517,Customer 10517,Nellore,VIP
10518,Customer 10518,Vijayawada,Returning
10519,Customer 10519,Tirupati,Returning
10520,Customer 10520,Rajahmundry,VIP
10521,Customer 10521,Visakhapatnam,Returning
10522,Customer 10522,Visakhapatnam,VIP
10523,Customer 10523,Anantapur,VIP
10524,Customer 10524,Visakhapatnam,Returning
10525,Customer 10525,Rajahmundry,VIP
10526,Customer 10526,Guntur,New
10527,Customer 10527,Kurnool,Returning
10528,Customer 10528,Guntur,Returning
10529,Customer 10529,Nellore,New
10530,Customer 10530,Nellore,New
10531,Customer 10531,Vijayawada,VIP
10532,Customer 10532,Ongole,New
10533,Customer 10533,Anantapur,New
10534,Customer 10534,Guntur,VIP
10535,Customer 10535,Vijayawada,Returning
10536,Customer 10536,Nellore,Returning
10537,Customer 10537,Tirupati,Returning
10538,Customer 10538,Anantapur,VIP
10539,Customer 10539,Anantapur,Returning
10540,Customer 10540,Kurnool,Returning
10541,Customer 10541,Tirupati,Returning
10542,Customer 10542,Ongole,New
10543,Customer 10543,Visakhapatnam,New
10544,Customer 10544,Guntur,Returning
10545,Customer 10545,Ongole,Returning
10546,Customer 10546,Tirupati,Returning
10547,Customer 10547,Kakinada,VIP
10548,Customer 10548,Nellore,New
10549,Customer 10549,Nellore,New
10550,Customer 10550,Nellore,VIP
10551,Customer 10551,Tirupati,Returning
10552,Customer 10552,Anantapur,VIP
10553,Customer 10553,Kakinada,New
10554,Customer 10554,Kurnool,VIP
10555,Customer 10555,Anantapur,VIP
10556,Customer 10556,Ongole,Returning
10557,Customer 10557,Ongole,New
10558,Customer 10558,Vijayawada,VIP
10559,Customer 10559,Kurnool,VIP
10560,Customer 10560,Visakhapatnam,VIP
10561,Customer 10561,Nellore,VIP
10562,Customer 10562,Visakhapatnam,New
10563,Customer 10563,Rajahmundry,New
10564,Customer 10564,Rajahmundry,Returning
10565,Customer 10565,Kurnool,VIP
10566,Customer 10566,Kakinada,New
10567,Customer 10567,Tirupati,VIP
10568,Customer 10568,Rajahmundry,New
10569,Customer 10569,Rajahmundry,Returning
10570,Customer 10570,Nellore,New
10571,Customer 10571,Tirupati,New
10572,Customer 10572,Tirupati,New
10573,Customer 10573,Anantapur,Returning
10574,Customer 10574,Guntur,VIP
10575,Customer 10575,Rajahmundry,Returning
10576,Customer 10576,Anantapur,New
10577,Customer 10577,Anantapur,VIP
10578,Customer 10578,Rajahmundry,New
10579,Customer 10579,Ongole,VIP
10580,Customer 10580,Ongole,VIP
10581,Customer 10581,Visakhapatnam,New
10582,Customer 10582,Visakhapatnam,VIP
10583,Customer 10583,Anantapur,Returning
10584,Customer 10584,Visakhapatnam,VIP
10585,Customer 10585,Visakhapatnam,New
10586,Customer 10586,Kurnool,New
10587,Customer 10587,Guntur,VIP
10588,Customer 10588,Ongole,New
10589,Customer 10589,Rajahmundry,New
10590,Customer 10590,Kakinada,Returning
10591,Customer 10591,Guntur,New
10592,Customer 10592,Tirupati,New
10593,Customer 10593,Nellore,VIP
10594,Customer 10594,Anantapur,Returning
10595,Customer 10595,Tirupati,Returning
10596,Customer 10596,Visakhapatnam,VIP
10597,Customer 10597,Nellore,New
10598,Customer 10598,Kakinada,VIP
10599,Customer 10599,Tirupati,New
10600,Customer 10600,Anantapur,New
10601,Customer 10601,Kurnool,Returning
10602,Customer 10602,Visakhapatnam,Returning
10603,Customer 10603,Kakinada,VIP
10604,Customer 10604,Guntur,Returning
10605,Customer 10605,Guntur,VIP
10606,Customer 10606,Guntur,New
10607,Customer 10607,Anantapur,Returning
10608,Customer 10608,Nellore,Returning
10609,Customer 10609,Vijayawada,Returning
10610,Customer 10610,Kakinada,New
10611,Customer 10611,Tirupati,New
10612,Customer 10612,Kakinada,New
10613,Customer 10613,Ongole,New
10614,Customer 10614,Visakhapatnam,New
10615,Customer 10615,Kurnool,Returning
10616,Customer 10616,Kurnool,VIP
10617,Customer 10617,Anantapur,VIP
10618,Customer 10618,Kakinada,Returning
10619,Customer 10619,Rajahmundry,VIP
10620,Customer 10620,Guntur,New
10621,Customer 10621,Kurnool,New
10622,Customer 10622,Guntur,Returning
10623,Customer 10623,Anantapur,Returning
10624,Customer 10624,Anantapur,VIP
10625,Customer 10625,Guntur,VIP
10626,Customer 10626,Tirupati,Returning
10627,Customer 10627,Kakinada,New
10628,Customer 10628,Rajahmundry,VIP
10629,Customer 10629,Guntur,VIP
10630,Customer 10630,Guntur,Returning
10631,Customer 10631,Anantapur,New
10632,Customer 10632,Ongole,VIP
10633,Customer 10633,Rajahmundry,New
10634,Customer 10634,Nellore,New
10635,Customer 10635,Kakinada,New
10636,Customer 10636,Guntur,VIP
10637,Customer 10637,Kakinada,Returning
10638,Customer 10638,Rajahmundry,New
10639,Customer 10639,Vijayawada,Returning
10640,Customer 10640,Visakhapatnam,VIP
10641,Customer 10641,Nellore,New
10642,Customer 10642,Tirupati,Returning
10643,Customer 10643,Visakhapatnam,New
10644,Customer 10644,Tirupati,New
10645,Customer 10645,Vijayawada,New
10646,Customer 10646,Visakhapatnam,VIP
10647,Customer 10647,Ongole,VIP
10648,Customer 10648,Guntur,New
10649,Customer 10649,Tirupati,VIP
10650,Customer 10650,Visakhapatnam,New
10651,Customer 10651,Nellore,Returning
10652,Customer 10652,Guntur,Returning
10653,Customer 10653,Nellore,New
10654,Customer 10654,Guntur,New
10655,Customer 10655,Anantapur,Returning
10656,Customer 10656,Vijayawada,Returning
10657,Customer 10657,Ongole,New
10658,Customer 10658,Anantapur,New
10659,Customer 10659,Nellore,Returning
10660,Customer 10660,Kakinada,VIP
10661,Customer 10661,Ongole,New
10662,Customer 10662,Visakhapatnam,New
10663,Customer 10663,Guntur,VIP
10664,Customer 10664,Visakhapatnam,Returning
10665,Customer 10665,Kurnool,VIP
10666,Customer 10666,Kurnool,New
10667,Customer 10667,Tirupati,VIP
10668,Customer 10668,Nellore,New
10669,Customer 10669,Rajahmundry,New
10670,Customer 10670,Kurnool,Returning
10671,Customer 10671,Anantapur,VIP
10672,Customer 10672,Ongole,New
10673,Customer 10673,Ongole,New
10674,Customer 10674,Kurnool,Returning
10675,Customer 10675,Visakhapatnam,VIP
10676,Customer 10676,Anantapur,VIP
10677,Customer 10677,Nellore,Returning
10678,Customer 10678,Kakinada,Returning
10679,Customer 10679,Ongole,VIP
10680,Customer 10680,Guntur,New
10681,Customer 10681,Tirupati,New
10682,Customer 10682,Ongole,Returning
10683,Customer 10683,Visakhapatnam,VIP
10684,Customer 10684,Visakhapatnam,Returning
10685,Customer 10685,Rajahmundry,New
10686,Customer 10686,Rajahmundry,Returning
10687,Customer 10687,Kakinada,Returning
10688,Customer 10688,Kurnool,VIP
10689,Customer 10689,Kurnool,New
10690,Customer 10690,Ongole,VIP
10691,Customer 10691,Ongole,New
10692,Customer 10692,Rajahmundry,VIP
10693,Customer 10693,Anantapur,New
10694,Customer 10694,Ongole,Returning
10695,Customer 10695,Vijayawada,VIP
10696,Customer 10696,Vijayawada,VIP
10697,Customer 10697,Kurnool,New
10698,Customer 10698,Anantapur,New
10699,Customer 10699,Kakinada,VIP
10700,Customer 10700,Vijayawada,VIP
10701,Customer 10701,Rajahmundry,New
10702,Customer 10702,Anantapur,Returning
10703,Customer 10703,Guntur,VIP
10704,Customer 10704,Kurnool,New
10705,Customer 10705,Visakhapatnam,VIP
10706,Customer 10706,Nellore,VIP
10707,Customer 10707,Guntur,Returning
10708,Customer 10708,Rajahmundry,New
10709,Customer 10709,Kakinada,VIP
10710,Customer 10710,Guntur,VIP
10711,Customer 10711,Tirupati,Returning
10712,Customer 10712,Nellore,VIP
10713,Customer 10713,Visakhapatnam,New
10714,Customer 10714,Nellore,New
10715,Customer 10715,Kurnool,Returning
10716,Customer 10716,Ongole,Returning
10717,Customer 10717,Kakinada,New
10718,Customer 10718,Nellore,VIP
10719,Customer 10719,Kurnool,VIP
10720,Customer 10720,Nellore,New
10721,Customer 10721,Anantapur,Returning
10722,Customer 10722,Visakhapatnam,VIP
10723,Customer 10723,Tirupati,Returning
10724,Customer 10724,Rajahmundry,VIP
10725,Customer 10725,Vijayawada,Returning
10726,Customer 10726,Rajahmundry,New
10727,Customer 10727,Ongole,Returning
10728,Customer 10728,Nellore,New
10729,Customer 10729,Kakinada,Returning
10730,Customer 10730,Anantapur,New
10731,Customer 10731,Nellore,Returning
10732,Customer 10732,Anantapur,Returning
10733,Customer 10733,Rajahmundry,New
10734,Customer 10734,Guntur,New
10735,Customer 10735,Kakinada,Returning
10736,Customer 10736,Tirupati,New
10737,Customer 10737,Rajahmundry,VIP
10738,Customer 10738,Tirupati,New
10739,Customer 10739,Kakinada,VIP
10740,Customer 10740,Guntur,Returning
10741,Customer 10741,Visakhapatnam,VIP
10742,Customer 10742,Ongole,VIP
10743,Customer 10743,Vijayawada,Returning
10744,Customer 10744,Ongole,Returning
10745,Customer 10745,Anantapur,Returning
10746,Customer 10746,Vijayawada,VIP
10747,Customer 10747,Guntur,New
10748,Customer 10748,Kakinada,VIP
10749,Customer 10749,Guntur,VIP
10750,Customer 10750,Tirupati,New
10751,Customer 10751,Rajahmundry,Returning
10752,Customer 10752,Rajahmundry,VIP
10753,Customer 10753,Ongole,New
10754,Customer 10754,Anantapur,VIP
10755,Customer 10755,Visakhapatnam,Returning
10756,Customer 10756,Nellore,VIP
10757,Customer 10757,Ongole,VIP
10758,Customer 10758,Tirupati,Returning
10759,Customer 10759,Ongole,VIP
10760,Customer 10760,Ongole,Returning
10761,Customer 10761,Guntur,New
10762,Customer 10762,Nellore,VIP
10763,Customer 10763,Kakinada,VIP
10764,Customer 10764,Nellore,VIP
10765,Customer 10765,Nellore,Returning
10766,Customer 10766,Ongole,New
10767,Customer 10767,Nellore,Returning
10768,Customer 10768,Anantapur,New
10769,Customer 10769,Guntur,Returning
10770,Customer 10770,Tirupati,New
10771,Customer 10771,Guntur,VIP
10772,Customer 10772,Visakhapatnam,VIP
10773,Customer 10773,Ongole,Returning
10774,Customer 10774,Visakhapatnam,Returning
10775,Customer 10775,Kurnool,Returning
10776,Customer 10776,Kurnool,Returning
10777,Customer 10777,Kurnool,VIP
10778,Customer 10778,Nellore,VIP
10779,Customer 10779,Kurnool,Returning
10780,Customer 10780,Visakhapatnam,VIP
10781,Customer 10781,Vijayawada,New
10782,Customer 10782,Nellore,VIP
10783,Customer 10783,Visakhapatnam,VIP
10784,Customer 10784,Tirupati,New
10785,Customer 10785,Anantapur,New
10786,Customer 10786,Guntur,New
10787,Customer 10787,Nellore,VIP
10788,Customer 10788,Nellore,New
10789,Customer 10789,Anantapur,VIP
10790,Customer 10790,Ongole,New
10791,Customer 10791,Tirupati,VIP
10792,Customer 10792,Rajahmundry,VIP
10793,Customer 10793,Tirupati,New
10794,Customer 10794,Rajahmundry,Returning
10795,Customer 10795,Tirupati,VIP
10796,Customer 10796,Kakinada,New
10797,Customer 10797,Anantapur,New
10798,Customer 10798,Anantapur,Returning
10799,Customer 10799,Nellore,VIP
10800,Customer 10800,Ongole,VIP
10801,Customer 10801,Vijayawada,VIP
10802,Customer 10802,Visakhapatnam,Returning
10803,Customer 10803,Visakhapatnam,New
10804,Customer 10804,Ongole,VIP
10805,Customer 10805,Kurnool,Returning
10806,Customer 10806,Vijayawada,Returning
10807,Customer 10807,Kurnool,VIP
10808,Customer 10808,Rajahmundry,Returning
10809,Customer 10809,Vijayawada,Returning
10810,Customer 10810,Guntur,VIP
10811,Customer 10811,Kakinada,Returning
10812,Customer 10812,Visakhapatnam,Returning
10813,Customer 10813,Guntur,New
10814,Customer 10814,Visakhapatnam,New
10815,Customer 10815,Ongole,Returning
10816,Customer 10816,Guntur,Returning
10817,Customer 10817,Kakinada,New
10818,Customer 10818,Rajahmundry,New
10819,Customer 10819,Ongole,New
10820,Customer 10820,Ongole,New
10821,Customer 10821,Rajahmundry,New
10822,Customer 10822,Kurnool,VIP
10823,Customer 10823,Visakhapatnam,Returning
10824,Customer 10824,Kurnool,New
10825,Customer 10825,Tirupati,Returning
10826,Customer 10826,Rajahmundry,VIP
10827,Customer 10827,Visakhapatnam,VIP
10828,Customer 10828,Ongole,New
10829,Customer 10829,Vijayawada,Returning
10830,Customer 10830,Vijayawada,New
10831,Customer 10831,Rajahmundry,Returning
10832,Customer 10832,Rajahmundry,VIP
10833,Customer 10833,Nellore,New
10834,Customer 10834,Anantapur,VIP
10835,Customer 10835,Anantapur,VIP
10836,Customer 10836,Visakhapatnam,New
10837,Customer 10837,Kakinada,VIP
10838,Customer 10838,Anantapur,Returning
10839,Customer 10839,Guntur,Returning
10840,Customer 10840,Rajahmundry,VIP
10841,Customer 10841,Kakinada,VIP
10842,Customer 10842,Kakinada,Returning
10843,Customer 10843,Anantapur,Returning
10844,Customer 10844,Vijayawada,VIP
10845,Customer 10845,Vijayawada,Returning
10846,Customer 10846,Nellore,Returning
10847,Customer 10847,Rajahmundry,New
10848,Customer 10848,Kakinada,Returning
10849,Customer 10849,Rajahmundry,VIP
10850,Customer 10850,Guntur,VIP
10851,Customer 10851,Nellore,VIP
10852,Customer 10852,Visakhapatnam,New
10853,Customer 10853,Visakhapatnam,VIP
10854,Customer 10854,Guntur,Returning
10855,Customer 10855,Kurnool,VIP
10856,Customer 10856,Anantapur,VIP
10857,Customer 10857,Kurnool,VIP
10858,Customer 10858,Anantapur,New
10859,Customer 10859,Guntur,VIP
10860,Customer 10860,Nellore,VIP
10861,Customer 10861,Rajahmundry,Returning
10862,Customer 10862,Nellore,Returning
10863,Customer 10863,Anantapur,New
10864,Customer 10864,Visakhapatnam,New
10865,Customer 10865,Rajahmundry,Returning
10866,Customer 10866,Kurnool,Returning
10867,Customer 10867,Nellore,Returning
10868,Customer 10868,Nellore,New
10869,Customer 10869,Ongole,VIP
10870,Customer 10870,Nellore,New
10871,Customer 10871,Tirupati,VIP
10872,Customer 10872,Nellore,New
10873,Customer 10873,Visakhapatnam,VIP
10874,Customer 10874,Kakinada,Returning
10875,Customer 10875,Ongole,Returning
10876,Customer 10876,Tirupati,Returning
10877,Customer 10877,Kakinada,New
10878,Customer 10878,Visakhapatnam,New
10879,Customer 10879,Tirupati,Returning
10880,Customer 10880,Kakinada,Returning
10881,Customer 10881,Kurnool,New
10882,Customer 10882,Guntur,VIP
10883,Customer 10883,Anantapur,Returning
10884,Customer 10884,Ongole,Returning
10885,Customer 10885,Ongole,VIP
10886,Customer 10886,Guntur,VIP
10887,Customer 10887,Tirupati,New
10888,Customer 10888,Visakhapatnam,Returning
10889,Customer 10889,Kurnool,Returning
10890,Customer 10890,Kurnool,Returning
10891,Customer 10891,Tirupati,VIP
10892,Customer 10892,Vijayawada,VIP
10893,Customer 10893,Kurnool,New
10894,Customer 10894,Kakinada,New
10895,Customer 10895,Rajahmundry,Returning
10896,Customer 10896,Tirupati,VIP
10897,Customer 10897,Ongole,VIP
10898,Customer 10898,Guntur,Returning
10899,Customer 10899,Tirupati,VIP
10900,Customer 10900,Anantapur,VIP
10901,Customer 10901,Rajahmundry,New
10902,Customer 10902,Tirupati,Returning
10903,Customer 10903,Ongole,Returning
10904,Customer 10904,Visakhapatnam,VIP
10905,Customer 10905,Ongole,Returning
10906,Customer 10906,Ongole,VIP
10907,Customer 10907,Ongole,VIP
10908,Customer 10908,Kakinada,Returning
10909,Customer 10909,Visakhapatnam,New
10910,Customer 10910,Ongole,New
10911,Customer 10911,Kakinada,Returning
10912,Customer 10912,Nellore,Returning
10913,Customer 10913,Vijayawada,Returning
10914,Customer 10914,Kakinada,New
10915,Customer 10915,Guntur,New
10916,Customer 10916,Ongole,Returning
10917,Customer 10917,Tirupati,VIP
10918,Customer 10918,Visakhapatnam,VIP
10919,Customer 10919,Kakinada,VIP
10920,Customer 10920,Nellore,VIP
10921,Customer 10921,Kurnool,New
10922,Customer 10922,Visakhapatnam,VIP
10923,Customer 10923,Nellore,VIP
10924,Customer 10924,Tirupati,Returning
10925,Customer 10925,Anantapur,New
10926,Customer 10926,Nellore,Returning
10927,Customer 10927,Ongole,New
10928,Customer 10928,Ongole,VIP
10929,Customer 10929,Kurnool,Returning
10930,Customer 10930,Tirupati,VIP
10931,Customer 10931,Anantapur,New
10932,Customer 10932,Visakhapatnam,Returning
10933,Customer 10933,Guntur,New
10934,Customer 10934,Anantapur,Returning
10935,Customer 10935,Kurnool,New
10936,Customer 10936,Ongole,New
10937,Customer 10937,Tirupati,New
10938,Customer 10938,Kurnool,VIP
10939,Customer 10939,Tirupati,VIP
10940,Customer 10940,Rajahmundry,Returning
10941,Customer 10941,Guntur,VIP
10942,Customer 10942,Ongole,VIP
10943,Customer 10943,Rajahmundry,Returning
10944,Customer 10944,Visakhapatnam,VIP
10945,Customer 10945,Rajahmundry,New
10946,Customer 10946,Vijayawada,Returning
10947,Customer 10947,Nellore,VIP
10948,Customer 10948,Tirupati,VIP
10949,Customer 10949,Rajahmundry,New
10950,Customer 10950,Visakhapatnam,Returning
10951,Customer 10951,Anantapur,New
10952,Customer 10952,Rajahmundry,Returning
10953,Customer 10953,Kakinada,New
10954,Customer 10954,Visakhapatnam,New
10955,Customer 10955,Visakhapatnam,Returning
10956,Customer 10956,Visakhapatnam,Returning
10957,Customer 10957,Guntur,New
10958,Customer 10958,Anantapur,VIP
10959,Customer 10959,Kakinada,New
10960,Customer 10960,Kurnool,VIP
10961,Customer 10961,Guntur,Returning
10962,Customer 10962,Kurnool,Returning
10963,Customer 10963,Anantapur,New
10964,Customer 10964,Vijayawada,VIP
10965,Customer 10965,Ongole,Returning
10966,Customer 10966,Nellore,VIP
10967,Customer 10967,Visakhapatnam,New
10968,Customer 10968,Visakhapatnam,VIP
10969,Customer 10969,Vijayawada,Returning
10970,Customer 10970,Tirupati,Returning
10971,Customer 10971,Ongole,VIP
10972,Customer 10972,Vijayawada,New
10973,Customer 10973,Ongole,New
10974,Customer 10974,Kurnool,New
10975,Customer 10975,Ongole,Returning
10976,Customer 10976,Kurnool,New
10977,Customer 10977,Nellore,Returning
10978,Customer 10978,Kakinada,Returning
10979,Customer 10979,Kurnool,Returning
10980,Customer 10980,Tirupati,New
10981,Customer 10981,Anantapur,Returning
10982,Customer 10982,Anantapur,New
10983,Customer 10983,Anantapur,VIP
10984,Customer 10984,Visakhapatnam,New
10985,Customer 10985,Rajahmundry,VIP
10986,Customer 10986,Vijayawada,Returning
10987,Customer 10987,Visakhapatnam,New
10988,Customer 10988,Kakinada,VIP
10989,Customer 10989,Anantapur,VIP
10990,Customer 10990,Guntur,New
10991,Customer 10991,Vijayawada,New
10992,Customer 10992,Nellore,VIP
10993,Customer 10993,Kakinada,Returning
10994,Customer 10994,Tirupati,Returning
10995,Customer 10995,Ongole,VIP
10996,Customer 10996,Ongole,New
10997,Customer 10997,Kakinada,VIP
10998,Customer 10998,Vijayawada,New
10999,Customer 10999,Guntur,Returning
11000,Customer 11000,Vijayawada,VIP
11001,Customer 11001,Ongole,Returning
11002,Customer 11002,Vijayawada,New
11003,Customer 11003,Kurnool,New
11004,Customer 11004,Visakhapatnam,New
11005,Customer 11005,Guntur,New
11006,Customer 11006,Anantapur,New
11007,Customer 11007,Vijayawada,Returning
11008,Customer 11008,Kurnool,New
11009,Customer 11009,Rajahmundry,Returning
11010,Customer 11010,Guntur,VIP
11011,Customer 11011,Vijayawada,New
11012,Customer 11012,Guntur,Returning
11013,Customer 11013,Guntur,New
11014,Customer 11014,Tirupati,New
11015,Customer 11015,Kakinada,VIP
11016,Customer 11016,Rajahmundry,New
11017,Customer 11017,Vijayawada,New
11018,Customer 11018,Ongole,New
11019,Customer 11019,Tirupati,New
11020,Customer 11020,Ongole,New
11021,Customer 11021,Anantapur,Returning
11022,Customer 11022,Kurnool,Returning
11023,Customer 11023,Kurnool,VIP
11024,Customer 11024,Kurnool,VIP
11025,Customer 11025,Guntur,Returning
11026,Customer 11026,Kakinada,Returning
11027,Customer 11027,Kurnool,VIP
11028,Customer 11028,Kurnool,Returning
11029,Customer 11029,Guntur,New
11030,Customer 11030,Visakhapatnam,New
11031,Customer 11031,Ongole,Returning
11032,Customer 11032,Ongole,New
11033,Customer 11033,Tirupati,VIP
11034,Customer 11034,Anantapur,Returning
11035,Customer 11035,Rajahmundry,VIP
11036,Customer 11036,Tirupati,New
11037,Customer 11037,Visakhapatnam,New
11038,Customer 11038,Ongole,New
11039,Customer 11039,Kurnool,VIP
11040,Customer 11040,Kakinada,VIP
11041,Customer 11041,Rajahmundry,VIP
11042,Customer 11042,Anantapur,Returning
11043,Customer 11043,Visakhapatnam,New
11044,Customer 11044,Nellore,New
11045,Customer 11045,Kurnool,Returning
11046,Customer 11046,Visakhapatnam,VIP
11047,Customer 11047,Kakinada,VIP
11048,Customer 11048,Tirupati,VIP
11049,Customer 11049,Guntur,New
11050,Customer 11050,Visakhapatnam,Returning
11051,Customer 11051,Kurnool,New
11052,Customer 11052,Vijayawada,New
11053,Customer 11053,Visakhapatnam,VIP
11054,Customer 11054,Anantapur,New
11055,Customer 11055,Kakinada,VIP
11056,Customer 11056,Nellore,New
11057,Customer 11057,Guntur,New
11058,Customer 11058,Tirupati,New
11059,Customer 11059,Guntur,Returning
11060,Customer 11060,Kurnool,VIP
11061,Customer 11061,Vijayawada,New
11062,Customer 11062,Vijayawada,New
11063,Customer 11063,Vijayawada,VIP
11064,Customer 11064,Anantapur,VIP
11065,Customer 11065,Visakhapatnam,VIP
11066,Customer 11066,Rajahmundry,VIP
11067,Customer 11067,Kakinada,Returning
11068,Customer 11068,Kurnool,VIP
11069,Customer 11069,Rajahmundry,New
11070,Customer 11070,Guntur,Returning
11071,Customer 11071,Kakinada,VIP
11072,Customer 11072,Kurnool,Returning
11073,Customer 11073,Vijayawada,Returning
11074,Customer 11074,Kakinada,VIP
11075,Customer 11075,Ongole,VIP
11076,Customer 11076,Vijayawada,VIP
11077,Customer 11077,Nellore,VIP
11078,Customer 11078,Rajahmundry,Returning
11079,Customer 11079,Vijayawada,Returning
11080,Customer 11080,Guntur,Returning
11081,Customer 11081,Kurnool,New
11082,Customer 11082,Kakinada,Returning
11083,Customer 11083,Visakhapatnam,Returning
11084,Customer 11084,Vijayawada,Returning
11085,Customer 11085,Kurnool,VIP
11086,Customer 11086,Kakinada,Returning
11087,Customer 11087,Kakinada,New
11088,Customer 11088,Tirupati,VIP
11089,Customer 11089,Anantapur,VIP
11090,Customer 11090,Rajahmundry,New
11091,Customer 11091,Ongole,VIP
11092,Customer 11092,Tirupati,Returning
11093,Customer 11093,Visakhapatnam,New
11094,Customer 11094,Rajahmundry,Returning
11095,Customer 11095,Tirupati,Returning
11096,Customer 11096,Visakhapatnam,VIP
11097,Customer 11097,Tirupati,New
11098,Customer 11098,Guntur,Returning
11099,Customer 11099,Vijayawada,Returning
11100,Customer 11100,Kurnool,Returning
11101,Customer 11101,Ongole,VIP
11102,Customer 11102,Guntur,VIP
11103,Customer 11103,Kakinada,VIP
11104,Customer 11104,Ongole,Returning
11105,Customer 11105,Anantapur,Returning
11106,Customer 11106,Rajahmundry,Returning
11107,Customer 11107,Anantapur,Returning
11108,Customer 11108,Anantapur,VIP
11109,Customer 11109,Tirupati,Returning
11110,Customer 11110,Rajahmundry,VIP
11111,Customer 11111,Kakinada,VIP
11112,Customer 11112,Guntur,New
11113,Customer 11113,Visakhapatnam,VIP
11114,Customer 11114,Anantapur,New
11115,Customer 11115,Kakinada,VIP
11116,Customer 11116,Ongole,Returning
11117,Customer 11117,Guntur,New
11118,Customer 11118,Tirupati,New
11119,Customer 11119,Vijayawada,Returning
11120,Customer 11120,Ongole,Returning
11121,Customer 11121,Kurnool,New
11122,Customer 11122,Anantapur,Returning
11123,Customer 11123,Guntur,New
11124,Customer 11124,Kakinada,VIP
11125,Customer 11125,Ongole,New
11126,Customer 11126,Guntur,Returning
11127,Customer 11127,Anantapur,Returning
11128,Customer 11128,Visakhapatnam,New
11129,Customer 11129,Anantapur,Returning
11130,Customer 11130,Visakhapatnam,New
11131,Customer 11131,Ongole,New
11132,Customer 11132,Rajahmundry,VIP
11133,Customer 11133,Visakhapatnam,New
11134,Customer 11134,Guntur,Returning
11135,Customer 11135,Kurnool,New
11136,Customer 11136,Nellore,New
11137,Customer 11137,Visakhapatnam,VIP
11138,Customer 11138,Nellore,VIP
11139,Customer 11139,Visakhapatnam,New
11140,Customer 11140,Visakhapatnam,Returning
11141,Customer 11141,Kakinada,VIP
11142,Customer 11142,Anantapur,Returning
11143,Customer 11143,Guntur,Returning
11144,Customer 11144,Rajahmundry,New
11145,Customer 11145,Ongole,New
11146,Customer 11146,Nellore,Returning
11147,Customer 11147,Nellore,New
11148,Customer 11148,Tirupati,New
11149,Customer 11149,Tirupati,Returning
11150,Customer 11150,Vijayawada,New
11151,Customer 11151,Anantapur,New
11152,Customer 11152,Kakinada,New
11153,Customer 11153,Guntur,VIP
11154,Customer 11154,Nellore,New
11155,Customer 11155,Ongole,VIP
11156,Customer 11156,Rajahmundry,VIP
11157,Customer 11157,Rajahmundry,New
11158,Customer 11158,Vijayawada,VIP
11159,Customer 11159,Ongole,New
11160,Customer 11160,Visakhapatnam,Returning
11161,Customer 11161,Tirupati,VIP
11162,Customer 11162,Guntur,Returning
11163,Customer 11163,Kakinada,VIP
11164,Customer 11164,Kurnool,VIP
11165,Customer 11165,Tirupati,VIP
11166,Customer 11166,Vijayawada,VIP
11167,Customer 11167,Guntur,VIP
11168,Customer 11168,Tirupati,Returning
11169,Customer 11169,Visakhapatnam,New
11170,Customer 11170,Anantapur,Returning
11171,Customer 11171,Kurnool,VIP
11172,Customer 11172,Rajahmundry,New
11173,Customer 11173,Visakhapatnam,Returning
11174,Customer 11174,Ongole,VIP
11175,Customer 11175,Guntur,New
11176,Customer 11176,Nellore,Returning
11177,Customer 11177,Vijayawada,New
11178,Customer 11178,Nellore,VIP
11179,Customer 11179,Kakinada,New
11180,Customer 11180,Anantapur,Returning
11181,Customer 11181,Visakhapatnam,VIP
11182,Customer 11182,Guntur,New
11183,Customer 11183,Nellore,Returning
11184,Customer 11184,Rajahmundry,Returning
11185,Customer 11185,Visakhapatnam,VIP
11186,Customer 11186,Nellore,New
11187,Customer 11187,Rajahmundry,Returning
11188,Customer 11188,Tirupati,VIP
11189,Customer 11189,Nellore,Returning
11190,Customer 11190,Kakinada,VIP
11191,Customer 11191,Guntur,VIP
11192,Customer 11192,Kakinada,VIP
11193,Customer 11193,Anantapur,New
11194,Customer 11194,Anantapur,New
11195,Customer 11195,Tirupati,Returning
11196,Customer 11196,Kurnool,New
11197,Customer 11197,Ongole,VIP
11198,Customer 11198,Nellore,VIP
11199,Customer 11199,Rajahmundry,VIP
11200,Customer 11200,Tirupati,VIP
11201,Customer 11201,Nellore,Returning
11202,Customer 11202,Tirupati,VIP
11203,Customer 11203,Visakhapatnam,Returning
11204,Customer 11204,Anantapur,New
11205,Customer 11205,Guntur,New
11206,Customer 11206,Vijayawada,VIP
11207,Customer 11207,Kakinada,Returning
11208,Customer 11208,Visakhapatnam,VIP
11209,Customer 11209,Guntur,New
11210,Customer 11210,Kurnool,Returning
11211,Customer 11211,Kurnool,VIP
11212,Customer 11212,Nellore,Returning
11213,Customer 11213,Anantapur,Returning
11214,Customer 11214,Nellore,New
11215,Customer 11215,Nellore,VIP
11216,Customer 11216,Visakhapatnam,VIP
11217,Customer 11217,Ongole,New
11218,Customer 11218,Anantapur,Returning
11219,Customer 11219,Anantapur,New
11220,Customer 11220,Kakinada,VIP
11221,Customer 11221,Guntur,New
11222,Customer 11222,Tirupati,Returning
11223,Customer 11223,Kakinada,New
11224,Customer 11224,Vijayawada,Returning
11225,Customer 11225,Anantapur,New
11226,Customer 11226,Visakhapatnam,Returning
11227,Customer 11227,Nellore,New
11228,Customer 11228,Kakinada,VIP
11229,Customer 11229,Anantapur,New
11230,Customer 11230,Anantapur,VIP
11231,Customer 11231,Tirupati,New
11232,Customer 11232,Anantapur,Returning
11233,Customer 11233,Nellore,Returning
11234,Customer 11234,Ongole,Returning
11235,Customer 11235,Tirupati,VIP
11236,Customer 11236,Kurnool,VIP
11237,Customer 11237,Kakinada,Returning
11238,Customer 11238,Ongole,Returning
11239,Customer 11239,Guntur,VIP
11240,Customer 11240,Visakhapatnam,Returning
11241,Customer 11241,Visakhapatnam,Returning
11242,Customer 11242,Kakinada,VIP
11243,Customer 11243,Tirupati,VIP
11244,Customer 11244,Kurnool,Returning
11245,Customer 11245,Anantapur,New
11246,Customer 11246,Kurnool,VIP
11247,Customer 11247,Rajahmundry,New
11248,Customer 11248,Kakinada,Returning
11249,Customer 11249,Visakhapatnam,VIP
11250,Customer 11250,Tirupati,Returning
11251,Customer 11251,Visakhapatnam,New
11252,Customer 11252,Kakinada,VIP
11253,Customer 11253,Vijayawada,New
11254,Customer 11254,Ongole,New
11255,Customer 11255,Anantapur,New
11256,Customer 11256,Vijayawada,VIP
11257,Customer 11257,Visakhapatnam,New
11258,Customer 11258,Nellore,VIP
11259,Customer 11259,Tirupati,Returning
11260,Customer 11260,Kakinada,Returning
11261,Customer 11261,Ongole,New
11262,Customer 11262,Tirupati,VIP
11263,Customer 11263,Anantapur,VIP
11264,Customer 11264,Anantapur,VIP
11265,Customer 11265,Kurnool,VIP
11266,Customer 11266,Anantapur,VIP
11267,Customer 11267,Visakhapatnam,VIP
11268,Customer 11268,Vijayawada,VIP
11269,Customer 11269,Rajahmundry,New
11270,Customer 11270,Ongole,New
11271,Customer 11271,Tirupati,Returning
11272,Customer 11272,Rajahmundry,Returning
11273,Customer 11273,Rajahmundry,VIP
11274,Customer 11274,Ongole,VIP
11275,Customer 11275,Anantapur,Returning
11276,Customer 11276,Visakhapatnam,VIP
11277,Customer 11277,Tirupati,VIP
11278,Customer 11278,Visakhapatnam,Returning
11279,Customer 11279,Kurnool,VIP
11280,Customer 11280,Kurnool,New
11281,Customer 11281,Vijayawada,Returning
11282,Customer 11282,Kurnool,VIP
11283,Customer 11283,Nellore,New
11284,Customer 11284,Anantapur,New
11285,Customer 11285,Tirupati,Returning
11286,Customer 11286,Anantapur,New
11287,Customer 11287,Guntur,VIP
11288,Customer 11288,Rajahmundry,New
11289,Customer 11289,Nellore,VIP
11290,Customer 11290,Guntur,Returning
11291,Customer 11291,Nellore,Returning
11292,Customer 11292,Rajahmundry,New
11293,Customer 11293,Visakhapatnam,New
11294,Customer 11294,Anantapur,Returning
11295,Customer 11295,Kakinada,New
11296,Customer 11296,Tirupati,New
11297,Customer 11297,Anantapur,VIP
11298,Customer 11298,Nellore,New
11299,Customer 11299,Kurnool,VIP
11300,Customer 11300,Tirupati,New
11301,Customer 11301,Tirupati,Returning
11302,Customer 11302,Tirupati,Returning
11303,Customer 11303,Anantapur,VIP
11304,Customer 11304,Visakhapatnam,VIP
11305,Customer 11305,Anantapur,Returning
11306,Customer 11306,Visakhapatnam,New
11307,Customer 11307,Visakhapatnam,New
11308,Customer 11308,Ongole,New
11309,Customer 11309,Tirupati,VIP
11310,Customer 11310,Tirupati,VIP
11311,Customer 11311,Tirupati,New
11312,Customer 11312,Kakinada,Returning
11313,Customer 11313,Kurnool,VIP
11314,Customer 11314,Ongole,VIP
11315,Customer 11315,Vijayawada,New
11316,Customer 11316,Visakhapatnam,VIP
11317,Customer 11317,Kakinada,New
11318,Customer 11318,Vijayawada,VIP
11319,Customer 11319,Ongole,Returning
11320,Customer 11320,Visakhapatnam,VIP
11321,Customer 11321,Anantapur,New
11322,Customer 11322,Kakinada,New
11323,Customer 11323,Kurnool,VIP
11324,Customer 11324,Anantapur,Returning
11325,Customer 11325,Ongole,Returning
11326,Customer 11326,Visakhapatnam,Returning
11327,Customer 11327,Anantapur,New
11328,Customer 11328,Ongole,Returning
11329,Customer 11329,Anantapur,Returning
11330,Customer 11330,Visakhapatnam,Returning
11331,Customer 11331,Anantapur,New
11332,Customer 11332,Guntur,Returning
11333,Customer 11333,Anantapur,Returning
11334,Customer 11334,Visakhapatnam,VIP
11335,Customer 11335,Kurnool,New
11336,Customer 11336,Vijayawada,New
11337,Customer 11337,Tirupati,VIP
11338,Customer 11338,Anantapur,Returning
11339,Customer 11339,Kurnool,VIP
11340,Customer 11340,Vijayawada,Returning
11341,Customer 11341,Guntur,New
11342,Customer 11342,Kakinada,New
11343,Customer 11343,Kurnool,VIP
11344,Customer 11344,Vijayawada,New
11345,Customer 11345,Visakhapatnam,Returning
11346,Customer 11346,Ongole,New
11347,Customer 11347,Ongole,New
11348,Customer 11348,Visakhapatnam,New
11349,Customer 11349,Anantapur,Returning
11350,Customer 11350,Tirupati,Returning
11351,Customer 11351,Kurnool,Returning
11352,Customer 11352,Ongole,Returning
11353,Customer 11353,Rajahmundry,VIP
11354,Customer 11354,Tirupati,New
11355,Customer 11355,Ongole,VIP
11356,Customer 11356,Kurnool,New
11357,Customer 11357,Kurnool,Returning
11358,Customer 11358,Kakinada,VIP
11359,Customer 11359,Ongole,VIP
11360,Customer 11360,Ongole,New
11361,Customer 11361,Vijayawada,Returning
11362,Customer 11362,Nellore,VIP
11363,Customer 11363,Nellore,VIP
11364,Customer 11364,Nellore,VIP
11365,Customer 11365,Tirupati,VIP
11366,Customer 11366,Kurnool,Returning
11367,Customer 11367,Vijayawada,New
11368,Customer 11368,Kakinada,Returning
11369,Customer 11369,Kakinada,VIP
11370,Customer 11370,Vijayawada,New
11371,Customer 11371,Nellore,VIP
11372,Customer 11372,Tirupati,Returning
11373,Customer 11373,Kurnool,Returning
11374,Customer 11374,Vijayawada,Returning
11375,Customer 11375,Guntur,Returning
11376,Customer 11376,Kakinada,New
11377,Customer 11377,Visakhapatnam,Returning
11378,Customer 11378,Ongole,VIP
11379,Customer 11379,Kakinada,New
11380,Customer 11380,Ongole,Returning
11381,Customer 11381,Kurnool,New
11382,Customer 11382,Visakhapatnam,VIP
11383,Customer 11383,Kakinada,Returning
11384,Customer 11384,Vijayawada,VIP
11385,Customer 11385,Vijayawada,Returning
11386,Customer 11386,Kurnool,New
11387,Customer 11387,Kurnool,Returning
11388,Customer 11388,Rajahmundry,VIP
11389,Customer 11389,Visakhapatnam,New
11390,Customer 11390,Nellore,Returning
11391,Customer 11391,Visakhapatnam,Returning
11392,Customer 11392,Visakhapatnam,VIP
11393,Customer 11393,Rajahmundry,New
11394,Customer 11394,Kakinada,VIP
11395,Customer 11395,Kakinada,New
11396,Customer 11396,Rajahmundry,VIP
11397,Customer 11397,Visakhapatnam,VIP
11398,Customer 11398,Ongole,Returning
11399,Customer 11399,Kurnool,New
11400,Customer 11400,Tirupati,New
11401,Customer 11401,Tirupati,VIP
11402,Customer 11402,Vijayawada,Returning
11403,Customer 11403,Tirupati,VIP
11404,Customer 11404,Nellore,New
11405,Customer 11405,Ongole,VIP
11406,Customer 11406,Kakinada,VIP
11407,Customer 11407,Vijayawada,VIP
11408,Customer 11408,Visakhapatnam,VIP
11409,Customer 11409,Kurnool,VIP
11410,Customer 11410,Kurnool,New
11411,Customer 11411,Ongole,VIP
11412,Customer 11412,Kakinada,VIP
11413,Customer 11413,Anantapur,Returning
11414,Customer 11414,Kakinada,Returning
11415,Customer 11415,Guntur,Returning
11416,Customer 11416,Kurnool,VIP
11417,Customer 11417,Rajahmundry,Returning
11418,Customer 11418,Vijayawada,Returning
11419,Customer 11419,Nellore,New
11420,Customer 11420,Rajahmundry,New
11421,Customer 11421,Guntur,New
11422,Customer 11422,Kurnool,New
11423,Customer 11423,Kurnool,New
11424,Customer 11424,Anantapur,New
11425,Customer 11425,Visakhapatnam,Returning
11426,Customer 11426,Anantapur,New
11427,Customer 11427,Rajahmundry,New
11428,Customer 11428,Anantapur,New
11429,Customer 11429,Visakhapatnam,VIP
11430,Customer 11430,Anantapur,VIP
11431,Customer 11431,Guntur,Returning
11432,Customer 11432,Kakinada,New
11433,Customer 11433,Guntur,VIP
11434,Customer 11434,Vijayawada,New
11435,Customer 11435,Kurnool,New
11436,Customer 11436,Guntur,Returning
11437,Customer 11437,Kurnool,Returning
11438,Customer 11438,Guntur,VIP
11439,Customer 11439,Vijayawada,VIP
11440,Customer 11440,Vijayawada,New
11441,Customer 11441,Vijayawada,VIP
11442,Customer 11442,Tirupati,New
11443,Customer 11443,Visakhapatnam,VIP
11444,Customer 11444,Rajahmundry,VIP
11445,Customer 11445,Vijayawada,New
11446,Customer 11446,Visakhapatnam,New
11447,Customer 11447,Nellore,New
11448,Customer 11448,Ongole,New
11449,Customer 11449,Anantapur,VIP
11450,Customer 11450,Kakinada,New
11451,Customer 11451,Kurnool,Returning
11452,Customer 11452,Ongole,VIP
11453,Customer 11453,Anantapur,Returning
11454,Customer 11454,Ongole,VIP
11455,Customer 11455,Tirupati,VIP
11456,Customer 11456,Visakhapatnam,Returning
11457,Customer 11457,Visakhapatnam,Returning
11458,Customer 11458,Kurnool,VIP
11459,Customer 11459,Guntur,Returning
11460,Customer 11460,Vijayawada,New
11461,Customer 11461,Ongole,New
11462,Customer 11462,Rajahmundry,VIP
11463,Customer 11463,Guntur,Returning
11464,Customer 11464,Tirupati,VIP
11465,Customer 11465,Ongole,New
11466,Customer 11466,Tirupati,New
11467,Customer 11467,Tirupati,Returning
11468,Customer 11468,Guntur,Returning
11469,Customer 11469,Rajahmundry,New
11470,Customer 11470,Tirupati,New
11471,Customer 11471,Kakinada,Returning
11472,Customer 11472,Ongole,Returning
11473,Customer 11473,Tirupati,New
11474,Customer 11474,Anantapur,Returning
11475,Customer 11475,Kurnool,New
11476,Customer 11476,Visakhapatnam,Returning
11477,Customer 11477,Visakhapatnam,New
11478,Customer 11478,Nellore,New
11479,Customer 11479,Kurnool,Returning
11480,Customer 11480,Nellore,VIP
11481,Customer 11481,Kakinada,New
11482,Customer 11482,Nellore,New
11483,Customer 11483,Kurnool,New
11484,Customer 11484,Nellore,Returning
11485,Customer 11485,Ongole,VIP
11486,Customer 11486,Kakinada,Returning
11487,Customer 11487,Nellore,VIP
11488,Customer 11488,Guntur,New
11489,Customer 11489,Nellore,VIP
11490,Customer 11490,Visakhapatnam,Returning
11491,Customer 11491,Tirupati,VIP
11492,Customer 11492,Kakinada,VIP
11493,Customer 11493,Rajahmundry,VIP
11494,Customer 11494,Visakhapatnam,New
11495,Customer 11495,Ongole,VIP
11496,Customer 11496,Anantapur,VIP
11497,Customer 11497,Ongole,New
11498,Customer 11498,Vijayawada,VIP
11499,Customer 11499,Ongole,New
11500,Customer 11500,Tirupati,VIP
11501,Customer 11501,Vijayawada,Returning
11502,Customer 11502,Kakinada,VIP
11503,Customer 11503,Tirupati,Returning
11504,Customer 11504,Kurnool,VIP
11505,Customer 11505,Rajahmundry,Returning
11506,Customer 11506,Kurnool,Returning
11507,Customer 11507,Visakhapatnam,New
11508,Customer 11508,Vijayawada,VIP
11509,Customer 11509,Kurnool,VIP
11510,Customer 11510,Tirupati,VIP
11511,Customer 11511,Anantapur,New
11512,Customer 11512,Rajahmundry,New
11513,Customer 11513,Anantapur,VIP
11514,Customer 11514,Anantapur,VIP
11515,Customer 11515,Anantapur,New
11516,Customer 11516,Tirupati,VIP
11517,Customer 11517,Vijayawada,Returning
11518,Customer 11518,Guntur,New
11519,Customer 11519,Rajahmundry,VIP
11520,Customer 11520,Rajahmundry,Returning
11521,Customer 11521,Anantapur,Returning
11522,Customer 11522,Vijayawada,VIP
11523,Customer 11523,Kakinada,Returning
11524,Customer 11524,Visakhapatnam,VIP
11525,Customer 11525,Kakinada,VIP
11526,Customer 11526,Guntur,New
11527,Customer 11527,Visakhapatnam,Returning
11528,Customer 11528,Visakhapatnam,New
11529,Customer 11529,Guntur,Returning
11530,Customer 11530,Guntur,New
11531,Customer 11531,Ongole,Returning
11532,Customer 11532,Nellore,New
11533,Customer 11533,Rajahmundry,VIP
11534,Customer 11534,Vijayawada,New
11535,Customer 11535,Tirupati,New
11536,Customer 11536,Visakhapatnam,VIP
11537,Customer 11537,Ongole,Returning
11538,Customer 11538,Anantapur,VIP
11539,Customer 11539,Visakhapatnam,Returning
11540,Customer 11540,Kakinada,New
11541,Customer 11541,Visakhapatnam,New
11542,Customer 11542,Kakinada,Returning
11543,Customer 11543,Kakinada,Returning
11544,Customer 11544,Anantapur,Returning
11545,Customer 11545,Anantapur,New
11546,Customer 11546,Nellore,VIP
11547,Customer 11547,Rajahmundry,New
11548,Customer 11548,Kurnool,Returning
11549,Customer 11549,Vijayawada,New
11550,Customer 11550,Kurnool,VIP
11551,Customer 11551,Visakhapatnam,New
11552,Customer 11552,Nellore,VIP
11553,Customer 11553,Nellore,VIP
11554,Customer 11554,Tirupati,VIP
11555,Customer 11555,Visakhapatnam,Returning
11556,Customer 11556,Ongole,Returning
11557,Customer 11557,Visakhapatnam,VIP
11558,Customer 11558,Anantapur,Returning
11559,Customer 11559,Visakhapatnam,Returning
11560,Customer 11560,Tirupati,VIP
11561,Customer 11561,Nellore,VIP
11562,Customer 11562,Nellore,VIP
11563,Customer 11563,Tirupati,VIP
11564,Customer 11564,Rajahmundry,New
11565,Customer 11565,Guntur,Returning
11566,Customer 11566,Vijayawada,VIP
11567,Customer 11567,Vijayawada,VIP
11568,Customer 11568,Tirupati,New
11569,Customer 11569,Nellore,VIP
11570,Customer 11570,Vijayawada,New
11571,Customer 11571,Rajahmundry,Returning
11572,Customer 11572,Nellore,VIP
11573,Customer 11573,Visakhapatnam,VIP
11574,Customer 11574,Visakhapatnam,Returning
11575,Customer 11575,Rajahmundry,Returning
11576,Customer 11576,Ongole,VIP
11577,Customer 11577,Visakhapatnam,Returning
11578,Customer 11578,Nellore,New
11579,Customer 11579,Nellore,VIP
11580,Customer 11580,Kakinada,New
11581,Customer 11581,Guntur,Returning
11582,Customer 11582,Rajahmundry,VIP
11583,Customer 11583,Anantapur,Returning
11584,Customer 11584,Rajahmundry,VIP
11585,Customer 11585,Tirupati,New
11586,Customer 11586,Anantapur,New
11587,Customer 11587,Anantapur,VIP
11588,Customer 11588,Ongole,Returning
11589,Customer 11589,Guntur,New
11590,Customer 11590,Kurnool,VIP
11591,Customer 11591,Nellore,Returning
11592,Customer 11592,Tirupati,New
11593,Customer 11593,Kurnool,Returning
11594,Customer 11594,Kakinada,VIP
11595,Customer 11595,Kakinada,Returning
11596,Customer 11596,Visakhapatnam,New
11597,Customer 11597,Nellore,Returning
11598,Customer 11598,Ongole,Returning
11599,Customer 11599,Nellore,VIP
11600,Customer 11600,Vijayawada,Returning
11601,Customer 11601,Tirupati,VIP
11602,Customer 11602,Tirupati,Returning
11603,Customer 11603,Tirupati,New
11604,Customer 11604,Tirupati,New
11605,Customer 11605,Vijayawada,VIP
11606,Customer 11606,Anantapur,VIP
11607,Customer 11607,Rajahmundry,Returning
11608,Customer 11608,Kakinada,Returning
11609,Customer 11609,Kurnool,New
11610,Customer 11610,Vijayawada,New
11611,Customer 11611,Tirupati,VIP
11612,Customer 11612,Guntur,New
11613,Customer 11613,Nellore,New
11614,Customer 11614,Kurnool,VIP
11615,Customer 11615,Tirupati,New
11616,Customer 11616,Vijayawada,New
11617,Customer 11617,Anantapur,New
11618,Customer 11618,Visakhapatnam,VIP
11619,Customer 11619,Ongole,New
11620,Customer 11620,Nellore,Returning
11621,Customer 11621,Anantapur,Returning
11622,Customer 11622,Vijayawada,New
11623,Customer 11623,Guntur,VIP
11624,Customer 11624,Guntur,New
11625,Customer 11625,Nellore,Returning
11626,Customer 11626,Rajahmundry,Returning
11627,Customer 11627,Anantapur,VIP
11628,Customer 11628,Kurnool,VIP
11629,Customer 11629,Tirupati,Returning
11630,Customer 11630,Vijayawada,VIP
11631,Customer 11631,Ongole,Returning
11632,Customer 11632,Ongole,VIP
11633,Customer 11633,Guntur,VIP
11634,Customer 11634,Tirupati,Returning
11635,Customer 11635,Kurnool,Returning
11636,Customer 11636,Nellore,Returning
11637,Customer 11637,Visakhapatnam,New
11638,Customer 11638,Anantapur,VIP
11639,Customer 11639,Kakinada,New
11640,Customer 11640,Rajahmundry,Returning
11641,Customer 11641,Ongole,Returning
11642,Customer 11642,Vijayawada,VIP
11643,Customer 11643,Ongole,Returning
11644,Customer 11644,Anantapur,New
11645,Customer 11645,Anantapur,New
11646,Customer 11646,Ongole,Returning
11647,Customer 11647,Anantapur,VIP
11648,Customer 11648,Anantapur,New
11649,Customer 11649,Ongole,Returning
11650,Customer 11650,Kurnool,New
11651,Customer 11651,Nellore,New
11652,Customer 11652,Anantapur,New
11653,Customer 11653,Kakinada,New
11654,Customer 11654,Kakinada,New
11655,Customer 11655,Visakhapatnam,VIP
11656,Customer 11656,Ongole,VIP
11657,Customer 11657,Ongole,Returning
11658,Customer 11658,Vijayawada,VIP
11659,Customer 11659,Kakinada,VIP
11660,Customer 11660,Kurnool,Returning
11661,Customer 11661,Visakhapatnam,VIP
11662,Customer 11662,Kakinada,Returning
11663,Customer 11663,Ongole,VIP
11664,Customer 11664,Kakinada,VIP
11665,Customer 11665,Anantapur,New
11666,Customer 11666,Ongole,VIP
11667,Customer 11667,Visakhapatnam,Returning
11668,Customer 11668,Tirupati,Returning
11669,Customer 11669,Nellore,New
11670,Customer 11670,Visakhapatnam,VIP
11671,Customer 11671,Vijayawada,Returning
11672,Customer 11672,Guntur,VIP
11673,Customer 11673,Anantapur,New
11674,Customer 11674,Visakhapatnam,New
11675,Customer 11675,Tirupati,New
11676,Customer 11676,Visakhapatnam,Returning
11677,Customer 11677,Tirupati,New
11678,Customer 11678,Vijayawada,New
11679,Customer 11679,Tirupati,VIP
11680,Customer 11680,Visakhapatnam,New
11681,Customer 11681,Guntur,New
11682,Customer 11682,Rajahmundry,New
11683,Customer 11683,Visakhapatnam,VIP
11684,Customer 11684,Ongole,VIP
11685,Customer 11685,Ongole,Returning
11686,Customer 11686,Visakhapatnam,VIP
11687,Customer 11687,Anantapur,Returning
11688,Customer 11688,Guntur,VIP
11689,Customer 11689,Rajahmundry,VIP
11690,Customer 11690,Visakhapatnam,VIP
11691,Customer 11691,Kurnool,New
11692,Customer 11692,Ongole,New
11693,Customer 11693,Kurnool,VIP
11694,Customer 11694,Kurnool,Returning
11695,Customer 11695,Ongole,VIP
11696,Customer 11696,Kakinada,Returning
11697,Customer 11697,Ongole,VIP
11698,Customer 11698,Guntur,New
11699,Customer 11699,Visakhapatnam,Returning
11700,Customer 11700,Ongole,New
11701,Customer 11701,Kurnool,Returning
11702,Customer 11702,Ongole,VIP
11703,Customer 11703,Tirupati,VIP
11704,Customer 11704,Visakhapatnam,VIP
11705,Customer 11705,Ongole,VIP
11706,Customer 11706,Rajahmundry,Returning
11707,Customer 11707,Tirupati,New
11708,Customer 11708,Guntur,VIP
11709,Customer 11709,Nellore,VIP
11710,Customer 11710,Nellore,New
11711,Customer 11711,Ongole,New
11712,Customer 11712,Kakinada,New
11713,Customer 11713,Kurnool,New
11714,Customer 11714,Tirupati,New
11715,Customer 11715,Tirupati,New
11716,Customer 11716,Vijayawada,VIP
11717,Customer 11717,Visakhapatnam,VIP
11718,Customer 11718,Vijayawada,VIP
11719,Customer 11719,Tirupati,Returning
11720,Customer 11720,Anantapur,VIP
11721,Customer 11721,Vijayawada,VIP
11722,Customer 11722,Anantapur,Returning
11723,Customer 11723,Ongole,New
11724,Customer 11724,Visakhapatnam,VIP
11725,Customer 11725,Guntur,Returning
11726,Customer 11726,Kakinada,New
11727,Customer 11727,Kakinada,New
11728,Customer 11728,Nellore,VIP
11729,Customer 11729,Guntur,VIP
11730,Customer 11730,Ongole,Returning
11731,Customer 11731,Kurnool,VIP
11732,Customer 11732,Vijayawada,Returning
11733,Customer 11733,Anantapur,New
11734,Customer 11734,Anantapur,Returning
11735,Customer 11735,Ongole,New
11736,Customer 11736,Guntur,New
11737,Customer 11737,Anantapur,Returning
11738,Customer 11738,Guntur,New
11739,Customer 11739,Visakhapatnam,VIP
11740,Customer 11740,Kurnool,New
11741,Customer 11741,Vijayawada,VIP
11742,Customer 11742,Guntur,Returning
11743,Customer 11743,Nellore,VIP
11744,Customer 11744,Tirupati,New
11745,Customer 11745,Visakhapatnam,New
11746,Customer 11746,Anantapur,New
11747,Customer 11747,Rajahmundry,VIP
11748,Customer 11748,Tirupati,Returning
11749,Customer 11749,Visakhapatnam,Returning
11750,Customer 11750,Ongole,New
11751,Customer 11751,Anantapur,New
11752,Customer 11752,Vijayawada,VIP
11753,Customer 11753,Nellore,Returning
11754,Customer 11754,Rajahmundry,New
11755,Customer 11755,Kakinada,VIP
11756,Customer 11756,Tirupati,Returning
11757,Customer 11757,Kakinada,Returning
11758,Customer 11758,Nellore,New
11759,Customer 11759,Nellore,VIP
11760,Customer 11760,Vijayawada,New
11761,Customer 11761,Rajahmundry,New
11762,Customer 11762,Guntur,Returning
11763,Customer 11763,Vijayawada,Returning
11764,Customer 11764,Kakinada,New
11765,Customer 11765,Kakinada,VIP
11766,Customer 11766,Tirupati,Returning
11767,Customer 11767,Vijayawada,VIP
11768,Customer 11768,Ongole,Returning
11769,Customer 11769,Kurnool,New
11770,Customer 11770,Kakinada,New
11771,Customer 11771,Nellore,New
11772,Customer 11772,Kurnool,VIP
11773,Customer 11773,Vijayawada,Returning
11774,Customer 11774,Ongole,Returning
11775,Customer 11775,Visakhapatnam,Returning
11776,Customer 11776,Rajahmundry,VIP
11777,Customer 11777,Kurnool,New
11778,Customer 11778,Ongole,New
11779,Customer 11779,Kurnool,New
11780,Customer 11780,Kurnool,New
11781,Customer 11781,Rajahmundry,VIP
11782,Customer 11782,Guntur,New
11783,Customer 11783,Kakinada,VIP
11784,Customer 11784,Anantapur,VIP
11785,Customer 11785,Tirupati,Returning
11786,Customer 11786,Visakhapatnam,Returning
11787,Customer 11787,Rajahmundry,New
11788,Customer 11788,Nellore,VIP
11789,Customer 11789,Rajahmundry,New
11790,Customer 11790,Vijayawada,Returning
11791,Customer 11791,Visakhapatnam,New
11792,Customer 11792,Visakhapatnam,New
11793,Customer 11793,Vijayawada,Returning
11794,Customer 11794,Kurnool,New
11795,Customer 11795,Vijayawada,Returning
11796,Customer 11796,Tirupati,VIP
11797,Customer 11797,Vijayawada,New
11798,Customer 11798,Kurnool,VIP
11799,Customer 11799,Kakinada,Returning
11800,Customer 11800,Kakinada,VIP
11801,Customer 11801,Tirupati,VIP
11802,Customer 11802,Vijayawada,VIP
11803,Customer 11803,Tirupati,VIP
11804,Customer 11804,Tirupati,New
11805,Customer 11805,Kurnool,New
11806,Customer 11806,Rajahmundry,New
11807,Customer 11807,Anantapur,VIP
11808,Customer 11808,Guntur,New
11809,Customer 11809,Tirupati,New
11810,Customer 11810,Vijayawada,VIP
11811,Customer 11811,Guntur,New
11812,Customer 11812,Vijayawada,New
11813,Customer 11813,Guntur,Returning
11814,Customer 11814,Tirupati,Returning
11815,Customer 11815,Kurnool,New
11816,Customer 11816,Vijayawada,Returning
11817,Customer 11817,Nellore,Returning
11818,Customer 11818,Vijayawada,New
11819,Customer 11819,Ongole,New
11820,Customer 11820,Kurnool,Returning
11821,Customer 11821,Visakhapatnam,VIP
11822,Customer 11822,Vijayawada,VIP
11823,Customer 11823,Kurnool,New
11824,Customer 11824,Kakinada,VIP
11825,Customer 11825,Kakinada,VIP
11826,Customer 11826,Vijayawada,Returning
11827,Customer 11827,Anantapur,VIP
11828,Customer 11828,Vijayawada,VIP
11829,Customer 11829,Rajahmundry,New
11830,Customer 11830,Ongole,New
11831,Customer 11831,Ongole,VIP
11832,Customer 11832,Anantapur,Returning
11833,Customer 11833,Visakhapatnam,New
11834,Customer 11834,Kakinada,VIP
11835,Customer 11835,Anantapur,New
11836,Customer 11836,Nellore,New
11837,Customer 11837,Vijayawada,Returning
11838,Customer 11838,Ongole,VIP
11839,Customer 11839,Guntur,VIP
11840,Customer 11840,Ongole,New
11841,Customer 11841,Nellore,New
11842,Customer 11842,Guntur,New
11843,Customer 11843,Tirupati,New
11844,Customer 11844,Visakhapatnam,VIP
11845,Customer 11845,Visakhapatnam,Returning
11846,Customer 11846,Anantapur,VIP
11847,Customer 11847,Vijayawada,New
11848,Customer 11848,Kurnool,VIP
11849,Customer 11849,Visakhapatnam,VIP
11850,Customer 11850,Rajahmundry,Returning
11851,Customer 11851,Tirupati,VIP
11852,Customer 11852,Nellore,New
11853,Customer 11853,Guntur,New
11854,Customer 11854,Anantapur,New
11855,Customer 11855,Nellore,New
11856,Customer 11856,Visakhapatnam,New
11857,Customer 11857,Visakhapatnam,VIP
11858,Customer 11858,Visakhapatnam,Returning
11859,Customer 11859,Kakinada,New
11860,Customer 11860,Ongole,New
11861,Customer 11861,Kurnool,Returning
11862,Customer 11862,Tirupati,New
11863,Customer 11863,Vijayawada,Returning
11864,Customer 11864,Kakinada,VIP
11865,Customer 11865,Vijayawada,VIP
11866,Customer 11866,Rajahmundry,VIP
11867,Customer 11867,Ongole,VIP
11868,Customer 11868,Guntur,Returning
11869,Customer 11869,Tirupati,Returning
11870,Customer 11870,Nellore,New
11871,Customer 11871,Ongole,Returning
11872,Customer 11872,Ongole,Returning
11873,Customer 11873,Guntur,Returning
11874,Customer 11874,Ongole,Returning
11875,Customer 11875,Visakhapatnam,VIP
11876,Customer 11876,Rajahmundry,Returning
11877,Customer 11877,Kurnool,VIP
11878,Customer 11878,Anantapur,Returning
11879,Customer 11879,Nellore,New
11880,Customer 11880,Ongole,Returning
11881,Customer 11881,Guntur,VIP
11882,Customer 11882,Visakhapatnam,New
11883,Customer 11883,Guntur,New
11884,Customer 11884,Nellore,Returning
11885,Customer 11885,Tirupati,VIP
11886,Customer 11886,Rajahmundry,New
11887,Customer 11887,Vijayawada,VIP
11888,Customer 11888,Rajahmundry,Returning
11889,Customer 11889,Ongole,VIP
11890,Customer 11890,Guntur,VIP
11891,Customer 11891,Tirupati,Returning
11892,Customer 11892,Nellore,New
11893,Customer 11893,Nellore,Returning
11894,Customer 11894,Rajahmundry,New
11895,Customer 11895,Vijayawada,New
11896,Customer 11896,Tirupati,VIP
11897,Customer 11897,Nellore,VIP
11898,Customer 11898,Guntur,Returning
11899,Customer 11899,Visakhapatnam,New
11900,Customer 11900,Kurnool,Returning
11901,Customer 11901,Kakinada,New
11902,Customer 11902,Kakinada,VIP
11903,Customer 11903,Kurnool,VIP
11904,Customer 11904,Tirupati,Returning
11905,Customer 11905,Tirupati,Returning
11906,Customer 11906,Kurnool,Returning
11907,Customer 11907,Vijayawada,Returning
11908,Customer 11908,Kakinada,New
11909,Customer 11909,Anantapur,Returning
11910,Customer 11910,Rajahmundry,VIP
11911,Customer 11911,Nellore,VIP
11912,Customer 11912,Guntur,Returning
11913,Customer 11913,Kurnool,VIP
11914,Customer 11914,Tirupati,VIP
11915,Customer 11915,Guntur,Returning
11916,Customer 11916,Visakhapatnam,Returning
11917,Customer 11917,Kakinada,New
11918,Customer 11918,Anantapur,VIP
11919,Customer 11919,Nellore,New
11920,Customer 11920,Anantapur,New
11921,Customer 11921,Tirupati,Returning
11922,Customer 11922,Anantapur,VIP
11923,Customer 11923,Tirupati,New
11924,Customer 11924,Visakhapatnam,New
11925,Customer 11925,Guntur,New
11926,Customer 11926,Kurnool,Returning
11927,Customer 11927,Guntur,New
11928,Customer 11928,Vijayawada,VIP
11929,Customer 11929,Nellore,Returning
11930,Customer 11930,Vijayawada,New
11931,Customer 11931,Tirupati,New
11932,Customer 11932,Visakhapatnam,VIP
11933,Customer 11933,Guntur,VIP
11934,Customer 11934,Visakhapatnam,VIP
11935,Customer 11935,Kurnool,New
11936,Customer 11936,Kurnool,New
11937,Customer 11937,Guntur,VIP
11938,Customer 11938,Tirupati,VIP
11939,Customer 11939,Nellore,Returning
11940,Customer 11940,Ongole,Returning
11941,Customer 11941,Anantapur,Returning
11942,Customer 11942,Tirupati,VIP
11943,Customer 11943,Kakinada,VIP
11944,Customer 11944,Ongole,VIP
11945,Customer 11945,Kurnool,VIP
11946,Customer 11946,Guntur,VIP
11947,Customer 11947,Vijayawada,Returning
11948,Customer 11948,Rajahmundry,VIP
11949,Customer 11949,Visakhapatnam,VIP
11950,Customer 11950,Visakhapatnam,VIP
11951,Customer 11951,Anantapur,Returning
11952,Customer 11952,Kakinada,New
11953,Customer 11953,Kakinada,New
11954,Customer 11954,Kurnool,VIP
11955,Customer 11955,Tirupati,VIP
11956,Customer 11956,Tirupati,New
11957,Customer 11957,Vijayawada,Returning
11958,Customer 11958,Kurnool,New
11959,Customer 11959,Guntur,Returning
11960,Customer 11960,Anantapur,New
11961,Customer 11961,Nellore,Returning
11962,Customer 11962,Kakinada,Returning
11963,Customer 11963,Guntur,Returning
11964,Customer 11964,Rajahmundry,Returning
11965,Customer 11965,Vijayawada,Returning
11966,Customer 11966,Guntur,Returning
11967,Customer 11967,Vijayawada,Returning
11968,Customer 11968,Visakhapatnam,Returning
11969,Customer 11969,Tirupati,VIP
11970,Customer 11970,Rajahmundry,New
11971,Customer 11971,Visakhapatnam,Returning
11972,Customer 11972,Vijayawada,New
11973,Customer 11973,Kurnool,New
11974,Customer 11974,Visakhapatnam,VIP
11975,Customer 11975,Visakhapatnam,VIP
11976,Customer 11976,Visakhapatnam,New
11977,Customer 11977,Vijayawada,Returning
11978,Customer 11978,Kakinada,Returning
11979,Customer 11979,Anantapur,Returning
11980,Customer 11980,Kurnool,Returning
11981,Customer 11981,Kurnool,New
11982,Customer 11982,Kurnool,VIP
11983,Customer 11983,Kurnool,Returning
11984,Customer 11984,Visakhapatnam,Returning
11985,Customer 11985,Anantapur,Returning
11986,Customer 11986,Anantapur,VIP
11987,Customer 11987,Visakhapatnam,Returning
11988,Customer 11988,Nellore,New
11989,Customer 11989,Vijayawada,Returning
11990,Customer 11990,Tirupati,New
11991,Customer 11991,Ongole,Returning
11992,Customer 11992,Ongole,New
11993,Customer 11993,Kurnool,New
11994,Customer 11994,Vijayawada,New
11995,Customer 11995,Visakhapatnam,VIP
11996,Customer 11996,Visakhapatnam,Returning
11997,Customer 11997,Guntur,Returning
11998,Customer 11998,Rajahmundry,New
11999,Customer 11999,Tirupati,New
12000,Customer 12000,Ongole,Returning
12001,Customer 12001,Tirupati,VIP
12002,Customer 12002,Tirupati,Returning
12003,Customer 12003,Ongole,Returning
12004,Customer 12004,Anantapur,VIP
12005,Customer 12005,Kurnool,New
12006,Customer 12006,Guntur,New
12007,Customer 12007,Visakhapatnam,VIP
12008,Customer 12008,Vijayawada,VIP
12009,Customer 12009,Ongole,Returning
12010,Customer 12010,Tirupati,Returning
12011,Customer 12011,Kakinada,New
12012,Customer 12012,Guntur,Returning
12013,Customer 12013,Nellore,New
12014,Customer 12014,Anantapur,VIP
12015,Customer 12015,Guntur,VIP
12016,Customer 12016,Kakinada,VIP
12017,Customer 12017,Kakinada,New
12018,Customer 12018,Ongole,VIP
12019,Customer 12019,Visakhapatnam,New
12020,Customer 12020,Nellore,VIP
12021,Customer 12021,Visakhapatnam,New
12022,Customer 12022,Ongole,Returning
12023,Customer 12023,Anantapur,New
12024,Customer 12024,Anantapur,VIP
12025,Customer 12025,Vijayawada,New
12026,Customer 12026,Kurnool,Returning
12027,Customer 12027,Guntur,VIP
12028,Customer 12028,Nellore,New
12029,Customer 12029,Vijayawada,Returning
12030,Customer 12030,Guntur,New
12031,Customer 12031,Anantapur,Returning
12032,Customer 12032,Kakinada,New
12033,Customer 12033,Rajahmundry,New
12034,Customer 12034,Tirupati,New
12035,Customer 12035,Ongole,Returning
12036,Customer 12036,Tirupati,New
12037,Customer 12037,Visakhapatnam,Returning
12038,Customer 12038,Vijayawada,New
12039,Customer 12039,Nellore,VIP
12040,Customer 12040,Anantapur,New
12041,Customer 12041,Nellore,Returning
12042,Customer 12042,Tirupati,VIP
12043,Customer 12043,Tirupati,New
12044,Customer 12044,Visakhapatnam,VIP
12045,Customer 12045,Kakinada,New
12046,Customer 12046,Visakhapatnam,New
12047,Customer 12047,Nellore,VIP
12048,Customer 12048,Anantapur,Returning
12049,Customer 12049,Rajahmundry,New
12050,Customer 12050,Kakinada,VIP
12051,Customer 12051,Visakhapatnam,New
12052,Customer 12052,Tirupati,Returning
12053,Customer 12053,Anantapur,New
12054,Customer 12054,Kakinada,New
12055,Customer 12055,Kurnool,VIP
12056,Customer 12056,Rajahmundry,New
12057,Customer 12057,Rajahmundry,VIP
12058,Customer 12058,Kurnool,VIP
12059,Customer 12059,Ongole,VIP
12060,Customer 12060,Guntur,VIP
12061,Customer 12061,Visakhapatnam,VIP
12062,Customer 12062,Guntur,VIP
12063,Customer 12063,Kakinada,New
12064,Customer 12064,Kurnool,Returning
12065,Customer 12065,Ongole,VIP
12066,Customer 12066,Guntur,Returning
12067,Customer 12067,Rajahmundry,VIP
12068,Customer 12068,Rajahmundry,New
12069,Customer 12069,Guntur,Returning
12070,Customer 12070,Kakinada,New
12071,Customer 12071,Ongole,VIP
12072,Customer 12072,Vijayawada,VIP
12073,Customer 12073,Guntur,Returning
12074,Customer 12074,Tirupati,New
12075,Customer 12075,Ongole,New
12076,Customer 12076,Kurnool,Returning
12077,Customer 12077,Kurnool,VIP
12078,Customer 12078,Rajahmundry,New
12079,Customer 12079,Vijayawada,VIP
12080,Customer 12080,Rajahmundry,VIP
12081,Customer 12081,Tirupati,Returning
12082,Customer 12082,Visakhapatnam,VIP
12083,Customer 12083,Anantapur,New
12084,Customer 12084,Guntur,Returning
12085,Customer 12085,Anantapur,VIP
12086,Customer 12086,Guntur,VIP
12087,Customer 12087,Vijayawada,New
12088,Customer 12088,Kakinada,VIP
12089,Customer 12089,Tirupati,New
12090,Customer 12090,Kakinada,VIP
12091,Customer 12091,Anantapur,VIP
12092,Customer 12092,Guntur,New
12093,Customer 12093,Nellore,New
12094,Customer 12094,Anantapur,New
12095,Customer 12095,Visakhapatnam,New
12096,Customer 12096,Kurnool,New
12097,Customer 12097,Guntur,New
12098,Customer 12098,Rajahmundry,Returning
12099,Customer 12099,Rajahmundry,New
12100,Customer 12100,Visakhapatnam,New
12101,Customer 12101,Ongole,VIP
12102,Customer 12102,Anantapur,Returning
12103,Customer 12103,Kakinada,New
12104,Customer 12104,Ongole,Returning
12105,Customer 12105,Visakhapatnam,Returning
12106,Customer 12106,Vijayawada,VIP
12107,Customer 12107,Kakinada,VIP
12108,Customer 12108,Guntur,VIP
12109,Customer 12109,Anantapur,VIP
12110,Customer 12110,Tirupati,VIP
12111,Customer 12111,Rajahmundry,New
12112,Customer 12112,Nellore,Returning
12113,Customer 12113,Nellore,Returning
12114,Customer 12114,Guntur,New
12115,Customer 12115,Tirupati,Returning
12116,Customer 12116,Ongole,New
12117,Customer 12117,Kakinada,New
12118,Customer 12118,Visakhapatnam,VIP
12119,Customer 12119,Vijayawada,Returning
12120,Customer 12120,Visakhapatnam,Returning
12121,Customer 12121,Guntur,Returning
12122,Customer 12122,Visakhapatnam,New
12123,Customer 12123,Nellore,Returning
12124,Customer 12124,Ongole,New
12125,Customer 12125,Vijayawada,VIP
12126,Customer 12126,Kakinada,VIP
12127,Customer 12127,Kakinada,VIP
12128,Customer 12128,Rajahmundry,New
12129,Customer 12129,Guntur,New
12130,Customer 12130,Kakinada,Returning
12131,Customer 12131,Visakhapatnam,VIP
12132,Customer 12132,Tirupati,VIP
12133,Customer 12133,Visakhapatnam,New
12134,Customer 12134,Kurnool,Returning
12135,Customer 12135,Kurnool,New
12136,Customer 12136,Kurnool,Returning
12137,Customer 12137,Guntur,New
12138,Customer 12138,Visakhapatnam,New
12139,Customer 12139,Ongole,New
12140,Customer 12140,Anantapur,Returning
12141,Customer 12141,Nellore,Returning
12142,Customer 12142,Visakhapatnam,VIP
12143,Customer 12143,Vijayawada,Returning
12144,Customer 12144,Kurnool,Returning
12145,Customer 12145,Vijayawada,Returning
12146,Customer 12146,Guntur,Returning
12147,Customer 12147,Tirupati,New
12148,Customer 12148,Ongole,New
12149,Customer 12149,Anantapur,New
12150,Customer 12150,Guntur,Returning
12151,Customer 12151,Nellore,Returning
12152,Customer 12152,Ongole,New
12153,Customer 12153,Anantapur,Returning
12154,Customer 12154,Kakinada,New
12155,Customer 12155,Tirupati,VIP
12156,Customer 12156,Vijayawada,New
12157,Customer 12157,Tirupati,VIP
12158,Customer 12158,Vijayawada,VIP
12159,Customer 12159,Nellore,New
12160,Customer 12160,Nellore,VIP
12161,Customer 12161,Visakhapatnam,Returning
12162,Customer 12162,Visakhapatnam,Returning
12163,Customer 12163,Ongole,New
12164,Customer 12164,Guntur,Returning
12165,Customer 12165,Visakhapatnam,New
12166,Customer 12166,Nellore,Returning
12167,Customer 12167,Visakhapatnam,New
12168,Customer 12168,Tirupati,Returning
12169,Customer 12169,Anantapur,Returning
12170,Customer 12170,Guntur,Returning
12171,Customer 12171,Visakhapatnam,Returning
12172,Customer 12172,Ongole,New
12173,Customer 12173,Kakinada,New
12174,Customer 12174,Vijayawada,Returning
12175,Customer 12175,Anantapur,Returning
12176,Customer 12176,Kakinada,Returning
12177,Customer 12177,Kakinada,VIP
12178,Customer 12178,Kurnool,VIP
12179,Customer 12179,Guntur,Returning
12180,Customer 12180,Ongole,VIP
12181,Customer 12181,Vijayawada,Returning
12182,Customer 12182,Rajahmundry,VIP
12183,Customer 12183,Visakhapatnam,New
12184,Customer 12184,Kakinada,VIP
12185,Customer 12185,Vijayawada,VIP
12186,Customer 12186,Ongole,New
12187,Customer 12187,Vijayawada,Returning
12188,Customer 12188,Kurnool,Returning
12189,Customer 12189,Vijayawada,New
12190,Customer 12190,Anantapur,New
12191,Customer 12191,Anantapur,New
12192,Customer 12192,Vijayawada,Returning
12193,Customer 12193,Visakhapatnam,Returning
12194,Customer 12194,Kakinada,VIP
12195,Customer 12195,Visakhapatnam,New
12196,Customer 12196,Anantapur,VIP
12197,Customer 12197,Visakhapatnam,Returning
12198,Customer 12198,Vijayawada,VIP
12199,Customer 12199,Visakhapatnam,VIP
12200,Customer 12200,Rajahmundry,VIP
12201,Customer 12201,Rajahmundry,VIP
12202,Customer 12202,Tirupati,New
12203,Customer 12203,Visakhapatnam,Returning
12204,Customer 12204,Vijayawada,New
12205,Customer 12205,Tirupati,Returning
12206,Customer 12206,Tirupati,New
12207,Customer 12207,Anantapur,Returning
12208,Customer 12208,Vijayawada,New
12209,Customer 12209,Kurnool,VIP
12210,Customer 12210,Anantapur,VIP
12211,Customer 12211,Anantapur,New
12212,Customer 12212,Guntur,New
12213,Customer 12213,Kurnool,New
12214,Customer 12214,Visakhapatnam,VIP
12215,Customer 12215,Guntur,VIP
12216,Customer 12216,Ongole,Returning
12217,Customer 12217,Kurnool,New
12218,Customer 12218,Anantapur,Returning
12219,Customer 12219,Vijayawada,Returning
12220,Customer 12220,Ongole,VIP
12221,Customer 12221,Rajahmundry,VIP
12222,Customer 12222,Visakhapatnam,VIP
12223,Customer 12223,Visakhapatnam,VIP
12224,Customer 12224,Vijayawada,Returning
12225,Customer 12225,Kurnool,New
12226,Customer 12226,Guntur,New
12227,Customer 12227,Kakinada,New
12228,Customer 12228,Kakinada,New
12229,Customer 12229,Nellore,New
12230,Customer 12230,Kakinada,Returning
12231,Customer 12231,Tirupati,Returning
12232,Customer 12232,Guntur,Returning
12233,Customer 12233,Tirupati,Returning
12234,Customer 12234,Tirupati,VIP
12235,Customer 12235,Visakhapatnam,VIP
12236,Customer 12236,Vijayawada,VIP
12237,Customer 12237,Kakinada,Returning
12238,Customer 12238,Tirupati,Returning
12239,Customer 12239,Vijayawada,VIP
12240,Customer 12240,Vijayawada,New
12241,Customer 12241,Nellore,Returning
12242,Customer 12242,Kurnool,Returning
12243,Customer 12243,Tirupati,New
12244,Customer 12244,Vijayawada,VIP
12245,Customer 12245,Rajahmundry,Returning
12246,Customer 12246,Kurnool,VIP
12247,Customer 12247,Vijayawada,VIP
12248,Customer 12248,Rajahmundry,New
12249,Customer 12249,Guntur,VIP
12250,Customer 12250,Visakhapatnam,New
12251,Customer 12251,Nellore,Returning
12252,Customer 12252,Kakinada,Returning
12253,Customer 12253,Kurnool,VIP
12254,Customer 12254,Visakhapatnam,New
12255,Customer 12255,Tirupati,New
12256,Customer 12256,Rajahmundry,New
12257,Customer 12257,Kakinada,VIP
12258,Customer 12258,Nellore,VIP
12259,Customer 12259,Nellore,Returning
12260,Customer 12260,Nellore,VIP
12261,Customer 12261,Anantapur,New
12262,Customer 12262,Anantapur,Returning
12263,Customer 12263,Rajahmundry,VIP
12264,Customer 12264,Kurnool,New
12265,Customer 12265,Vijayawada,VIP
12266,Customer 12266,Visakhapatnam,New
12267,Customer 12267,Kurnool,VIP
12268,Customer 12268,Ongole,VIP
12269,Customer 12269,Kurnool,VIP
12270,Customer 12270,Visakhapatnam,VIP
12271,Customer 12271,Visakhapatnam,New
12272,Customer 12272,Guntur,Returning
12273,Customer 12273,Kakinada,Returning
12274,Customer 12274,Nellore,Returning
12275,Customer 12275,Rajahmundry,Returning
12276,Customer 12276,Visakhapatnam,VIP
12277,Customer 12277,Vijayawada,Returning
12278,Customer 12278,Visakhapatnam,VIP
12279,Customer 12279,Tirupati,Returning
12280,Customer 12280,Anantapur,Returning
12281,Customer 12281,Rajahmundry,New
12282,Customer 12282,Nellore,VIP
12283,Customer 12283,Anantapur,New
12284,Customer 12284,Visakhapatnam,VIP
12285,Customer 12285,Nellore,Returning
12286,Customer 12286,Guntur,New
12287,Customer 12287,Kakinada,VIP
12288,Customer 12288,Guntur,New
12289,Customer 12289,Ongole,Returning
12290,Customer 12290,Tirupati,New
12291,Customer 12291,Guntur,Returning
12292,Customer 12292,Kurnool,Returning
12293,Customer 12293,Visakhapatnam,Returning
12294,Customer 12294,Guntur,New
12295,Customer 12295,Vijayawada,VIP
12296,Customer 12296,Guntur,VIP
12297,Customer 12297,Kakinada,Returning
12298,Customer 12298,Kakinada,Returning
12299,Customer 12299,Kakinada,Returning
12300,Customer 12300,Rajahmundry,New
12301,Customer 12301,Ongole,VIP
12302,Customer 12302,Vijayawada,New
12303,Customer 12303,Rajahmundry,VIP
12304,Customer 12304,Vijayawada,New
12305,Customer 12305,Tirupati,Returning
12306,Customer 12306,Nellore,New
12307,Customer 12307,Rajahmundry,VIP
12308,Customer 12308,Kakinada,Returning
12309,Customer 12309,Nellore,Returning
12310,Customer 12310,Kakinada,Returning
12311,Customer 12311,Guntur,VIP
12312,Customer 12312,Visakhapatnam,New
12313,Customer 12313,Guntur,Returning
12314,Customer 12314,Vijayawada,New
12315,Customer 12315,Rajahmundry,Returning
12316,Customer 12316,Rajahmundry,Returning
12317,Customer 12317,Rajahmundry,New
12318,Customer 12318,Tirupati,VIP
12319,Customer 12319,Nellore,Returning
12320,Customer 12320,Kurnool,VIP
12321,Customer 12321,Nellore,Returning
12322,Customer 12322,Ongole,New
12323,Customer 12323,Kakinada,Returning
12324,Customer 12324,Guntur,New
12325,Customer 12325,Nellore,New
12326,Customer 12326,Anantapur,VIP
12327,Customer 12327,Vijayawada,Returning
12328,Customer 12328,Guntur,Returning
12329,Customer 12329,Vijayawada,New
12330,Customer 12330,Kakinada,New
12331,Customer 12331,Kurnool,VIP
12332,Customer 12332,Kurnool,VIP
12333,Customer 12333,Kurnool,Returning
12334,Customer 12334,Kakinada,New
12335,Customer 12335,Guntur,Returning
12336,Customer 12336,Kurnool,VIP
12337,Customer 12337,Guntur,Returning
12338,Customer 12338,Guntur,New
12339,Customer 12339,Rajahmundry,New
12340,Customer 12340,Nellore,Returning
12341,Customer 12341,Visakhapatnam,New
12342,Customer 12342,Anantapur,New
12343,Customer 12343,Visakhapatnam,Returning
12344,Customer 12344,Vijayawada,VIP
12345,Customer 12345,Anantapur,VIP
12346,Customer 12346,Guntur,VIP
12347,Customer 12347,Kurnool,Returning
12348,Customer 12348,Kurnool,New
12349,Customer 12349,Rajahmundry,New
12350,Customer 12350,Kakinada,New
12351,Customer 12351,Vijayawada,VIP
12352,Customer 12352,Kurnool,Returning
12353,Customer 12353,Kakinada,VIP
12354,Customer 12354,Anantapur,Returning
12355,Customer 12355,Rajahmundry,New
12356,Customer 12356,Anantapur,VIP
12357,Customer 12357,Rajahmundry,Returning
12358,Customer 12358,Kurnool,Returning
12359,Customer 12359,Tirupati,Returning
12360,Customer 12360,Nellore,New
12361,Customer 12361,Nellore,Returning
12362,Customer 12362,Visakhapatnam,VIP
12363,Customer 12363,Tirupati,VIP
12364,Customer 12364,Anantapur,New
12365,Customer 12365,Ongole,VIP
12366,Customer 12366,Vijayawada,Returning
12367,Customer 12367,Kurnool,Returning
12368,Customer 12368,Tirupati,New
12369,Customer 12369,Kakinada,New
12370,Customer 12370,Ongole,VIP
12371,Customer 12371,Visakhapatnam,Returning
12372,Customer 12372,Kakinada,Returning
12373,Customer 12373,Guntur,VIP
12374,Customer 12374,Tirupati,VIP
12375,Customer 12375,Kakinada,Returning
12376,Customer 12376,Kakinada,VIP
12377,Customer 12377,Rajahmundry,New
12378,Customer 12378,Rajahmundry,VIP
12379,Customer 12379,Kurnool,VIP
12380,Customer 12380,Kurnool,VIP
12381,Customer 12381,Anantapur,VIP
12382,Customer 12382,Visakhapatnam,VIP
12383,Customer 12383,Guntur,New
12384,Customer 12384,Kurnool,VIP
12385,Customer 12385,Tirupati,Returning
12386,Customer 12386,Kakinada,VIP
12387,Customer 12387,Vijayawada,VIP
12388,Customer 12388,Anantapur,Returning
12389,Customer 12389,Anantapur,VIP
12390,Customer 12390,Visakhapatnam,New
12391,Customer 12391,Nellore,Returning
12392,Customer 12392,Kurnool,VIP
12393,Customer 12393,Kakinada,New
12394,Customer 12394,Kurnool,VIP
12395,Customer 12395,Tirupati,Returning
12396,Customer 12396,Tirupati,Returning
12397,Customer 12397,Tirupati,New
12398,Customer 12398,Vijayawada,VIP
12399,Customer 12399,Anantapur,VIP
12400,Customer 12400,Anantapur,New
12401,Customer 12401,Rajahmundry,New
12402,Customer 12402,Nellore,New
12403,Customer 12403,Kurnool,VIP
12404,Customer 12404,Nellore,VIP
12405,Customer 12405,Vijayawada,New
12406,Customer 12406,Tirupati,Returning
12407,Customer 12407,Kakinada,VIP
12408,Customer 12408,Guntur,New
12409,Customer 12409,Nellore,VIP
12410,Customer 12410,Nellore,VIP
12411,Customer 12411,Nellore,VIP
12412,Customer 12412,Kurnool,Returning
12413,Customer 12413,Guntur,New
12414,Customer 12414,Guntur,Returning
12415,Customer 12415,Tirupati,Returning
12416,Customer 12416,Nellore,Returning
12417,Customer 12417,Kurnool,New
12418,Customer 12418,Nellore,VIP
12419,Customer 12419,Anantapur,Returning
12420,Customer 12420,Nellore,VIP
12421,Customer 12421,Vijayawada,VIP
12422,Customer 12422,Vijayawada,VIP
12423,Customer 12423,Tirupati,VIP
12424,Customer 12424,Visakhapatnam,Returning
12425,Customer 12425,Kurnool,New
12426,Customer 12426,Anantapur,VIP
12427,Customer 12427,Anantapur,Returning
12428,Customer 12428,Anantapur,VIP
12429,Customer 12429,Rajahmundry,New
12430,Customer 12430,Nellore,VIP
12431,Customer 12431,Kakinada,Returning
12432,Customer 12432,Ongole,Returning
12433,Customer 12433,Kurnool,VIP
12434,Customer 12434,Rajahmundry,Returning
12435,Customer 12435,Tirupati,Returning
12436,Customer 12436,Ongole,Returning
12437,Customer 12437,Nellore,VIP
12438,Customer 12438,Visakhapatnam,New
12439,Customer 12439,Nellore,VIP
12440,Customer 12440,Ongole,VIP
12441,Customer 12441,Kurnool,Returning
12442,Customer 12442,Visakhapatnam,VIP
12443,Customer 12443,Ongole,Returning
12444,Customer 12444,Tirupati,Returning
12445,Customer 12445,Visakhapatnam,New
12446,Customer 12446,Kurnool,Returning
12447,Customer 12447,Visakhapatnam,Returning
12448,Customer 12448,Vijayawada,VIP
12449,Customer 12449,Rajahmundry,VIP
12450,Customer 12450,Kakinada,VIP
12451,Customer 12451,Kurnool,New
12452,Customer 12452,Vijayawada,VIP
12453,Customer 12453,Visakhapatnam,VIP
12454,Customer 12454,Visakhapatnam,Returning
12455,Customer 12455,Nellore,Returning
12456,Customer 12456,Tirupati,VIP
12457,Customer 12457,Nellore,New
12458,Customer 12458,Ongole,Returning
12459,Customer 12459,Kakinada,New
12460,Customer 12460,Tirupati,New
12461,Customer 12461,Guntur,Returning
12462,Customer 12462,Tirupati,VIP
12463,Customer 12463,Nellore,New
12464,Customer 12464,Vijayawada,Returning
12465,Customer 12465,Kurnool,Returning
12466,Customer 12466,Nellore,New
12467,Customer 12467,Guntur,VIP
12468,Customer 12468,Anantapur,Returning
12469,Customer 12469,Guntur,VIP
12470,Customer 12470,Rajahmundry,New
12471,Customer 12471,Ongole,Returning
12472,Customer 12472,Ongole,Returning
12473,Customer 12473,Nellore,Returning
12474,Customer 12474,Kakinada,VIP
12475,Customer 12475,Guntur,New
12476,Customer 12476,Tirupati,New
12477,Customer 12477,Ongole,New
12478,Customer 12478,Nellore,New
12479,Customer 12479,Rajahmundry,Returning
12480,Customer 12480,Vijayawada,New
12481,Customer 12481,Anantapur,VIP
12482,Customer 12482,Visakhapatnam,New
12483,Customer 12483,Anantapur,Returning
12484,Customer 12484,Nellore,New
12485,Customer 12485,Tirupati,New
12486,Customer 12486,Ongole,Returning
12487,Customer 12487,Tirupati,VIP
12488,Customer 12488,Rajahmundry,VIP
12489,Customer 12489,Nellore,Returning
12490,Customer 12490,Guntur,Returning
12491,Customer 12491,Ongole,VIP
12492,Customer 12492,Visakhapatnam,New
12493,Customer 12493,Nellore,New
12494,Customer 12494,Ongole,New
12495,Customer 12495,Visakhapatnam,New
12496,Customer 12496,Visakhapatnam,New
12497,Customer 12497,Rajahmundry,New
12498,Customer 12498,Visakhapatnam,VIP
12499,Customer 12499,Rajahmundry,VIP
12500,Customer 12500,Rajahmundry,VIP
12501,Customer 12501,Vijayawada,Returning
12502,Customer 12502,Guntur,VIP
12503,Customer 12503,Anantapur,Returning
12504,Customer 12504,Tirupati,New
12505,Customer 12505,Rajahmundry,VIP
12506,Customer 12506,Kakinada,VIP
12507,Customer 12507,Visakhapatnam,Returning
12508,Customer 12508,Visakhapatnam,Returning
12509,Customer 12509,Kakinada,VIP
12510,Customer 12510,Visakhapatnam,VIP
12511,Customer 12511,Rajahmundry,Returning
12512,Customer 12512,Nellore,Returning
12513,Customer 12513,Ongole,VIP
12514,Customer 12514,Visakhapatnam,Returning
12515,Customer 12515,Ongole,Returning
12516,Customer 12516,Tirupati,New
12517,Customer 12517,Kurnool,Returning
12518,Customer 12518,Anantapur,Returning
12519,Customer 12519,Kakinada,New
12520,Customer 12520,Nellore,New
12521,Customer 12521,Ongole,VIP
12522,Customer 12522,Rajahmundry,Returning
12523,Customer 12523,Anantapur,Returning
12524,Customer 12524,Rajahmundry,VIP
12525,Customer 12525,Vijayawada,New
12526,Customer 12526,Anantapur,VIP
12527,Customer 12527,Nellore,New
12528,Customer 12528,Kurnool,Returning
12529,Customer 12529,Kurnool,VIP
12530,Customer 12530,Guntur,VIP
12531,Customer 12531,Tirupati,New
12532,Customer 12532,Guntur,VIP
12533,Customer 12533,Rajahmundry,Returning
12534,Customer 12534,Guntur,VIP
12535,Customer 12535,Nellore,VIP
12536,Customer 12536,Guntur,Returning
12537,Customer 12537,Guntur,Returning
12538,Customer 12538,Kakinada,New
12539,Customer 12539,Anantapur,Returning
12540,Customer 12540,Kurnool,VIP
12541,Customer 12541,Ongole,VIP
12542,Customer 12542,Rajahmundry,Returning
12543,Customer 12543,Kurnool,New
12544,Customer 12544,Visakhapatnam,VIP
12545,Customer 12545,Kurnool,VIP
12546,Customer 12546,Kakinada,VIP
12547,Customer 12547,Vijayawada,Returning
12548,Customer 12548,Tirupati,VIP
12549,Customer 12549,Visakhapatnam,VIP
12550,Customer 12550,Rajahmundry,Returning
12551,Customer 12551,Anantapur,New
12552,Customer 12552,Anantapur,VIP
12553,Customer 12553,Kakinada,Returning
12554,Customer 12554,Anantapur,Returning
12555,Customer 12555,Tirupati,New
12556,Customer 12556,Kakinada,Returning
12557,Customer 12557,Rajahmundry,Returning
12558,Customer 12558,Guntur,Returning
12559,Customer 12559,Anantapur,Returning
12560,Customer 12560,Tirupati,New
12561,Customer 12561,Guntur,VIP
12562,Customer 12562,Kurnool,New
12563,Customer 12563,Kurnool,VIP
12564,Customer 12564,Guntur,VIP
12565,Customer 12565,Ongole,Returning
12566,Customer 12566,Ongole,New
12567,Customer 12567,Tirupati,New
12568,Customer 12568,Guntur,VIP
12569,Customer 12569,Rajahmundry,VIP
12570,Customer 12570,Anantapur,New
12571,Customer 12571,Guntur,New
12572,Customer 12572,Vijayawada,VIP
12573,Customer 12573,Guntur,VIP
12574,Customer 12574,Visakhapatnam,New
12575,Customer 12575,Nellore,VIP
12576,Customer 12576,Anantapur,Returning
12577,Customer 12577,Vijayawada,Returning
12578,Customer 12578,Tirupati,New
12579,Customer 12579,Kakinada,New
12580,Customer 12580,Ongole,Returning
12581,Customer 12581,Anantapur,New
12582,Customer 12582,Tirupati,New
12583,Customer 12583,Kakinada,Returning
12584,Customer 12584,Visakhapatnam,VIP
12585,Customer 12585,Nellore,VIP
12586,Customer 12586,Visakhapatnam,VIP
12587,Customer 12587,Nellore,New
12588,Customer 12588,Nellore,New
12589,Customer 12589,Kurnool,VIP
12590,Customer 12590,Anantapur,VIP
12591,Customer 12591,Rajahmundry,Returning
12592,Customer 12592,Kakinada,New
12593,Customer 12593,Kakinada,VIP
12594,Customer 12594,Anantapur,Returning
12595,Customer 12595,Nellore,New
12596,Customer 12596,Visakhapatnam,New
12597,Customer 12597,Visakhapatnam,New
12598,Customer 12598,Visakhapatnam,New
12599,Customer 12599,Kurnool,New
12600,Customer 12600,Ongole,New
12601,Customer 12601,Rajahmundry,Returning
12602,Customer 12602,Guntur,VIP
12603,Customer 12603,Anantapur,New
12604,Customer 12604,Tirupati,VIP
12605,Customer 12605,Ongole,New
12606,Customer 12606,Vijayawada,VIP
12607,Customer 12607,Anantapur,Returning
12608,Customer 12608,Anantapur,VIP
12609,Customer 12609,Anantapur,Returning
12610,Customer 12610,Nellore,Returning
12611,Customer 12611,Rajahmundry,Returning
12612,Customer 12612,Vijayawada,New
12613,Customer 12613,Nellore,Returning
12614,Customer 12614,Nellore,New
12615,Customer 12615,Anantapur,New
12616,Customer 12616,Tirupati,Returning
12617,Customer 12617,Guntur,Returning
12618,Customer 12618,Rajahmundry,Returning
12619,Customer 12619,Nellore,New
12620,Customer 12620,Kurnool,VIP
12621,Customer 12621,Kakinada,VIP
12622,Customer 12622,Kakinada,New
12623,Customer 12623,Nellore,Returning
12624,Customer 12624,Ongole,New
12625,Customer 12625,Tirupati,Returning
12626,Customer 12626,Nellore,New
12627,Customer 12627,Ongole,New
12628,Customer 12628,Kurnool,VIP
12629,Customer 12629,Anantapur,Returning
12630,Customer 12630,Tirupati,Returning
12631,Customer 12631,Kakinada,Returning
12632,Customer 12632,Vijayawada,New
12633,Customer 12633,Vijayawada,VIP
12634,Customer 12634,Nellore,Returning
12635,Customer 12635,Tirupati,VIP
12636,Customer 12636,Vijayawada,Returning
12637,Customer 12637,Anantapur,New
12638,Customer 12638,Rajahmundry,New
12639,Customer 12639,Anantapur,VIP
12640,Customer 12640,Anantapur,VIP
12641,Customer 12641,Ongole,New
12642,Customer 12642,Ongole,VIP
12643,Customer 12643,Kakinada,Returning
12644,Customer 12644,Guntur,Returning
12645,Customer 12645,Visakhapatnam,New
12646,Customer 12646,Anantapur,VIP
12647,Customer 12647,Kurnool,New
12648,Customer 12648,Ongole,Returning
12649,Customer 12649,Vijayawada,New
12650,Customer 12650,Nellore,New
12651,Customer 12651,Kurnool,Returning
12652,Customer 12652,Visakhapatnam,Returning
12653,Customer 12653,Kurnool,VIP
12654,Customer 12654,Kurnool,New
12655,Customer 12655,Tirupati,Returning
12656,Customer 12656,Anantapur,VIP
12657,Customer 12657,Visakhapatnam,Returning
12658,Customer 12658,Anantapur,VIP
12659,Customer 12659,Anantapur,New
12660,Customer 12660,Vijayawada,New
12661,Customer 12661,Rajahmundry,VIP
12662,Customer 12662,Kakinada,VIP
12663,Customer 12663,Tirupati,VIP
12664,Customer 12664,Rajahmundry,VIP
12665,Customer 12665,Kurnool,VIP
12666,Customer 12666,Tirupati,Returning
12667,Customer 12667,Kurnool,Returning
12668,Customer 12668,Nellore,VIP
12669,Customer 12669,Rajahmundry,Returning
12670,Customer 12670,Vijayawada,VIP
12671,Customer 12671,Visakhapatnam,VIP
12672,Customer 12672,Vijayawada,VIP
12673,Customer 12673,Nellore,New
12674,Customer 12674,Kurnool,Returning
12675,Customer 12675,Guntur,New
12676,Customer 12676,Tirupati,Returning
12677,Customer 12677,Ongole,Returning
12678,Customer 12678,Kakinada,VIP
12679,Customer 12679,Kakinada,Returning
12680,Customer 12680,Visakhapatnam,VIP
12681,Customer 12681,Anantapur,VIP
12682,Customer 12682,Kurnool,Returning
12683,Customer 12683,Tirupati,Returning
12684,Customer 12684,Guntur,Returning
12685,Customer 12685,Ongole,Returning
12686,Customer 12686,Visakhapatnam,Returning
12687,Customer 12687,Kurnool,VIP
12688,Customer 12688,Vijayawada,New
12689,Customer 12689,Kakinada,New
12690,Customer 12690,Vijayawada,New
12691,Customer 12691,Tirupati,VIP
12692,Customer 12692,Anantapur,New
12693,Customer 12693,Ongole,Returning
12694,Customer 12694,Kurnool,Returning
12695,Customer 12695,Guntur,VIP
12696,Customer 12696,Visakhapatnam,New
12697,Customer 12697,Nellore,New
12698,Customer 12698,Kakinada,New
12699,Customer 12699,Visakhapatnam,Returning
12700,Customer 12700,Kakinada,VIP
12701,Customer 12701,Nellore,New
12702,Customer 12702,Vijayawada,New
12703,Customer 12703,Rajahmundry,VIP
12704,Customer 12704,Tirupati,Returning
12705,Customer 12705,Kurnool,New
12706,Customer 12706,Vijayawada,Returning
12707,Customer 12707,Anantapur,VIP
12708,Customer 12708,Visakhapatnam,VIP
12709,Customer 12709,Vijayawada,Returning
12710,Customer 12710,Kurnool,New
12711,Customer 12711,Visakhapatnam,Returning
12712,Customer 12712,Guntur,Returning
12713,Customer 12713,Ongole,VIP
12714,Customer 12714,Rajahmundry,VIP
12715,Customer 12715,Visakhapatnam,VIP
12716,Customer 12716,Visakhapatnam,New
12717,Customer 12717,Vijayawada,Returning
12718,Customer 12718,Anantapur,Returning
12719,Customer 12719,Kakinada,Returning
12720,Customer 12720,Vijayawada,New
12721,Customer 12721,Kakinada,New
12722,Customer 12722,Anantapur,New
12723,Customer 12723,Anantapur,New
12724,Customer 12724,Vijayawada,New
12725,Customer 12725,Nellore,VIP
12726,Customer 12726,Rajahmundry,New
12727,Customer 12727,Tirupati,VIP
12728,Customer 12728,Kakinada,New
12729,Customer 12729,Nellore,Returning
12730,Customer 12730,Anantapur,New
12731,Customer 12731,Nellore,VIP
12732,Customer 12732,Ongole,New
12733,Customer 12733,Guntur,VIP
12734,Customer 12734,Kakinada,VIP
12735,Customer 12735,Visakhapatnam,VIP
12736,Customer 12736,Kakinada,New
12737,Customer 12737,Tirupati,VIP
12738,Customer 12738,Vijayawada,Returning
12739,Customer 12739,Rajahmundry,Returning
12740,Customer 12740,Guntur,Returning
12741,Customer 12741,Nellore,VIP
12742,Customer 12742,Ongole,VIP
12743,Customer 12743,Kurnool,VIP
12744,Customer 12744,Guntur,New
12745,Customer 12745,Ongole,VIP
12746,Customer 12746,Vijayawada,New
12747,Customer 12747,Nellore,Returning
12748,Customer 12748,Nellore,New
12749,Customer 12749,Nellore,New
12750,Customer 12750,Guntur,Returning
12751,Customer 12751,Tirupati,VIP
12752,Customer 12752,Vijayawada,New
12753,Customer 12753,Nellore,Returning
12754,Customer 12754,Guntur,New
12755,Customer 12755,Guntur,VIP
12756,Customer 12756,Vijayawada,New
12757,Customer 12757,Vijayawada,Returning
12758,Customer 12758,Anantapur,VIP
12759,Customer 12759,Tirupati,Returning
12760,Customer 12760,Kurnool,New
12761,Customer 12761,Ongole,New
12762,Customer 12762,Anantapur,Returning
12763,Customer 12763,Kakinada,Returning
12764,Customer 12764,Tirupati,Returning
12765,Customer 12765,Kakinada,New
12766,Customer 12766,Rajahmundry,VIP
12767,Customer 12767,Tirupati,New
12768,Customer 12768,Vijayawada,VIP
12769,Customer 12769,Tirupati,VIP
12770,Customer 12770,Visakhapatnam,Returning
12771,Customer 12771,Kurnool,New
12772,Customer 12772,Vijayawada,Returning
12773,Customer 12773,Ongole,Returning
12774,Customer 12774,Tirupati,New
12775,Customer 12775,Ongole,VIP
12776,Customer 12776,Vijayawada,New
12777,Customer 12777,Rajahmundry,VIP
12778,Customer 12778,Nellore,Returning
12779,Customer 12779,Ongole,New
12780,Customer 12780,Kurnool,New
12781,Customer 12781,Guntur,VIP
12782,Customer 12782,Anantapur,VIP
12783,Customer 12783,Tirupati,VIP
12784,Customer 12784,Nellore,Returning
12785,Customer 12785,Vijayawada,Returning
12786,Customer 12786,Kakinada,New
12787,Customer 12787,Rajahmundry,VIP
12788,Customer 12788,Kurnool,Returning
12789,Customer 12789,Kakinada,VIP
12790,Customer 12790,Anantapur,New
12791,Customer 12791,Kakinada,Returning
12792,Customer 12792,Tirupati,VIP
12793,Customer 12793,Vijayawada,VIP
12794,Customer 12794,Rajahmundry,New
12795,Customer 12795,Nellore,VIP
12796,Customer 12796,Kakinada,New
12797,Customer 12797,Kakinada,New
12798,Customer 12798,Vijayawada,New
12799,Customer 12799,Rajahmundry,Returning
12800,Customer 12800,Kurnool,New
12801,Customer 12801,Visakhapatnam,VIP
12802,Customer 12802,Guntur,VIP
12803,Customer 12803,Anantapur,New
12804,Customer 12804,Guntur,Returning
12805,Customer 12805,Nellore,VIP
12806,Customer 12806,Kakinada,VIP
12807,Customer 12807,Visakhapatnam,VIP
12808,Customer 12808,Ongole,New
12809,Customer 12809,Rajahmundry,New
12810,Customer 12810,Visakhapatnam,VIP
12811,Customer 12811,Ongole,New
12812,Customer 12812,Rajahmundry,Returning
12813,Customer 12813,Visakhapatnam,VIP
12814,Customer 12814,Ongole,New
12815,Customer 12815,Kurnool,VIP
12816,Customer 12816,Anantapur,VIP
12817,Customer 12817,Kurnool,New
12818,Customer 12818,Rajahmundry,Returning
12819,Customer 12819,Kurnool,New
12820,Customer 12820,Nellore,Returning
12821,Customer 12821,Kurnool,VIP
12822,Customer 12822,Tirupati,VIP
12823,Customer 12823,Nellore,Returning
12824,Customer 12824,Kakinada,Returning
12825,Customer 12825,Kakinada,VIP
12826,Customer 12826,Ongole,New
12827,Customer 12827,Visakhapatnam,New
12828,Customer 12828,Anantapur,VIP
12829,Customer 12829,Tirupati,VIP
12830,Customer 12830,Visakhapatnam,New
12831,Customer 12831,Kurnool,Returning
12832,Customer 12832,Kakinada,VIP
12833,Customer 12833,Visakhapatnam,Returning
12834,Customer 12834,Ongole,New
12835,Customer 12835,Rajahmundry,Returning
12836,Customer 12836,Kurnool,VIP
12837,Customer 12837,Kurnool,VIP
12838,Customer 12838,Kakinada,VIP
12839,Customer 12839,Kakinada,VIP
12840,Customer 12840,Tirupati,Returning
12841,Customer 12841,Kurnool,New
12842,Customer 12842,Vijayawada,VIP
12843,Customer 12843,Kurnool,VIP
12844,Customer 12844,Kurnool,VIP
12845,Customer 12845,Rajahmundry,New
12846,Customer 12846,Kurnool,New
12847,Customer 12847,Kakinada,New
12848,Customer 12848,Kakinada,Returning
12849,Customer 12849,Nellore,VIP
12850,Customer 12850,Tirupati,VIP
12851,Customer 12851,Ongole,VIP
12852,Customer 12852,Anantapur,Returning
12853,Customer 12853,Nellore,Returning
12854,Customer 12854,Ongole,Returning
12855,Customer 12855,Rajahmundry,Returning
12856,Customer 12856,Guntur,New
12857,Customer 12857,Nellore,New
12858,Customer 12858,Anantapur,VIP
12859,Customer 12859,Nellore,New
12860,Customer 12860,Kakinada,VIP
12861,Customer 12861,Visakhapatnam,Returning
12862,Customer 12862,Anantapur,New
12863,Customer 12863,Guntur,Returning
12864,Customer 12864,Tirupati,VIP
12865,Customer 12865,Ongole,VIP
12866,Customer 12866,Kakinada,New
12867,Customer 12867,Guntur,Returning
12868,Customer 12868,Ongole,New
12869,Customer 12869,Ongole,New
12870,Customer 12870,Visakhapatnam,New
12871,Customer 12871,Guntur,Returning
12872,Customer 12872,Tirupati,VIP
12873,Customer 12873,Tirupati,VIP
12874,Customer 12874,Tirupati,VIP
12875,Customer 12875,Anantapur,VIP
12876,Customer 12876,Visakhapatnam,VIP
12877,Customer 12877,Anantapur,New
12878,Customer 12878,Anantapur,Returning
12879,Customer 12879,Guntur,VIP
12880,Customer 12880,Anantapur,New
12881,Customer 12881,Guntur,VIP
12882,Customer 12882,Tirupati,VIP
12883,Customer 12883,Visakhapatnam,New
12884,Customer 12884,Anantapur,VIP
12885,Customer 12885,Rajahmundry,New
12886,Customer 12886,Tirupati,New
12887,Customer 12887,Kakinada,VIP
12888,Customer 12888,Rajahmundry,New
12889,Customer 12889,Ongole,Returning
12890,Customer 12890,Kakinada,Returning
12891,Customer 12891,Nellore,New
12892,Customer 12892,Guntur,New
12893,Customer 12893,Rajahmundry,Returning
12894,Customer 12894,Visakhapatnam,VIP
12895,Customer 12895,Kurnool,VIP
12896,Customer 12896,Rajahmundry,Returning
12897,Customer 12897,Anantapur,VIP
12898,Customer 12898,Tirupati,VIP
12899,Customer 12899,Kakinada,VIP
12900,Customer 12900,Ongole,Returning
12901,Customer 12901,Vijayawada,New
12902,Customer 12902,Nellore,VIP
12903,Customer 12903,Guntur,New
12904,Customer 12904,Kurnool,Returning
12905,Customer 12905,Kurnool,Returning
12906,Customer 12906,Kakinada,Returning
12907,Customer 12907,Ongole,Returning
12908,Customer 12908,Visakhapatnam,New
12909,Customer 12909,Ongole,VIP
12910,Customer 12910,Tirupati,Returning
12911,Customer 12911,Guntur,New
12912,Customer 12912,Anantapur,New
12913,Customer 12913,Nellore,Returning
12914,Customer 12914,Rajahmundry,New
12915,Customer 12915,Visakhapatnam,VIP
12916,Customer 12916,Kurnool,VIP
12917,Customer 12917,Tirupati,Returning
12918,Customer 12918,Guntur,VIP
12919,Customer 12919,Anantapur,New
12920,Customer 12920,Visakhapatnam,Returning
12921,Customer 12921,Anantapur,New
12922,Customer 12922,Ongole,VIP
12923,Customer 12923,Nellore,New
12924,Customer 12924,Kurnool,New
12925,Customer 12925,Ongole,New
12926,Customer 12926,Nellore,New
12927,Customer 12927,Tirupati,Returning
12928,Customer 12928,Guntur,New
12929,Customer 12929,Visakhapatnam,New
12930,Customer 12930,Nellore,Returning
12931,Customer 12931,Nellore,VIP
12932,Customer 12932,Anantapur,VIP
12933,Customer 12933,Anantapur,New
12934,Customer 12934,Rajahmundry,VIP
12935,Customer 12935,Kurnool,Returning
12936,Customer 12936,Tirupati,VIP
12937,Customer 12937,Guntur,New
12938,Customer 12938,Guntur,VIP
12939,Customer 12939,Ongole,VIP
12940,Customer 12940,Tirupati,VIP
12941,Customer 12941,Rajahmundry,Returning
12942,Customer 12942,Visakhapatnam,VIP
12943,Customer 12943,Ongole,Returning
12944,Customer 12944,Visakhapatnam,VIP
12945,Customer 12945,Rajahmundry,VIP
12946,Customer 12946,Vijayawada,Returning
12947,Customer 12947,Visakhapatnam,Returning
12948,Customer 12948,Vijayawada,New
12949,Customer 12949,Anantapur,VIP
12950,Customer 12950,Guntur,Returning
12951,Customer 12951,Guntur,New
12952,Customer 12952,Ongole,Returning
12953,Customer 12953,Vijayawada,VIP
12954,Customer 12954,Kurnool,VIP
12955,Customer 12955,Anantapur,Returning
12956,Customer 12956,Nellore,Returning
12957,Customer 12957,Kurnool,Returning
12958,Customer 12958,Vijayawada,New
12959,Customer 12959,Kurnool,VIP
12960,Customer 12960,Vijayawada,Returning
12961,Customer 12961,Vijayawada,VIP
12962,Customer 12962,Kurnool,Returning
12963,Customer 12963,Rajahmundry,New
12964,Customer 12964,Nellore,New
12965,Customer 12965,Vijayawada,Returning
12966,Customer 12966,Tirupati,VIP
12967,Customer 12967,Tirupati,VIP
12968,Customer 12968,Rajahmundry,Returning
12969,Customer 12969,Ongole,New
12970,Customer 12970,Nellore,VIP
12971,Customer 12971,Vijayawada,VIP
12972,Customer 12972,Kurnool,Returning
12973,Customer 12973,Guntur,New
12974,Customer 12974,Tirupati,New
12975,Customer 12975,Guntur,New
12976,Customer 12976,Kurnool,VIP
12977,Customer 12977,Guntur,VIP
12978,Customer 12978,Guntur,VIP
12979,Customer 12979,Rajahmundry,Returning
12980,Customer 12980,Anantapur,Returning
12981,Customer 12981,Kakinada,VIP
12982,Customer 12982,Rajahmundry,Returning
12983,Customer 12983,Tirupati,VIP
12984,Customer 12984,Tirupati,VIP
12985,Customer 12985,Nellore,VIP
12986,Customer 12986,Rajahmundry,VIP
12987,Customer 12987,Ongole,Returning
12988,Customer 12988,Rajahmundry,VIP
12989,Customer 12989,Vijayawada,Returning
12990,Customer 12990,Tirupati,VIP
12991,Customer 12991,Tirupati,New
12992,Customer 12992,Anantapur,New
12993,Customer 12993,Nellore,Returning
12994,Customer 12994,Vijayawada,VIP
12995,Customer 12995,Kurnool,VIP
12996,Customer 12996,Nellore,VIP
12997,Customer 12997,Visakhapatnam,Returning
12998,Customer 12998,Visakhapatnam,Returning
12999,Customer 12999,Vijayawada,VIP
13000,Customer 13000,Tirupati,Returning
13001,Customer 13001,Rajahmundry,VIP
13002,Customer 13002,Tirupati,Returning
13003,Customer 13003,Anantapur,New
13004,Customer 13004,Ongole,New
13005,Customer 13005,Anantapur,VIP
13006,Customer 13006,Kakinada,New
13007,Customer 13007,Guntur,VIP
13008,Customer 13008,Guntur,New
13009,Customer 13009,Ongole,Returning
13010,Customer 13010,Visakhapatnam,Returning
13011,Customer 13011,Guntur,New
13012,Customer 13012,Ongole,New
13013,Customer 13013,Rajahmundry,Returning
13014,Customer 13014,Guntur,New
13015,Customer 13015,Tirupati,Returning
13016,Customer 13016,Rajahmundry,New
13017,Customer 13017,Vijayawada,New
13018,Customer 13018,Anantapur,New
13019,Customer 13019,Kurnool,VIP
13020,Customer 13020,Tirupati,New
13021,Customer 13021,Ongole,VIP
13022,Customer 13022,Vijayawada,Returning
13023,Customer 13023,Visakhapatnam,Returning
13024,Customer 13024,Guntur,VIP
13025,Customer 13025,Ongole,Returning
13026,Customer 13026,Nellore,New
13027,Customer 13027,Visakhapatnam,VIP
13028,Customer 13028,Guntur,New
13029,Customer 13029,Ongole,Returning
13030,Customer 13030,Nellore,Returning
13031,Customer 13031,Rajahmundry,Returning
13032,Customer 13032,Tirupati,Returning
13033,Customer 13033,Nellore,New
13034,Customer 13034,Tirupati,New
13035,Customer 13035,Guntur,Returning
13036,Customer 13036,Tirupati,VIP
13037,Customer 13037,Kurnool,New
13038,Customer 13038,Vijayawada,VIP
13039,Customer 13039,Kakinada,Returning
13040,Customer 13040,Kurnool,VIP
13041,Customer 13041,Nellore,Returning
13042,Customer 13042,Nellore,New
13043,Customer 13043,Nellore,New
13044,Customer 13044,Kakinada,VIP
13045,Customer 13045,Visakhapatnam,Returning
13046,Customer 13046,Anantapur,New
13047,Customer 13047,Vijayawada,VIP
13048,Customer 13048,Guntur,VIP
13049,Customer 13049,Anantapur,VIP
13050,Customer 13050,Anantapur,New
13051,Customer 13051,Ongole,VIP
13052,Customer 13052,Guntur,Returning
13053,Customer 13053,Rajahmundry,VIP
13054,Customer 13054,Visakhapatnam,VIP
13055,Customer 13055,Anantapur,Returning
13056,Customer 13056,Kurnool,VIP
13057,Customer 13057,Kakinada,VIP
13058,Customer 13058,Tirupati,VIP
13059,Customer 13059,Visakhapatnam,Returning
13060,Customer 13060,Kakinada,New
13061,Customer 13061,Kakinada,VIP
13062,Customer 13062,Rajahmundry,VIP
13063,Customer 13063,Guntur,VIP
13064,Customer 13064,Ongole,VIP
13065,Customer 13065,Kakinada,New
13066,Customer 13066,Anantapur,New
13067,Customer 13067,Nellore,New
13068,Customer 13068,Visakhapatnam,Returning
13069,Customer 13069,Nellore,Returning
13070,Customer 13070,Kakinada,Returning
13071,Customer 13071,Guntur,New
13072,Customer 13072,Tirupati,VIP
13073,Customer 13073,Nellore,Returning
13074,Customer 13074,Tirupati,VIP
13075,Customer 13075,Vijayawada,Returning
13076,Customer 13076,Vijayawada,VIP
13077,Customer 13077,Nellore,VIP
13078,Customer 13078,Guntur,New
13079,Customer 13079,Anantapur,Returning
13080,Customer 13080,Tirupati,Returning
13081,Customer 13081,Vijayawada,Returning
13082,Customer 13082,Ongole,Returning
13083,Customer 13083,Ongole,VIP
13084,Customer 13084,Anantapur,Returning
13085,Customer 13085,Tirupati,Returning
13086,Customer 13086,Vijayawada,Returning
13087,Customer 13087,Anantapur,New
13088,Customer 13088,Guntur,New
13089,Customer 13089,Kurnool,Returning
13090,Customer 13090,Kurnool,New
13091,Customer 13091,Rajahmundry,Returning
13092,Customer 13092,Rajahmundry,Returning
13093,Customer 13093,Kakinada,New
13094,Customer 13094,Vijayawada,Returning
13095,Customer 13095,Guntur,VIP
13096,Customer 13096,Ongole,VIP
13097,Customer 13097,Ongole,VIP
13098,Customer 13098,Ongole,New
13099,Customer 13099,Vijayawada,VIP
13100,Customer 13100,Rajahmundry,VIP
13101,Customer 13101,Tirupati,New
13102,Customer 13102,Anantapur,VIP
13103,Customer 13103,Tirupati,New
13104,Customer 13104,Kakinada,New
13105,Customer 13105,Rajahmundry,New
13106,Customer 13106,Tirupati,Returning
13107,Customer 13107,Guntur,New
13108,Customer 13108,Visakhapatnam,New
13109,Customer 13109,Anantapur,New
13110,Customer 13110,Kurnool,New
13111,Customer 13111,Rajahmundry,Returning
13112,Customer 13112,Guntur,VIP
13113,Customer 13113,Ongole,Returning
13114,Customer 13114,Vijayawada,Returning
13115,Customer 13115,Rajahmundry,New
13116,Customer 13116,Vijayawada,VIP
13117,Customer 13117,Kurnool,VIP
13118,Customer 13118,Visakhapatnam,VIP
13119,Customer 13119,Guntur,VIP
13120,Customer 13120,Ongole,Returning
13121,Customer 13121,Ongole,New
13122,Customer 13122,Nellore,VIP
13123,Customer 13123,Visakhapatnam,VIP
13124,Customer 13124,Anantapur,New
13125,Customer 13125,Vijayawada,Returning
13126,Customer 13126,Kurnool,New
13127,Customer 13127,Kakinada,VIP
13128,Customer 13128,Visakhapatnam,New
13129,Customer 13129,Nellore,Returning
13130,Customer 13130,Rajahmundry,VIP
13131,Customer 13131,Kurnool,VIP
13132,Customer 13132,Vijayawada,Returning
13133,Customer 13133,Kurnool,Returning
13134,Customer 13134,Kakinada,Returning
13135,Customer 13135,Rajahmundry,VIP
13136,Customer 13136,Kakinada,New
13137,Customer 13137,Kurnool,New
13138,Customer 13138,Rajahmundry,Returning
13139,Customer 13139,Visakhapatnam,VIP
13140,Customer 13140,Kakinada,Returning
13141,Customer 13141,Anantapur,VIP
13142,Customer 13142,Kurnool,Returning
13143,Customer 13143,Kakinada,VIP
13144,Customer 13144,Tirupati,New
13145,Customer 13145,Vijayawada,VIP
13146,Customer 13146,Anantapur,Returning
13147,Customer 13147,Kurnool,VIP
13148,Customer 13148,Anantapur,Returning
13149,Customer 13149,Rajahmundry,Returning
13150,Customer 13150,Visakhapatnam,Returning
13151,Customer 13151,Ongole,VIP
13152,Customer 13152,Kurnool,New
13153,Customer 13153,Ongole,VIP
13154,Customer 13154,Nellore,New
13155,Customer 13155,Kurnool,VIP
13156,Customer 13156,Rajahmundry,New
13157,Customer 13157,Kurnool,New
13158,Customer 13158,Rajahmundry,Returning
13159,Customer 13159,Anantapur,New
13160,Customer 13160,Nellore,New
13161,Customer 13161,Ongole,Returning
13162,Customer 13162,Kurnool,New
13163,Customer 13163,Vijayawada,New
13164,Customer 13164,Kakinada,Returning
13165,Customer 13165,Kurnool,VIP
13166,Customer 13166,Anantapur,New
13167,Customer 13167,Tirupati,New
13168,Customer 13168,Tirupati,New
13169,Customer 13169,Guntur,New
13170,Customer 13170,Kakinada,Returning
13171,Customer 13171,Visakhapatnam,VIP
13172,Customer 13172,Nellore,Returning
13173,Customer 13173,Visakhapatnam,Returning
13174,Customer 13174,Vijayawada,Returning
13175,Customer 13175,Kurnool,VIP
13176,Customer 13176,Kurnool,VIP
13177,Customer 13177,Visakhapatnam,New
13178,Customer 13178,Vijayawada,Returning
13179,Customer 13179,Ongole,New
13180,Customer 13180,Nellore,New
13181,Customer 13181,Ongole,Returning
13182,Customer 13182,Rajahmundry,New
13183,Customer 13183,Ongole,Returning
13184,Customer 13184,Vijayawada,New
13185,Customer 13185,Nellore,VIP
13186,Customer 13186,Anantapur,New
13187,Customer 13187,Nellore,VIP
13188,Customer 13188,Anantapur,Returning
13189,Customer 13189,Guntur,VIP
13190,Customer 13190,Nellore,New
13191,Customer 13191,Ongole,VIP
13192,Customer 13192,Anantapur,New
13193,Customer 13193,Nellore,VIP
13194,Customer 13194,Guntur,VIP
13195,Customer 13195,Ongole,Returning
13196,Customer 13196,Guntur,Returning
13197,Customer 13197,Ongole,Returning
13198,Customer 13198,Visakhapatnam,VIP
13199,Customer 13199,Tirupati,New
13200,Customer 13200,Visakhapatnam,New
13201,Customer 13201,Guntur,Returning
13202,Customer 13202,Rajahmundry,Returning
13203,Customer 13203,Nellore,New
13204,Customer 13204,Guntur,VIP
13205,Customer 13205,Visakhapatnam,New
13206,Customer 13206,Tirupati,VIP
13207,Customer 13207,Tirupati,New
13208,Customer 13208,Vijayawada,Returning
13209,Customer 13209,Visakhapatnam,Returning
13210,Customer 13210,Ongole,New
13211,Customer 13211,Kurnool,Returning
13212,Customer 13212,Kakinada,VIP
13213,Customer 13213,Vijayawada,VIP
13214,Customer 13214,Rajahmundry,VIP
13215,Customer 13215,Rajahmundry,New
13216,Customer 13216,Kakinada,New
13217,Customer 13217,Tirupati,VIP
13218,Customer 13218,Tirupati,New
13219,Customer 13219,Anantapur,New
13220,Customer 13220,Vijayawada,New
13221,Customer 13221,Anantapur,Returning
13222,Customer 13222,Ongole,New
13223,Customer 13223,Kurnool,New
13224,Customer 13224,Rajahmundry,Returning
13225,Customer 13225,Rajahmundry,New
13226,Customer 13226,Vijayawada,Returning
13227,Customer 13227,Vijayawada,Returning
13228,Customer 13228,Kurnool,VIP
13229,Customer 13229,Tirupati,VIP
13230,Customer 13230,Rajahmundry,VIP
13231,Customer 13231,Guntur,VIP
13232,Customer 13232,Guntur,New
13233,Customer 13233,Visakhapatnam,New
13234,Customer 13234,Nellore,VIP
13235,Customer 13235,Kurnool,Returning
13236,Customer 13236,Guntur,Returning
13237,Customer 13237,Tirupati,Returning
13238,Customer 13238,Kurnool,New
13239,Customer 13239,Guntur,New
13240,Customer 13240,Anantapur,Returning
13241,Customer 13241,Vijayawada,Returning
13242,Customer 13242,Rajahmundry,Returning
13243,Customer 13243,Kurnool,Returning
13244,Customer 13244,Visakhapatnam,VIP
13245,Customer 13245,Rajahmundry,VIP
13246,Customer 13246,Nellore,VIP
13247,Customer 13247,Kurnool,Returning
13248,Customer 13248,Guntur,New
13249,Customer 13249,Vijayawada,Returning
13250,Customer 13250,Vijayawada,New
13251,Customer 13251,Tirupati,VIP
13252,Customer 13252,Anantapur,Returning
13253,Customer 13253,Rajahmundry,Returning
13254,Customer 13254,Tirupati,New
13255,Customer 13255,Visakhapatnam,Returning
13256,Customer 13256,Ongole,VIP
13257,Customer 13257,Tirupati,New
13258,Customer 13258,Nellore,VIP
13259,Customer 13259,Nellore,New
13260,Customer 13260,Kakinada,New
13261,Customer 13261,Guntur,New
13262,Customer 13262,Anantapur,New
13263,Customer 13263,Tirupati,VIP
13264,Customer 13264,Vijayawada,New
13265,Customer 13265,Tirupati,New
13266,Customer 13266,Rajahmundry,New
13267,Customer 13267,Rajahmundry,VIP
13268,Customer 13268,Tirupati,New
13269,Customer 13269,Ongole,Returning
13270,Customer 13270,Guntur,New
13271,Customer 13271,Nellore,Returning
13272,Customer 13272,Kakinada,New
13273,Customer 13273,Vijayawada,Returning
13274,Customer 13274,Guntur,Returning
13275,Customer 13275,Kakinada,Returning
13276,Customer 13276,Ongole,VIP
13277,Customer 13277,Ongole,VIP
13278,Customer 13278,Anantapur,VIP
13279,Customer 13279,Ongole,VIP
13280,Customer 13280,Guntur,VIP
13281,Customer 13281,Anantapur,New
13282,Customer 13282,Rajahmundry,VIP
13283,Customer 13283,Guntur,New
13284,Customer 13284,Ongole,Returning
13285,Customer 13285,Visakhapatnam,Returning
13286,Customer 13286,Kurnool,Returning
13287,Customer 13287,Visakhapatnam,Returning
13288,Customer 13288,Rajahmundry,VIP
13289,Customer 13289,Rajahmundry,VIP
13290,Customer 13290,Kurnool,Returning
13291,Customer 13291,Vijayawada,New
13292,Customer 13292,Kurnool,VIP
13293,Customer 13293,Kakinada,Returning
13294,Customer 13294,Anantapur,New
13295,Customer 13295,Guntur,Returning
13296,Customer 13296,Rajahmundry,Returning
13297,Customer 13297,Kurnool,New
13298,Customer 13298,Kurnool,VIP
13299,Customer 13299,Tirupati,Returning
13300,Customer 13300,Vijayawada,Returning
13301,Customer 13301,Ongole,Returning
13302,Customer 13302,Guntur,New
13303,Customer 13303,Tirupati,VIP
13304,Customer 13304,Kurnool,Returning
13305,Customer 13305,Vijayawada,New
13306,Customer 13306,Kurnool,VIP
13307,Customer 13307,Visakhapatnam,VIP
13308,Customer 13308,Visakhapatnam,Returning
13309,Customer 13309,Rajahmundry,New
13310,Customer 13310,Anantapur,VIP
13311,Customer 13311,Kurnool,New
13312,Customer 13312,Rajahmundry,Returning
13313,Customer 13313,Kurnool,Returning
13314,Customer 13314,Anantapur,Returning
13315,Customer 13315,Ongole,New
13316,Customer 13316,Anantapur,VIP
13317,Customer 13317,Kurnool,VIP
13318,Customer 13318,Nellore,Returning
13319,Customer 13319,Nellore,New
13320,Customer 13320,Ongole,Returning
13321,Customer 13321,Guntur,VIP
13322,Customer 13322,Tirupati,VIP
13323,Customer 13323,Kakinada,Returning
13324,Customer 13324,Kurnool,Returning
13325,Customer 13325,Visakhapatnam,Returning
13326,Customer 13326,Anantapur,VIP
13327,Customer 13327,Tirupati,VIP
13328,Customer 13328,Kakinada,New
13329,Customer 13329,Tirupati,VIP
13330,Customer 13330,Vijayawada,New
13331,Customer 13331,Guntur,Returning
13332,Customer 13332,Visakhapatnam,VIP
13333,Customer 13333,Ongole,New
13334,Customer 13334,Rajahmundry,VIP
13335,Customer 13335,Vijayawada,New
13336,Customer 13336,Guntur,VIP
13337,Customer 13337,Guntur,Returning
13338,Customer 13338,Visakhapatnam,New
13339,Customer 13339,Nellore,Returning
13340,Customer 13340,Anantapur,VIP
13341,Customer 13341,Vijayawada,Returning
13342,Customer 13342,Rajahmundry,VIP
13343,Customer 13343,Vijayawada,Returning
13344,Customer 13344,Nellore,Returning
13345,Customer 13345,Visakhapatnam,New
13346,Customer 13346,Kakinada,VIP
13347,Customer 13347,Vijayawada,VIP
13348,Customer 13348,Guntur,Returning
13349,Customer 13349,Vijayawada,Returning
13350,Customer 13350,Tirupati,New
13351,Customer 13351,Kakinada,VIP
13352,Customer 13352,Guntur,Returning
13353,Customer 13353,Nellore,VIP
13354,Customer 13354,Rajahmundry,New
13355,Customer 13355,Rajahmundry,Returning
13356,Customer 13356,Tirupati,VIP
13357,Customer 13357,Vijayawada,VIP
13358,Customer 13358,Rajahmundry,New
13359,Customer 13359,Vijayawada,Returning
13360,Customer 13360,Guntur,New
13361,Customer 13361,Anantapur,VIP
13362,Customer 13362,Visakhapatnam,VIP
13363,Customer 13363,Nellore,New
13364,Customer 13364,Nellore,VIP
13365,Customer 13365,Vijayawada,VIP
13366,Customer 13366,Kurnool,New
13367,Customer 13367,Vijayawada,VIP
13368,Customer 13368,Kurnool,Returning
13369,Customer 13369,Visakhapatnam,VIP
13370,Customer 13370,Vijayawada,VIP
13371,Customer 13371,Tirupati,Returning
13372,Customer 13372,Nellore,VIP
13373,Customer 13373,Kakinada,New
13374,Customer 13374,Tirupati,New
13375,Customer 13375,Anantapur,Returning
13376,Customer 13376,Anantapur,New
13377,Customer 13377,Guntur,VIP
13378,Customer 13378,Rajahmundry,VIP
13379,Customer 13379,Vijayawada,Returning
13380,Customer 13380,Rajahmundry,VIP
13381,Customer 13381,Kakinada,Returning
13382,Customer 13382,Kakinada,Returning
13383,Customer 13383,Anantapur,VIP
13384,Customer 13384,Guntur,Returning
13385,Customer 13385,Anantapur,Returning
13386,Customer 13386,Guntur,New
13387,Customer 13387,Kakinada,VIP
13388,Customer 13388,Vijayawada,New
13389,Customer 13389,Anantapur,VIP
13390,Customer 13390,Nellore,Returning
13391,Customer 13391,Kakinada,VIP
13392,Customer 13392,Vijayawada,VIP
13393,Customer 13393,Nellore,VIP
13394,Customer 13394,Guntur,New
13395,Customer 13395,Visakhapatnam,New
13396,Customer 13396,Ongole,New
13397,Customer 13397,Vijayawada,Returning
13398,Customer 13398,Guntur,New
13399,Customer 13399,Rajahmundry,VIP
13400,Customer 13400,Tirupati,Returning
13401,Customer 13401,Ongole,VIP
13402,Customer 13402,Kurnool,VIP
13403,Customer 13403,Guntur,Returning
13404,Customer 13404,Rajahmundry,New
13405,Customer 13405,Anantapur,New
13406,Customer 13406,Guntur,VIP
13407,Customer 13407,Rajahmundry,New
13408,Customer 13408,Kurnool,VIP
13409,Customer 13409,Guntur,New
13410,Customer 13410,Visakhapatnam,Returning
13411,Customer 13411,Anantapur,VIP
13412,Customer 13412,Tirupati,New
13413,Customer 13413,Guntur,New
13414,Customer 13414,Guntur,Returning
13415,Customer 13415,Vijayawada,New
13416,Customer 13416,Anantapur,New
13417,Customer 13417,Kurnool,VIP
13418,Customer 13418,Visakhapatnam,VIP
13419,Customer 13419,Ongole,VIP
13420,Customer 13420,Kakinada,New
13421,Customer 13421,Nellore,Returning
13422,Customer 13422,Kakinada,VIP
13423,Customer 13423,Vijayawada,VIP
13424,Customer 13424,Kurnool,Returning
13425,Customer 13425,Tirupati,VIP
13426,Customer 13426,Guntur,VIP
13427,Customer 13427,Rajahmundry,New
13428,Customer 13428,Vijayawada,Returning
13429,Customer 13429,Rajahmundry,Returning
13430,Customer 13430,Anantapur,VIP
13431,Customer 13431,Tirupati,Returning
13432,Customer 13432,Nellore,VIP
13433,Customer 13433,Nellore,VIP
13434,Customer 13434,Vijayawada,VIP
13435,Customer 13435,Guntur,VIP
13436,Customer 13436,Tirupati,Returning
13437,Customer 13437,Nellore,New
13438,Customer 13438,Kurnool,Returning
13439,Customer 13439,Kakinada,New
13440,Customer 13440,Visakhapatnam,New
13441,Customer 13441,Nellore,Returning
13442,Customer 13442,Guntur,Returning
13443,Customer 13443,Visakhapatnam,Returning
13444,Customer 13444,Kurnool,Returning
13445,Customer 13445,Ongole,Returning
13446,Customer 13446,Vijayawada,Returning
13447,Customer 13447,Ongole,Returning
13448,Customer 13448,Rajahmundry,New
13449,Customer 13449,Vijayawada,Returning
13450,Customer 13450,Guntur,Returning
13451,Customer 13451,Ongole,VIP
13452,Customer 13452,Nellore,VIP
13453,Customer 13453,Kakinada,Returning
13454,Customer 13454,Kakinada,VIP
13455,Customer 13455,Kurnool,Returning
13456,Customer 13456,Anantapur,New
13457,Customer 13457,Kakinada,VIP
13458,Customer 13458,Vijayawada,VIP
13459,Customer 13459,Guntur,VIP
13460,Customer 13460,Visakhapatnam,VIP
13461,Customer 13461,Anantapur,Returning
13462,Customer 13462,Ongole,VIP
13463,Customer 13463,Kakinada,Returning
13464,Customer 13464,Rajahmundry,VIP
13465,Customer 13465,Guntur,VIP
13466,Customer 13466,Kakinada,Returning
13467,Customer 13467,Ongole,Returning
13468,Customer 13468,Rajahmundry,New
13469,Customer 13469,Ongole,VIP
13470,Customer 13470,Guntur,Returning
13471,Customer 13471,Anantapur,VIP
13472,Customer 13472,Vijayawada,VIP
13473,Customer 13473,Anantapur,Returning
13474,Customer 13474,Guntur,VIP
13475,Customer 13475,Rajahmundry,Returning
13476,Customer 13476,Rajahmundry,New
13477,Customer 13477,Kurnool,New
13478,Customer 13478,Kakinada,Returning
13479,Customer 13479,Visakhapatnam,VIP
13480,Customer 13480,Tirupati,Returning
13481,Customer 13481,Nellore,Returning
13482,Customer 13482,Guntur,Returning
13483,Customer 13483,Kakinada,New
13484,Customer 13484,Anantapur,New
13485,Customer 13485,Tirupati,VIP
13486,Customer 13486,Vijayawada,VIP
13487,Customer 13487,Ongole,VIP
13488,Customer 13488,Visakhapatnam,VIP
13489,Customer 13489,Anantapur,New
13490,Customer 13490,Visakhapatnam,Returning
13491,Customer 13491,Ongole,VIP
13492,Customer 13492,Tirupati,New
13493,Customer 13493,Visakhapatnam,Returning
13494,Customer 13494,Rajahmundry,VIP
13495,Customer 13495,Guntur,Returning
13496,Customer 13496,Vijayawada,Returning
13497,Customer 13497,Nellore,New
13498,Customer 13498,Anantapur,VIP
13499,Customer 13499,Guntur,Returning
13500,Customer 13500,Kurnool,New
13501,Customer 13501,Visakhapatnam,New
13502,Customer 13502,Visakhapatnam,New
13503,Customer 13503,Vijayawada,New
13504,Customer 13504,Vijayawada,New
13505,Customer 13505,Kakinada,Returning
13506,Customer 13506,Kakinada,VIP
13507,Customer 13507,Rajahmundry,VIP
13508,Customer 13508,Anantapur,Returning
13509,Customer 13509,Rajahmundry,VIP
13510,Customer 13510,Visakhapatnam,New
13511,Customer 13511,Kakinada,VIP
13512,Customer 13512,Rajahmundry,VIP
13513,Customer 13513,Kurnool,Returning
13514,Customer 13514,Visakhapatnam,VIP
13515,Customer 13515,Guntur,VIP
13516,Customer 13516,Ongole,VIP
13517,Customer 13517,Tirupati,New
13518,Customer 13518,Rajahmundry,Returning
13519,Customer 13519,Rajahmundry,Returning
13520,Customer 13520,Anantapur,New
13521,Customer 13521,Ongole,New
13522,Customer 13522,Rajahmundry,VIP
13523,Customer 13523,Visakhapatnam,Returning
13524,Customer 13524,Vijayawada,New
13525,Customer 13525,Kakinada,New
13526,Customer 13526,Tirupati,New
13527,Customer 13527,Anantapur,Returning
13528,Customer 13528,Visakhapatnam,New
13529,Customer 13529,Guntur,VIP
13530,Customer 13530,Ongole,Returning
13531,Customer 13531,Guntur,Returning
13532,Customer 13532,Nellore,VIP
13533,Customer 13533,Tirupati,Returning
13534,Customer 13534,Anantapur,Returning
13535,Customer 13535,Vijayawada,Returning
13536,Customer 13536,Tirupati,Returning
13537,Customer 13537,Nellore,VIP
13538,Customer 13538,Vijayawada,Returning
13539,Customer 13539,Tirupati,VIP
13540,Customer 13540,Visakhapatnam,New
13541,Customer 13541,Nellore,VIP
13542,Customer 13542,Nellore,VIP
13543,Customer 13543,Tirupati,VIP
13544,Customer 13544,Kakinada,Returning
13545,Customer 13545,Nellore,New
13546,Customer 13546,Tirupati,New
13547,Customer 13547,Guntur,New
13548,Customer 13548,Kakinada,VIP
13549,Customer 13549,Visakhapatnam,New
13550,Customer 13550,Guntur,VIP
13551,Customer 13551,Kakinada,Returning
13552,Customer 13552,Kurnool,VIP
13553,Customer 13553,Ongole,VIP
13554,Customer 13554,Rajahmundry,New
13555,Customer 13555,Tirupati,Returning
13556,Customer 13556,Kakinada,New
13557,Customer 13557,Ongole,Returning
13558,Customer 13558,Tirupati,Returning
13559,Customer 13559,Kakinada,VIP
13560,Customer 13560,Nellore,Returning
13561,Customer 13561,Kakinada,VIP
13562,Customer 13562,Vijayawada,New
13563,Customer 13563,Ongole,New
13564,Customer 13564,Kurnool,New
13565,Customer 13565,Ongole,Returning
13566,Customer 13566,Kurnool,Returning
13567,Customer 13567,Anantapur,Returning
13568,Customer 13568,Rajahmundry,New
13569,Customer 13569,Kakinada,Returning
13570,Customer 13570,Tirupati,VIP
13571,Customer 13571,Visakhapatnam,VIP
13572,Customer 13572,Vijayawada,Returning
13573,Customer 13573,Kurnool,New
13574,Customer 13574,Kurnool,Returning
13575,Customer 13575,Kurnool,New
13576,Customer 13576,Anantapur,New
13577,Customer 13577,Guntur,New
13578,Customer 13578,Kurnool,Returning
13579,Customer 13579,Guntur,VIP
13580,Customer 13580,Tirupati,Returning
13581,Customer 13581,Kakinada,New
13582,Customer 13582,Anantapur,New
13583,Customer 13583,Guntur,VIP
13584,Customer 13584,Ongole,New
13585,Customer 13585,Visakhapatnam,New
13586,Customer 13586,Nellore,Returning
13587,Customer 13587,Anantapur,Returning
13588,Customer 13588,Rajahmundry,VIP
13589,Customer 13589,Nellore,VIP
13590,Customer 13590,Anantapur,New
13591,Customer 13591,Guntur,New
13592,Customer 13592,Kurnool,VIP
13593,Customer 13593,Kakinada,Returning
13594,Customer 13594,Kakinada,New
13595,Customer 13595,Guntur,VIP
13596,Customer 13596,Visakhapatnam,Returning
13597,Customer 13597,Nellore,VIP
13598,Customer 13598,Tirupati,New
13599,Customer 13599,Ongole,VIP
13600,Customer 13600,Nellore,VIP
13601,Customer 13601,Rajahmundry,VIP
13602,Customer 13602,Vijayawada,New
13603,Customer 13603,Guntur,Returning
13604,Customer 13604,Nellore,New
13605,Customer 13605,Nellore,Returning
13606,Customer 13606,Vijayawada,VIP
13607,Customer 13607,Rajahmundry,VIP
13608,Customer 13608,Kakinada,Returning
13609,Customer 13609,Visakhapatnam,VIP
13610,Customer 13610,Anantapur,Returning
13611,Customer 13611,Nellore,Returning
13612,Customer 13612,Nellore,New
13613,Customer 13613,Kurnool,New
13614,Customer 13614,Anantapur,VIP
13615,Customer 13615,Rajahmundry,New
13616,Customer 13616,Guntur,Returning
13617,Customer 13617,Ongole,VIP
13618,Customer 13618,Kurnool,New
13619,Customer 13619,Visakhapatnam,New
13620,Customer 13620,Nellore,VIP
13621,Customer 13621,Tirupati,Returning
13622,Customer 13622,Rajahmundry,Returning
13623,Customer 13623,Tirupati,Returning
13624,Customer 13624,Rajahmundry,New
13625,Customer 13625,Vijayawada,Returning
13626,Customer 13626,Anantapur,New
13627,Customer 13627,Nellore,VIP
13628,Customer 13628,Rajahmundry,Returning
13629,Customer 13629,Kurnool,VIP
13630,Customer 13630,Visakhapatnam,VIP
13631,Customer 13631,Nellore,Returning
13632,Customer 13632,Rajahmundry,Returning
13633,Customer 13633,Nellore,VIP
13634,Customer 13634,Tirupati,VIP
13635,Customer 13635,Rajahmundry,Returning
13636,Customer 13636,Vijayawada,Returning
13637,Customer 13637,Anantapur,New
13638,Customer 13638,Visakhapatnam,New
13639,Customer 13639,Visakhapatnam,New
13640,Customer 13640,Kakinada,VIP
13641,Customer 13641,Vijayawada,VIP
13642,Customer 13642,Ongole,VIP
13643,Customer 13643,Vijayawada,VIP
13644,Customer 13644,Visakhapatnam,Returning
13645,Customer 13645,Ongole,VIP
13646,Customer 13646,Anantapur,Returning
13647,Customer 13647,Vijayawada,Returning
13648,Customer 13648,Kurnool,New
13649,Customer 13649,Visakhapatnam,VIP
13650,Customer 13650,Guntur,Returning
13651,Customer 13651,Vijayawada,New
13652,Customer 13652,Vijayawada,Returning
13653,Customer 13653,Tirupati,VIP
13654,Customer 13654,Rajahmundry,Returning
13655,Customer 13655,Nellore,New
13656,Customer 13656,Visakhapatnam,Returning
13657,Customer 13657,Anantapur,VIP
13658,Customer 13658,Rajahmundry,New
13659,Customer 13659,Nellore,New
13660,Customer 13660,Vijayawada,VIP
13661,Customer 13661,Rajahmundry,New
13662,Customer 13662,Rajahmundry,Returning
13663,Customer 13663,Vijayawada,Returning
13664,Customer 13664,Ongole,VIP
13665,Customer 13665,Rajahmundry,New
13666,Customer 13666,Anantapur,Returning
13667,Customer 13667,Anantapur,Returning
13668,Customer 13668,Tirupati,VIP
13669,Customer 13669,Anantapur,VIP
13670,Customer 13670,Anantapur,VIP
13671,Customer 13671,Ongole,VIP
13672,Customer 13672,Visakhapatnam,New
13673,Customer 13673,Nellore,New
13674,Customer 13674,Vijayawada,Returning
13675,Customer 13675,Kakinada,VIP
13676,Customer 13676,Rajahmundry,Returning
13677,Customer 13677,Anantapur,Returning
13678,Customer 13678,Nellore,VIP
13679,Customer 13679,Nellore,New
13680,Customer 13680,Guntur,New
13681,Customer 13681,Kurnool,VIP
13682,Customer 13682,Rajahmundry,New
13683,Customer 13683,Anantapur,New
13684,Customer 13684,Nellore,New
13685,Customer 13685,Kurnool,VIP
13686,Customer 13686,Guntur,Returning
13687,Customer 13687,Nellore,VIP
13688,Customer 13688,Tirupati,Returning
13689,Customer 13689,Nellore,VIP
13690,Customer 13690,Visakhapatnam,VIP
13691,Customer 13691,Guntur,New
13692,Customer 13692,Visakhapatnam,VIP
13693,Customer 13693,Guntur,VIP
13694,Customer 13694,Vijayawada,VIP
13695,Customer 13695,Guntur,VIP
13696,Customer 13696,Guntur,VIP
13697,Customer 13697,Kurnool,VIP
13698,Customer 13698,Kurnool,VIP
13699,Customer 13699,Vijayawada,VIP
13700,Customer 13700,Tirupati,New
13701,Customer 13701,Kakinada,VIP
13702,Customer 13702,Nellore,New
13703,Customer 13703,Kakinada,VIP
13704,Customer 13704,Vijayawada,New
13705,Customer 13705,Visakhapatnam,New
13706,Customer 13706,Rajahmundry,New
13707,Customer 13707,Ongole,New
13708,Customer 13708,Visakhapatnam,VIP
13709,Customer 13709,Anantapur,New
13710,Customer 13710,Kurnool,New
13711,Customer 13711,Visakhapatnam,New
13712,Customer 13712,Vijayawada,Returning
13713,Customer 13713,Kakinada,Returning
13714,Customer 13714,Vijayawada,New
13715,Customer 13715,Ongole,Returning
13716,Customer 13716,Rajahmundry,New
13717,Customer 13717,Kurnool,Returning
13718,Customer 13718,Nellore,New
13719,Customer 13719,Kurnool,New
13720,Customer 13720,Rajahmundry,Returning
13721,Customer 13721,Vijayawada,Returning
13722,Customer 13722,Kakinada,New
13723,Customer 13723,Rajahmundry,New
13724,Customer 13724,Nellore,VIP
13725,Customer 13725,Guntur,Returning
13726,Customer 13726,Kakinada,New
13727,Customer 13727,Kakinada,VIP
13728,Customer 13728,Visakhapatnam,Returning
13729,Customer 13729,Rajahmundry,New
13730,Customer 13730,Vijayawada,VIP
13731,Customer 13731,Tirupati,Returning
13732,Customer 13732,Rajahmundry,New
13733,Customer 13733,Kakinada,VIP
13734,Customer 13734,Ongole,New
13735,Customer 13735,Tirupati,VIP
13736,Customer 13736,Guntur,New
13737,Customer 13737,Anantapur,New
13738,Customer 13738,Vijayawada,VIP
13739,Customer 13739,Visakhapatnam,Returning
13740,Customer 13740,Ongole,VIP
13741,Customer 13741,Visakhapatnam,New
13742,Customer 13742,Ongole,New
13743,Customer 13743,Visakhapatnam,Returning
13744,Customer 13744,Nellore,VIP
13745,Customer 13745,Ongole,VIP
13746,Customer 13746,Visakhapatnam,VIP
13747,Customer 13747,Guntur,VIP
13748,Customer 13748,Vijayawada,Returning
13749,Customer 13749,Nellore,Returning
13750,Customer 13750,Guntur,VIP
13751,Customer 13751,Anantapur,VIP
13752,Customer 13752,Anantapur,New
13753,Customer 13753,Anantapur,VIP
13754,Customer 13754,Tirupati,New
13755,Customer 13755,Guntur,Returning
13756,Customer 13756,Anantapur,VIP
13757,Customer 13757,Visakhapatnam,Returning
13758,Customer 13758,Kurnool,Returning
13759,Customer 13759,Nellore,Returning
13760,Customer 13760,Guntur,New
13761,Customer 13761,Kakinada,Returning
13762,Customer 13762,Rajahmundry,New
13763,Customer 13763,Visakhapatnam,New
13764,Customer 13764,Kurnool,Returning
13765,Customer 13765,Vijayawada,New
13766,Customer 13766,Guntur,VIP
13767,Customer 13767,Kurnool,New
13768,Customer 13768,Kurnool,Returning
13769,Customer 13769,Vijayawada,VIP
13770,Customer 13770,Vijayawada,VIP
13771,Customer 13771,Visakhapatnam,VIP
13772,Customer 13772,Kakinada,New
13773,Customer 13773,Rajahmundry,Returning
13774,Customer 13774,Visakhapatnam,Returning
13775,Customer 13775,Tirupati,New
13776,Customer 13776,Vijayawada,New
13777,Customer 13777,Kakinada,New
13778,Customer 13778,Visakhapatnam,New
13779,Customer 13779,Vijayawada,VIP
13780,Customer 13780,Kakinada,New
13781,Customer 13781,Rajahmundry,New
13782,Customer 13782,Kurnool,VIP
13783,Customer 13783,Kurnool,New
13784,Customer 13784,Anantapur,New
13785,Customer 13785,Vijayawada,Returning
13786,Customer 13786,Vijayawada,Returning
13787,Customer 13787,Kurnool,VIP
13788,Customer 13788,Kurnool,Returning
13789,Customer 13789,Tirupati,VIP
13790,Customer 13790,Kakinada,Returning
13791,Customer 13791,Anantapur,Returning
13792,Customer 13792,Tirupati,Returning
13793,Customer 13793,Anantapur,Returning
13794,Customer 13794,Vijayawada,Returning
13795,Customer 13795,Nellore,Returning
13796,Customer 13796,Rajahmundry,VIP
13797,Customer 13797,Tirupati,VIP
13798,Customer 13798,Visakhapatnam,Returning
13799,Customer 13799,Visakhapatnam,Returning
13800,Customer 13800,Ongole,New
13801,Customer 13801,Vijayawada,VIP
13802,Customer 13802,Kakinada,Returning
13803,Customer 13803,Kakinada,Returning
13804,Customer 13804,Tirupati,New
13805,Customer 13805,Anantapur,Returning
13806,Customer 13806,Rajahmundry,Returning
13807,Customer 13807,Vijayawada,VIP
13808,Customer 13808,Vijayawada,VIP
13809,Customer 13809,Visakhapatnam,Returning
13810,Customer 13810,Kurnool,Returning
13811,Customer 13811,Tirupati,Returning
13812,Customer 13812,Kurnool,Returning
13813,Customer 13813,Rajahmundry,VIP
13814,Customer 13814,Visakhapatnam,New
13815,Customer 13815,Tirupati,VIP
13816,Customer 13816,Visakhapatnam,Returning
13817,Customer 13817,Nellore,New
13818,Customer 13818,Anantapur,VIP
13819,Customer 13819,Kurnool,VIP
13820,Customer 13820,Guntur,New
13821,Customer 13821,Vijayawada,Returning
13822,Customer 13822,Nellore,VIP
13823,Customer 13823,Tirupati,New
13824,Customer 13824,Kakinada,VIP
13825,Customer 13825,Ongole,New
13826,Customer 13826,Ongole,New
13827,Customer 13827,Kakinada,VIP
13828,Customer 13828,Ongole,VIP
13829,Customer 13829,Visakhapatnam,VIP
13830,Customer 13830,Nellore,VIP
13831,Customer 13831,Visakhapatnam,New
13832,Customer 13832,Vijayawada,VIP
13833,Customer 13833,Kurnool,VIP
13834,Customer 13834,Ongole,Returning
13835,Customer 13835,Ongole,VIP
13836,Customer 13836,Guntur,Returning
13837,Customer 13837,Ongole,New
13838,Customer 13838,Vijayawada,New
13839,Customer 13839,Guntur,VIP
13840,Customer 13840,Kakinada,VIP
13841,Customer 13841,Ongole,VIP
13842,Customer 13842,Kakinada,VIP
13843,Customer 13843,Nellore,New
13844,Customer 13844,Nellore,VIP
13845,Customer 13845,Vijayawada,New
13846,Customer 13846,Anantapur,Returning
13847,Customer 13847,Anantapur,Returning
13848,Customer 13848,Anantapur,VIP
13849,Customer 13849,Ongole,VIP
13850,Customer 13850,Anantapur,Returning
13851,Customer 13851,Visakhapatnam,VIP
13852,Customer 13852,Tirupati,New
13853,Customer 13853,Nellore,New
13854,Customer 13854,Kurnool,Returning
13855,Customer 13855,Kakinada,New
13856,Customer 13856,Guntur,VIP
13857,Customer 13857,Rajahmundry,New
13858,Customer 13858,Guntur,New
13859,Customer 13859,Ongole,Returning
13860,Customer 13860,Tirupati,VIP
13861,Customer 13861,Kakinada,VIP
13862,Customer 13862,Vijayawada,VIP
13863,Customer 13863,Tirupati,Returning
13864,Customer 13864,Rajahmundry,VIP
13865,Customer 13865,Visakhapatnam,VIP
13866,Customer 13866,Ongole,New
13867,Customer 13867,Ongole,VIP
13868,Customer 13868,Rajahmundry,VIP
13869,Customer 13869,Kurnool,VIP
13870,Customer 13870,Rajahmundry,Returning
13871,Customer 13871,Nellore,Returning
13872,Customer 13872,Nellore,VIP
13873,Customer 13873,Tirupati,Returning
13874,Customer 13874,Visakhapatnam,New
13875,Customer 13875,Kakinada,New
13876,Customer 13876,Vijayawada,Returning
13877,Customer 13877,Nellore,Returning
13878,Customer 13878,Guntur,New
13879,Customer 13879,Ongole,VIP
13880,Customer 13880,Visakhapatnam,New
13881,Customer 13881,Rajahmundry,New
13882,Customer 13882,Visakhapatnam,New
13883,Customer 13883,Tirupati,VIP
13884,Customer 13884,Anantapur,New
13885,Customer 13885,Guntur,New
13886,Customer 13886,Guntur,New
13887,Customer 13887,Kurnool,VIP
13888,Customer 13888,Guntur,VIP
13889,Customer 13889,Vijayawada,VIP
13890,Customer 13890,Visakhapatnam,VIP
13891,Customer 13891,Nellore,New
13892,Customer 13892,Rajahmundry,New
13893,Customer 13893,Tirupati,VIP
13894,Customer 13894,Anantapur,Returning
13895,Customer 13895,Anantapur,New
13896,Customer 13896,Kakinada,Returning
13897,Customer 13897,Tirupati,New
13898,Customer 13898,Rajahmundry,Returning
13899,Customer 13899,Kakinada,VIP
13900,Customer 13900,Guntur,New
13901,Customer 13901,Vijayawada,Returning
13902,Customer 13902,Kurnool,Returning
13903,Customer 13903,Rajahmundry,Returning
13904,Customer 13904,Kurnool,Returning
13905,Customer 13905,Kurnool,Returning
13906,Customer 13906,Rajahmundry,VIP
13907,Customer 13907,Kakinada,Returning
13908,Customer 13908,Tirupati,New
13909,Customer 13909,Kurnool,New
13910,Customer 13910,Kakinada,VIP
13911,Customer 13911,Tirupati,New
13912,Customer 13912,Guntur,New
13913,Customer 13913,Vijayawada,New
13914,Customer 13914,Visakhapatnam,Returning
13915,Customer 13915,Guntur,VIP
13916,Customer 13916,Kurnool,VIP
13917,Customer 13917,Kakinada,New
13918,Customer 13918,Kakinada,Returning
13919,Customer 13919,Ongole,New
13920,Customer 13920,Vijayawada,Returning
13921,Customer 13921,Ongole,New
13922,Customer 13922,Guntur,Returning
13923,Customer 13923,Visakhapatnam,Returning
13924,Customer 13924,Guntur,Returning
13925,Customer 13925,Anantapur,VIP
13926,Customer 13926,Kurnool,New
13927,Customer 13927,Kakinada,VIP
13928,Customer 13928,Kurnool,VIP
13929,Customer 13929,Rajahmundry,New
13930,Customer 13930,Ongole,New
13931,Customer 13931,Nellore,Returning
13932,Customer 13932,Nellore,Returning
13933,Customer 13933,Ongole,Returning
13934,Customer 13934,Anantapur,Returning
13935,Customer 13935,Vijayawada,VIP
13936,Customer 13936,Kurnool,New
13937,Customer 13937,Rajahmundry,New
13938,Customer 13938,Nellore,Returning
13939,Customer 13939,Ongole,VIP
13940,Customer 13940,Nellore,VIP
13941,Customer 13941,Rajahmundry,Returning
13942,Customer 13942,Ongole,Returning
13943,Customer 13943,Visakhapatnam,New
13944,Customer 13944,Vijayawada,Returning
13945,Customer 13945,Vijayawada,Returning
13946,Customer 13946,Kurnool,New
13947,Customer 13947,Anantapur,Returning
13948,Customer 13948,Kakinada,Returning
13949,Customer 13949,Kurnool,VIP
13950,Customer 13950,Visakhapatnam,VIP
13951,Customer 13951,Kurnool,VIP
13952,Customer 13952,Anantapur,VIP
13953,Customer 13953,Vijayawada,New
13954,Customer 13954,Kakinada,New
13955,Customer 13955,Rajahmundry,Returning
13956,Customer 13956,Vijayawada,VIP
13957,Customer 13957,Tirupati,New
13958,Customer 13958,Ongole,VIP
13959,Customer 13959,Guntur,VIP
13960,Customer 13960,Ongole,VIP
13961,Customer 13961,Kurnool,New
13962,Customer 13962,Kakinada,Returning
13963,Customer 13963,Visakhapatnam,VIP
13964,Customer 13964,Anantapur,New
13965,Customer 13965,Nellore,New
13966,Customer 13966,Visakhapatnam,New
13967,Customer 13967,Rajahmundry,Returning
13968,Customer 13968,Guntur,New
13969,Customer 13969,Visakhapatnam,VIP
13970,Customer 13970,Guntur,Returning
13971,Customer 13971,Tirupati,New
13972,Customer 13972,Kakinada,Returning
13973,Customer 13973,Ongole,New
13974,Customer 13974,Visakhapatnam,New
13975,Customer 13975,Nellore,Returning
13976,Customer 13976,Kakinada,VIP
13977,Customer 13977,Ongole,Returning
13978,Customer 13978,Tirupati,VIP
13979,Customer 13979,Nellore,Returning
13980,Customer 13980,Ongole,New
13981,Customer 13981,Anantapur,Returning
13982,Customer 13982,Guntur,Returning
13983,Customer 13983,Guntur,VIP
13984,Customer 13984,Rajahmundry,Returning
13985,Customer 13985,Vijayawada,VIP
13986,Customer 13986,Rajahmundry,VIP
13987,Customer 13987,Tirupati,Returning
13988,Customer 13988,Visakhapatnam,New
13989,Customer 13989,Rajahmundry,New
13990,Customer 13990,Ongole,VIP
13991,Customer 13991,Anantapur,New
13992,Customer 13992,Visakhapatnam,Returning
13993,Customer 13993,Tirupati,New
13994,Customer 13994,Guntur,VIP
13995,Customer 13995,Guntur,Returning
13996,Customer 13996,Rajahmundry,New
13997,Customer 13997,Ongole,New
13998,Customer 13998,Tirupati,VIP
13999,Customer 13999,Kurnool,VIP
14000,Customer 14000,Kurnool,New
14001,Customer 14001,Visakhapatnam,New
14002,Customer 14002,Guntur,New
14003,Customer 14003,Kurnool,VIP
14004,Customer 14004,Tirupati,Returning
14005,Customer 14005,Kurnool,New
14006,Customer 14006,Rajahmundry,New
14007,Customer 14007,Kakinada,New
14008,Customer 14008,Ongole,New
14009,Customer 14009,Nellore,VIP
14010,Customer 14010,Vijayawada,New
14011,Customer 14011,Kurnool,New
14012,Customer 14012,Tirupati,New
14013,Customer 14013,Vijayawada,VIP
14014,Customer 14014,Guntur,VIP
14015,Customer 14015,Anantapur,Returning
14016,Customer 14016,Tirupati,New
14017,Customer 14017,Kurnool,New
14018,Customer 14018,Guntur,VIP
14019,Customer 14019,Guntur,VIP
14020,Customer 14020,Vijayawada,Returning
14021,Customer 14021,Ongole,New
14022,Customer 14022,Rajahmundry,VIP
14023,Customer 14023,Guntur,VIP
14024,Customer 14024,Ongole,Returning
14025,Customer 14025,Visakhapatnam,New
14026,Customer 14026,Anantapur,New
14027,Customer 14027,Guntur,VIP
14028,Customer 14028,Kurnool,New
14029,Customer 14029,Kakinada,New
14030,Customer 14030,Kurnool,Returning
14031,Customer 14031,Kakinada,New
14032,Customer 14032,Kakinada,Returning
14033,Customer 14033,Tirupati,New
14034,Customer 14034,Vijayawada,Returning
14035,Customer 14035,Nellore,VIP
14036,Customer 14036,Kakinada,VIP
14037,Customer 14037,Guntur,New
14038,Customer 14038,Tirupati,VIP
14039,Customer 14039,Kurnool,VIP
14040,Customer 14040,Vijayawada,Returning
14041,Customer 14041,Visakhapatnam,New
14042,Customer 14042,Ongole,VIP
14043,Customer 14043,Tirupati,New
14044,Customer 14044,Kurnool,New
14045,Customer 14045,Tirupati,Returning
14046,Customer 14046,Ongole,VIP
14047,Customer 14047,Vijayawada,Returning
14048,Customer 14048,Kurnool,Returning
14049,Customer 14049,Tirupati,New
14050,Customer 14050,Kurnool,New
14051,Customer 14051,Kurnool,VIP
14052,Customer 14052,Rajahmundry,New
14053,Customer 14053,Kakinada,VIP
14054,Customer 14054,Vijayawada,VIP
14055,Customer 14055,Rajahmundry,VIP
14056,Customer 14056,Nellore,Returning
14057,Customer 14057,Nellore,Returning
14058,Customer 14058,Vijayawada,VIP
14059,Customer 14059,Vijayawada,VIP
14060,Customer 14060,Ongole,Returning
14061,Customer 14061,Kakinada,New
14062,Customer 14062,Tirupati,VIP
14063,Customer 14063,Tirupati,Returning
14064,Customer 14064,Tirupati,VIP
14065,Customer 14065,Guntur,New
14066,Customer 14066,Tirupati,New
14067,Customer 14067,Kurnool,New
14068,Customer 14068,Ongole,New
14069,Customer 14069,Ongole,Returning
14070,Customer 14070,Anantapur,New
14071,Customer 14071,Vijayawada,New
14072,Customer 14072,Kurnool,Returning
14073,Customer 14073,Kurnool,Returning
14074,Customer 14074,Vijayawada,Returning
14075,Customer 14075,Anantapur,VIP
14076,Customer 14076,Ongole,Returning
14077,Customer 14077,Ongole,New
14078,Customer 14078,Ongole,Returning
14079,Customer 14079,Guntur,VIP
14080,Customer 14080,Ongole,New
14081,Customer 14081,Kurnool,New
14082,Customer 14082,Guntur,New
14083,Customer 14083,Nellore,New
14084,Customer 14084,Anantapur,Returning
14085,Customer 14085,Visakhapatnam,VIP
14086,Customer 14086,Kurnool,New
14087,Customer 14087,Kurnool,VIP
14088,Customer 14088,Anantapur,New
14089,Customer 14089,Visakhapatnam,Returning
14090,Customer 14090,Kurnool,New
14091,Customer 14091,Guntur,Returning
14092,Customer 14092,Tirupati,Returning
14093,Customer 14093,Kurnool,Returning
14094,Customer 14094,Vijayawada,Returning
14095,Customer 14095,Kurnool,VIP
14096,Customer 14096,Kakinada,New
14097,Customer 14097,Anantapur,Returning
14098,Customer 14098,Tirupati,New
14099,Customer 14099,Rajahmundry,VIP
14100,Customer 14100,Visakhapatnam,VIP
14101,Customer 14101,Vijayawada,Returning
14102,Customer 14102,Nellore,Returning
14103,Customer 14103,Vijayawada,New
14104,Customer 14104,Rajahmundry,VIP
14105,Customer 14105,Vijayawada,New
14106,Customer 14106,Visakhapatnam,Returning
14107,Customer 14107,Nellore,Returning
14108,Customer 14108,Kurnool,Returning
14109,Customer 14109,Ongole,Returning
14110,Customer 14110,Anantapur,Returning
14111,Customer 14111,Ongole,Returning
14112,Customer 14112,Kakinada,Returning
14113,Customer 14113,Vijayawada,New
14114,Customer 14114,Visakhapatnam,New
14115,Customer 14115,Vijayawada,VIP
14116,Customer 14116,Vijayawada,New
14117,Customer 14117,Rajahmundry,VIP
14118,Customer 14118,Kurnool,New
14119,Customer 14119,Guntur,VIP
14120,Customer 14120,Rajahmundry,Returning
14121,Customer 14121,Nellore,VIP
14122,Customer 14122,Anantapur,VIP
14123,Customer 14123,Anantapur,Returning
14124,Customer 14124,Kakinada,Returning
14125,Customer 14125,Ongole,Returning
14126,Customer 14126,Guntur,New
14127,Customer 14127,Visakhapatnam,VIP
14128,Customer 14128,Ongole,New
14129,Customer 14129,Rajahmundry,VIP
14130,Customer 14130,Ongole,New
14131,Customer 14131,Vijayawada,New
14132,Customer 14132,Rajahmundry,VIP
14133,Customer 14133,Tirupati,New
14134,Customer 14134,Ongole,Returning
14135,Customer 14135,Anantapur,Returning
14136,Customer 14136,Guntur,VIP
14137,Customer 14137,Guntur,New
14138,Customer 14138,Guntur,VIP
14139,Customer 14139,Kakinada,VIP
14140,Customer 14140,Vijayawada,VIP
14141,Customer 14141,Tirupati,Returning
14142,Customer 14142,Ongole,Returning
14143,Customer 14143,Guntur,New
14144,Customer 14144,Nellore,VIP
14145,Customer 14145,Anantapur,VIP
14146,Customer 14146,Ongole,VIP
14147,Customer 14147,Rajahmundry,VIP
14148,Customer 14148,Nellore,New
14149,Customer 14149,Kurnool,VIP
14150,Customer 14150,Nellore,New
14151,Customer 14151,Ongole,New
14152,Customer 14152,Anantapur,New
14153,Customer 14153,Kakinada,VIP
14154,Customer 14154,Kakinada,New
14155,Customer 14155,Nellore,New
14156,Customer 14156,Nellore,VIP
14157,Customer 14157,Kakinada,VIP
14158,Customer 14158,Ongole,Returning
14159,Customer 14159,Tirupati,VIP
14160,Customer 14160,Rajahmundry,New
14161,Customer 14161,Anantapur,New
14162,Customer 14162,Tirupati,Returning
14163,Customer 14163,Anantapur,New
14164,Customer 14164,Visakhapatnam,Returning
14165,Customer 14165,Rajahmundry,Returning
14166,Customer 14166,Kurnool,Returning
14167,Customer 14167,Kakinada,Returning
14168,Customer 14168,Anantapur,Returning
14169,Customer 14169,Vijayawada,New
14170,Customer 14170,Anantapur,Returning
14171,Customer 14171,Kurnool,New
14172,Customer 14172,Nellore,VIP
14173,Customer 14173,Rajahmundry,Returning
14174,Customer 14174,Vijayawada,Returning
14175,Customer 14175,Kurnool,VIP
14176,Customer 14176,Vijayawada,New
14177,Customer 14177,Kurnool,New
14178,Customer 14178,Ongole,New
14179,Customer 14179,Guntur,New
14180,Customer 14180,Guntur,New
14181,Customer 14181,Rajahmundry,Returning
14182,Customer 14182,Visakhapatnam,New
14183,Customer 14183,Nellore,VIP
14184,Customer 14184,Anantapur,Returning
14185,Customer 14185,Kurnool,VIP
14186,Customer 14186,Ongole,Returning
14187,Customer 14187,Tirupati,New
14188,Customer 14188,Visakhapatnam,VIP
14189,Customer 14189,Anantapur,VIP
14190,Customer 14190,Kakinada,New
14191,Customer 14191,Vijayawada,New
14192,Customer 14192,Anantapur,VIP
14193,Customer 14193,Tirupati,Returning
14194,Customer 14194,Tirupati,Returning
14195,Customer 14195,Nellore,VIP
14196,Customer 14196,Guntur,Returning
14197,Customer 14197,Tirupati,New
14198,Customer 14198,Visakhapatnam,New
14199,Customer 14199,Nellore,VIP
14200,Customer 14200,Visakhapatnam,VIP
14201,Customer 14201,Visakhapatnam,VIP
14202,Customer 14202,Tirupati,VIP
14203,Customer 14203,Rajahmundry,VIP
14204,Customer 14204,Anantapur,Returning
14205,Customer 14205,Vijayawada,New
14206,Customer 14206,Visakhapatnam,Returning
14207,Customer 14207,Ongole,Returning
14208,Customer 14208,Rajahmundry,Returning
14209,Customer 14209,Guntur,Returning
14210,Customer 14210,Guntur,VIP
14211,Customer 14211,Guntur,Returning
14212,Customer 14212,Guntur,Returning
14213,Customer 14213,Ongole,Returning
14214,Customer 14214,Tirupati,VIP
14215,Customer 14215,Kurnool,VIP
14216,Customer 14216,Guntur,Returning
14217,Customer 14217,Nellore,Returning
14218,Customer 14218,Tirupati,New
14219,Customer 14219,Anantapur,Returning
14220,Customer 14220,Vijayawada,New
14221,Customer 14221,Visakhapatnam,New
14222,Customer 14222,Tirupati,VIP
14223,Customer 14223,Anantapur,New
14224,Customer 14224,Tirupati,Returning
14225,Customer 14225,Nellore,VIP
14226,Customer 14226,Guntur,VIP
14227,Customer 14227,Vijayawada,VIP
14228,Customer 14228,Guntur,VIP
14229,Customer 14229,Ongole,New
14230,Customer 14230,Ongole,New
14231,Customer 14231,Nellore,VIP
14232,Customer 14232,Tirupati,New
14233,Customer 14233,Kurnool,Returning
14234,Customer 14234,Rajahmundry,New
14235,Customer 14235,Guntur,VIP
14236,Customer 14236,Visakhapatnam,VIP
14237,Customer 14237,Kakinada,Returning
14238,Customer 14238,Visakhapatnam,New
14239,Customer 14239,Visakhapatnam,Returning
14240,Customer 14240,Kurnool,Returning
14241,Customer 14241,Visakhapatnam,VIP
14242,Customer 14242,Kurnool,New
14243,Customer 14243,Kakinada,VIP
14244,Customer 14244,Ongole,VIP
14245,Customer 14245,Visakhapatnam,VIP
14246,Customer 14246,Kakinada,Returning
14247,Customer 14247,Visakhapatnam,Returning
14248,Customer 14248,Ongole,Returning
14249,Customer 14249,Tirupati,Returning
14250,Customer 14250,Nellore,New
14251,Customer 14251,Vijayawada,Returning
14252,Customer 14252,Kurnool,New
14253,Customer 14253,Tirupati,New
14254,Customer 14254,Guntur,New
14255,Customer 14255,Nellore,New
14256,Customer 14256,Rajahmundry,New
14257,Customer 14257,Guntur,VIP
14258,Customer 14258,Vijayawada,New
14259,Customer 14259,Anantapur,VIP
14260,Customer 14260,Kakinada,New
14261,Customer 14261,Visakhapatnam,VIP
14262,Customer 14262,Visakhapatnam,VIP
14263,Customer 14263,Guntur,VIP
14264,Customer 14264,Rajahmundry,Returning
14265,Customer 14265,Vijayawada,Returning
14266,Customer 14266,Kakinada,New
14267,Customer 14267,Visakhapatnam,VIP
14268,Customer 14268,Kurnool,VIP
14269,Customer 14269,Anantapur,VIP
14270,Customer 14270,Tirupati,Returning
14271,Customer 14271,Guntur,New
14272,Customer 14272,Visakhapatnam,VIP
14273,Customer 14273,Visakhapatnam,VIP
14274,Customer 14274,Kurnool,New
14275,Customer 14275,Tirupati,Returning
14276,Customer 14276,Ongole,VIP
14277,Customer 14277,Guntur,Returning
14278,Customer 14278,Kurnool,Returning
14279,Customer 14279,Kurnool,New
14280,Customer 14280,Ongole,VIP
14281,Customer 14281,Guntur,Returning
14282,Customer 14282,Kurnool,New
14283,Customer 14283,Guntur,New
14284,Customer 14284,Guntur,Returning
14285,Customer 14285,Nellore,Returning
14286,Customer 14286,Vijayawada,New
14287,Customer 14287,Kakinada,VIP
14288,Customer 14288,Rajahmundry,New
14289,Customer 14289,Visakhapatnam,VIP
14290,Customer 14290,Anantapur,Returning
14291,Customer 14291,Vijayawada,VIP
14292,Customer 14292,Guntur,VIP
14293,Customer 14293,Visakhapatnam,New
14294,Customer 14294,Nellore,New
14295,Customer 14295,Rajahmundry,VIP
14296,Customer 14296,Tirupati,New
14297,Customer 14297,Ongole,Returning
14298,Customer 14298,Nellore,VIP
14299,Customer 14299,Anantapur,New
14300,Customer 14300,Ongole,VIP
14301,Customer 14301,Anantapur,Returning
14302,Customer 14302,Vijayawada,New
14303,Customer 14303,Vijayawada,Returning
14304,Customer 14304,Anantapur,VIP
14305,Customer 14305,Tirupati,VIP
14306,Customer 14306,Tirupati,VIP
14307,Customer 14307,Visakhapatnam,New
14308,Customer 14308,Tirupati,VIP
14309,Customer 14309,Nellore,VIP
14310,Customer 14310,Kakinada,New
14311,Customer 14311,Kurnool,New
14312,Customer 14312,Rajahmundry,Returning
14313,Customer 14313,Vijayawada,New
14314,Customer 14314,Tirupati,Returning
14315,Customer 14315,Kakinada,Returning
14316,Customer 14316,Visakhapatnam,Returning
14317,Customer 14317,Visakhapatnam,Returning
14318,Customer 14318,Tirupati,VIP
14319,Customer 14319,Kakinada,New
14320,Customer 14320,Kakinada,New
14321,Customer 14321,Rajahmundry,Returning
14322,Customer 14322,Ongole,New
14323,Customer 14323,Guntur,New
14324,Customer 14324,Visakhapatnam,New
14325,Customer 14325,Kakinada,VIP
14326,Customer 14326,Kurnool,Returning
14327,Customer 14327,Kakinada,Returning
14328,Customer 14328,Tirupati,Returning
14329,Customer 14329,Anantapur,Returning
14330,Customer 14330,Rajahmundry,VIP
14331,Customer 14331,Rajahmundry,New
14332,Customer 14332,Anantapur,VIP
14333,Customer 14333,Kurnool,New
14334,Customer 14334,Vijayawada,New
14335,Customer 14335,Kakinada,Returning
14336,Customer 14336,Ongole,VIP
14337,Customer 14337,Ongole,Returning
14338,Customer 14338,Anantapur,Returning
14339,Customer 14339,Kurnool,New
14340,Customer 14340,Guntur,Returning
14341,Customer 14341,Visakhapatnam,Returning
14342,Customer 14342,Kurnool,New
14343,Customer 14343,Anantapur,VIP
14344,Customer 14344,Nellore,VIP
14345,Customer 14345,Ongole,VIP
14346,Customer 14346,Ongole,New
14347,Customer 14347,Anantapur,New
14348,Customer 14348,Kurnool,VIP
14349,Customer 14349,Anantapur,VIP
14350,Customer 14350,Rajahmundry,Returning
14351,Customer 14351,Nellore,VIP
14352,Customer 14352,Vijayawada,Returning
14353,Customer 14353,Rajahmundry,New
14354,Customer 14354,Anantapur,VIP
14355,Customer 14355,Guntur,New
14356,Customer 14356,Kurnool,New
14357,Customer 14357,Ongole,VIP
14358,Customer 14358,Ongole,New
14359,Customer 14359,Ongole,VIP
14360,Customer 14360,Vijayawada,Returning
14361,Customer 14361,Guntur,Returning
14362,Customer 14362,Vijayawada,VIP
14363,Customer 14363,Kurnool,VIP
14364,Customer 14364,Anantapur,Returning
14365,Customer 14365,Kakinada,VIP
14366,Customer 14366,Kurnool,Returning
14367,Customer 14367,Anantapur,VIP
14368,Customer 14368,Anantapur,VIP
14369,Customer 14369,Ongole,New
14370,Customer 14370,Guntur,Returning
14371,Customer 14371,Anantapur,VIP
14372,Customer 14372,Visakhapatnam,Returning
14373,Customer 14373,Kurnool,Returning
14374,Customer 14374,Rajahmundry,VIP
14375,Customer 14375,Guntur,New
14376,Customer 14376,Nellore,New
14377,Customer 14377,Vijayawada,VIP
14378,Customer 14378,Vijayawada,New
14379,Customer 14379,Anantapur,New
14380,Customer 14380,Anantapur,VIP
14381,Customer 14381,Visakhapatnam,New
14382,Customer 14382,Ongole,VIP
14383,Customer 14383,Nellore,Returning
14384,Customer 14384,Rajahmundry,Returning
14385,Customer 14385,Rajahmundry,New
14386,Customer 14386,Guntur,New
14387,Customer 14387,Vijayawada,VIP
14388,Customer 14388,Guntur,Returning
14389,Customer 14389,Rajahmundry,Returning
14390,Customer 14390,Tirupati,New
14391,Customer 14391,Anantapur,VIP
14392,Customer 14392,Kakinada,New
14393,Customer 14393,Tirupati,Returning
14394,Customer 14394,Rajahmundry,VIP
14395,Customer 14395,Vijayawada,Returning
14396,Customer 14396,Guntur,New
14397,Customer 14397,Ongole,Returning
14398,Customer 14398,Ongole,Returning
14399,Customer 14399,Kurnool,Returning
14400,Customer 14400,Rajahmundry,New
14401,Customer 14401,Tirupati,New
14402,Customer 14402,Visakhapatnam,VIP
14403,Customer 14403,Ongole,New
14404,Customer 14404,Tirupati,VIP
14405,Customer 14405,Tirupati,Returning
14406,Customer 14406,Ongole,VIP
14407,Customer 14407,Nellore,Returning
14408,Customer 14408,Guntur,Returning
14409,Customer 14409,Ongole,New
14410,Customer 14410,Ongole,Returning
14411,Customer 14411,Kurnool,Returning
14412,Customer 14412,Vijayawada,VIP
14413,Customer 14413,Anantapur,New
14414,Customer 14414,Tirupati,Returning
14415,Customer 14415,Guntur,Returning
14416,Customer 14416,Vijayawada,VIP
14417,Customer 14417,Vijayawada,New
14418,Customer 14418,Visakhapatnam,VIP
14419,Customer 14419,Nellore,New
14420,Customer 14420,Guntur,New
14421,Customer 14421,Tirupati,Returning
14422,Customer 14422,Nellore,New
14423,Customer 14423,Guntur,Returning
14424,Customer 14424,Rajahmundry,Returning
14425,Customer 14425,Kakinada,VIP
14426,Customer 14426,Ongole,New
14427,Customer 14427,Vijayawada,Returning
14428,Customer 14428,Visakhapatnam,Returning
14429,Customer 14429,Kakinada,Returning
14430,Customer 14430,Kurnool,VIP
14431,Customer 14431,Kurnool,New
14432,Customer 14432,Guntur,Returning
14433,Customer 14433,Vijayawada,Returning
14434,Customer 14434,Kakinada,New
14435,Customer 14435,Nellore,Returning
14436,Customer 14436,Tirupati,Returning
14437,Customer 14437,Vijayawada,Returning
14438,Customer 14438,Anantapur,Returning
14439,Customer 14439,Visakhapatnam,VIP
14440,Customer 14440,Tirupati,VIP
14441,Customer 14441,Visakhapatnam,VIP
14442,Customer 14442,Rajahmundry,VIP
14443,Customer 14443,Kurnool,VIP
14444,Customer 14444,Kurnool,VIP
14445,Customer 14445,Rajahmundry,Returning
14446,Customer 14446,Vijayawada,New
14447,Customer 14447,Tirupati,New
14448,Customer 14448,Anantapur,Returning
14449,Customer 14449,Vijayawada,VIP
14450,Customer 14450,Rajahmundry,Returning
14451,Customer 14451,Nellore,New
14452,Customer 14452,Guntur,New
14453,Customer 14453,Visakhapatnam,VIP
14454,Customer 14454,Tirupati,Returning
14455,Customer 14455,Nellore,New
14456,Customer 14456,Kakinada,Returning
14457,Customer 14457,Nellore,Returning
14458,Customer 14458,Ongole,New
14459,Customer 14459,Kurnool,Returning
14460,Customer 14460,Vijayawada,New
14461,Customer 14461,Tirupati,VIP
14462,Customer 14462,Kakinada,New
14463,Customer 14463,Ongole,Returning
14464,Customer 14464,Tirupati,Returning
14465,Customer 14465,Visakhapatnam,New
14466,Customer 14466,Ongole,Returning
14467,Customer 14467,Rajahmundry,VIP
14468,Customer 14468,Kakinada,New
14469,Customer 14469,Visakhapatnam,VIP
14470,Customer 14470,Kurnool,New
14471,Customer 14471,Ongole,Returning
14472,Customer 14472,Guntur,Returning
14473,Customer 14473,Ongole,Returning
14474,Customer 14474,Kakinada,Returning
14475,Customer 14475,Kurnool,Returning
14476,Customer 14476,Kakinada,Returning
14477,Customer 14477,Nellore,Returning
14478,Customer 14478,Kurnool,Returning
14479,Customer 14479,Visakhapatnam,VIP
14480,Customer 14480,Ongole,New
14481,Customer 14481,Nellore,Returning
14482,Customer 14482,Rajahmundry,New
14483,Customer 14483,Guntur,New
14484,Customer 14484,Tirupati,Returning
14485,Customer 14485,Tirupati,New
14486,Customer 14486,Anantapur,VIP
14487,Customer 14487,Tirupati,New
14488,Customer 14488,Vijayawada,New
14489,Customer 14489,Kakinada,Returning
14490,Customer 14490,Vijayawada,VIP
14491,Customer 14491,Anantapur,VIP
14492,Customer 14492,Kurnool,Returning
14493,Customer 14493,Guntur,New
14494,Customer 14494,Rajahmundry,VIP
14495,Customer 14495,Vijayawada,VIP
14496,Customer 14496,Nellore,VIP
14497,Customer 14497,Kakinada,VIP
14498,Customer 14498,Rajahmundry,New
14499,Customer 14499,Tirupati,VIP
14500,Customer 14500,Tirupati,Returning
14501,Customer 14501,Rajahmundry,VIP
14502,Customer 14502,Anantapur,VIP
14503,Customer 14503,Anantapur,Returning
14504,Customer 14504,Rajahmundry,VIP
14505,Customer 14505,Ongole,Returning
14506,Customer 14506,Guntur,New
14507,Customer 14507,Ongole,VIP
14508,Customer 14508,Rajahmundry,VIP
14509,Customer 14509,Nellore,Returning
14510,Customer 14510,Ongole,New
14511,Customer 14511,Anantapur,New
14512,Customer 14512,Kurnool,Returning
14513,Customer 14513,Tirupati,Returning
14514,Customer 14514,Vijayawada,Returning
14515,Customer 14515,Kurnool,Returning
14516,Customer 14516,Vijayawada,VIP
14517,Customer 14517,Kurnool,VIP
14518,Customer 14518,Visakhapatnam,VIP
14519,Customer 14519,Tirupati,New
14520,Customer 14520,Kakinada,Returning
14521,Customer 14521,Visakhapatnam,Returning
14522,Customer 14522,Kakinada,Returning
14523,Customer 14523,Kurnool,VIP
14524,Customer 14524,Anantapur,New
14525,Customer 14525,Kurnool,VIP
14526,Customer 14526,Ongole,New
14527,Customer 14527,Ongole,Returning
14528,Customer 14528,Anantapur,New
14529,Customer 14529,Kurnool,Returning
14530,Customer 14530,Guntur,Returning
14531,Customer 14531,Anantapur,VIP
14532,Customer 14532,Kakinada,New
14533,Customer 14533,Anantapur,Returning
14534,Customer 14534,Guntur,VIP
14535,Customer 14535,Guntur,VIP
14536,Customer 14536,Anantapur,New
14537,Customer 14537,Kakinada,New
14538,Customer 14538,Rajahmundry,New
14539,Customer 14539,Nellore,VIP
14540,Customer 14540,Tirupati,New
14541,Customer 14541,Nellore,New
14542,Customer 14542,Rajahmundry,Returning
14543,Customer 14543,Visakhapatnam,VIP
14544,Customer 14544,Nellore,New
14545,Customer 14545,Tirupati,VIP
14546,Customer 14546,Visakhapatnam,New
14547,Customer 14547,Kurnool,New
14548,Customer 14548,Vijayawada,New
14549,Customer 14549,Ongole,Returning
14550,Customer 14550,Nellore,Returning
14551,Customer 14551,Ongole,VIP
14552,Customer 14552,Guntur,VIP
14553,Customer 14553,Vijayawada,Returning
14554,Customer 14554,Vijayawada,VIP
14555,Customer 14555,Kurnool,VIP
14556,Customer 14556,Ongole,New
14557,Customer 14557,Kakinada,New
14558,Customer 14558,Kakinada,VIP
14559,Customer 14559,Vijayawada,VIP
14560,Customer 14560,Visakhapatnam,Returning
14561,Customer 14561,Ongole,VIP
14562,Customer 14562,Anantapur,New
14563,Customer 14563,Vijayawada,Returning
14564,Customer 14564,Nellore,VIP
14565,Customer 14565,Visakhapatnam,New
14566,Customer 14566,Vijayawada,VIP
14567,Customer 14567,Guntur,New
14568,Customer 14568,Kurnool,New
14569,Customer 14569,Kurnool,New
14570,Customer 14570,Guntur,Returning
14571,Customer 14571,Guntur,Returning
14572,Customer 14572,Kurnool,New
14573,Customer 14573,Ongole,Returning
14574,Customer 14574,Tirupati,New
14575,Customer 14575,Rajahmundry,VIP
14576,Customer 14576,Tirupati,New
14577,Customer 14577,Guntur,New
14578,Customer 14578,Vijayawada,New
14579,Customer 14579,Tirupati,Returning
14580,Customer 14580,Kurnool,New
14581,Customer 14581,Kakinada,New
14582,Customer 14582,Ongole,Returning
14583,Customer 14583,Kurnool,Returning
14584,Customer 14584,Rajahmundry,Returning
14585,Customer 14585,Guntur,New
14586,Customer 14586,Tirupati,New
14587,Customer 14587,Guntur,Returning
14588,Customer 14588,Visakhapatnam,VIP
14589,Customer 14589,Ongole,VIP
14590,Customer 14590,Tirupati,Returning
14591,Customer 14591,Rajahmundry,New
14592,Customer 14592,Vijayawada,Returning
14593,Customer 14593,Kurnool,VIP
14594,Customer 14594,Rajahmundry,Returning
14595,Customer 14595,Kurnool,VIP
14596,Customer 14596,Anantapur,VIP
14597,Customer 14597,Nellore,Returning
14598,Customer 14598,Anantapur,New
14599,Customer 14599,Kakinada,Returning
14600,Customer 14600,Visakhapatnam,VIP
14601,Customer 14601,Kakinada,New
14602,Customer 14602,Ongole,VIP
14603,Customer 14603,Tirupati,Returning
14604,Customer 14604,Tirupati,New
14605,Customer 14605,Anantapur,VIP
14606,Customer 14606,Kakinada,New
14607,Customer 14607,Tirupati,New
14608,Customer 14608,Ongole,Returning
14609,Customer 14609,Vijayawada,Returning
14610,Customer 14610,Rajahmundry,VIP
14611,Customer 14611,Visakhapatnam,New
14612,Customer 14612,Tirupati,New
14613,Customer 14613,Kakinada,VIP
14614,Customer 14614,Anantapur,Returning
14615,Customer 14615,Kakinada,New
14616,Customer 14616,Rajahmundry,New
14617,Customer 14617,Kurnool,New
14618,Customer 14618,Ongole,VIP
14619,Customer 14619,Tirupati,New
14620,Customer 14620,Tirupati,New
14621,Customer 14621,Ongole,New
14622,Customer 14622,Tirupati,VIP
14623,Customer 14623,Visakhapatnam,Returning
14624,Customer 14624,Anantapur,New
14625,Customer 14625,Kakinada,Returning
14626,Customer 14626,Ongole,New
14627,Customer 14627,Ongole,New
14628,Customer 14628,Vijayawada,New
14629,Customer 14629,Tirupati,Returning
14630,Customer 14630,Guntur,New
14631,Customer 14631,Vijayawada,Returning
14632,Customer 14632,Tirupati,New
14633,Customer 14633,Nellore,Returning
14634,Customer 14634,Vijayawada,VIP
14635,Customer 14635,Kakinada,VIP
14636,Customer 14636,Vijayawada,VIP
14637,Customer 14637,Vijayawada,VIP
14638,Customer 14638,Vijayawada,Returning
14639,Customer 14639,Nellore,Returning
14640,Customer 14640,Rajahmundry,Returning
14641,Customer 14641,Ongole,Returning
14642,Customer 14642,Tirupati,VIP
14643,Customer 14643,Kurnool,VIP
14644,Customer 14644,Ongole,New
14645,Customer 14645,Ongole,New
14646,Customer 14646,Kakinada,Returning
14647,Customer 14647,Ongole,New
14648,Customer 14648,Nellore,New
14649,Customer 14649,Rajahmundry,VIP
14650,Customer 14650,Guntur,New
14651,Customer 14651,Guntur,VIP
14652,Customer 14652,Kakinada,New
14653,Customer 14653,Guntur,New
14654,Customer 14654,Rajahmundry,VIP
14655,Customer 14655,Nellore,VIP
14656,Customer 14656,Tirupati,VIP
14657,Customer 14657,Vijayawada,Returning
14658,Customer 14658,Kurnool,Returning
14659,Customer 14659,Kakinada,VIP
14660,Customer 14660,Guntur,New
14661,Customer 14661,Kakinada,New
14662,Customer 14662,Vijayawada,VIP
14663,Customer 14663,Anantapur,Returning
14664,Customer 14664,Nellore,VIP
14665,Customer 14665,Kakinada,New
14666,Customer 14666,Kurnool,Returning
14667,Customer 14667,Rajahmundry,VIP
14668,Customer 14668,Anantapur,New
14669,Customer 14669,Anantapur,New
14670,Customer 14670,Tirupati,Returning
14671,Customer 14671,Tirupati,Returning
14672,Customer 14672,Kurnool,Returning
14673,Customer 14673,Anantapur,New
14674,Customer 14674,Vijayawada,New
14675,Customer 14675,Nellore,Returning
14676,Customer 14676,Anantapur,Returning
14677,Customer 14677,Guntur,Returning
14678,Customer 14678,Nellore,Returning
14679,Customer 14679,Anantapur,VIP
14680,Customer 14680,Kurnool,Returning
14681,Customer 14681,Tirupati,New
14682,Customer 14682,Anantapur,VIP
14683,Customer 14683,Nellore,VIP
14684,Customer 14684,Rajahmundry,VIP
14685,Customer 14685,Rajahmundry,New
14686,Customer 14686,Vijayawada,VIP
14687,Customer 14687,Vijayawada,Returning
14688,Customer 14688,Visakhapatnam,Returning
14689,Customer 14689,Nellore,New
14690,Customer 14690,Ongole,Returning
14691,Customer 14691,Rajahmundry,Returning
14692,Customer 14692,Vijayawada,New
14693,Customer 14693,Nellore,New
14694,Customer 14694,Kurnool,VIP
14695,Customer 14695,Visakhapatnam,Returning
14696,Customer 14696,Ongole,VIP
14697,Customer 14697,Kurnool,VIP
14698,Customer 14698,Kurnool,VIP
14699,Customer 14699,Ongole,New
14700,Customer 14700,Anantapur,VIP
14701,Customer 14701,Kakinada,New
14702,Customer 14702,Kurnool,New
14703,Customer 14703,Vijayawada,Returning
14704,Customer 14704,Nellore,New
14705,Customer 14705,Tirupati,New
14706,Customer 14706,Visakhapatnam,New
14707,Customer 14707,Vijayawada,Returning
14708,Customer 14708,Tirupati,VIP
14709,Customer 14709,Anantapur,New
14710,Customer 14710,Nellore,Returning
14711,Customer 14711,Ongole,New
14712,Customer 14712,Vijayawada,VIP
14713,Customer 14713,Kakinada,Returning
14714,Customer 14714,Rajahmundry,New
14715,Customer 14715,Visakhapatnam,Returning
14716,Customer 14716,Guntur,New
14717,Customer 14717,Tirupati,VIP
14718,Customer 14718,Tirupati,Returning
14719,Customer 14719,Guntur,VIP
14720,Customer 14720,Tirupati,New
14721,Customer 14721,Vijayawada,New
14722,Customer 14722,Anantapur,VIP
14723,Customer 14723,Tirupati,New
14724,Customer 14724,Kurnool,VIP
14725,Customer 14725,Kurnool,Returning
14726,Customer 14726,Visakhapatnam,VIP
14727,Customer 14727,Guntur,Returning
14728,Customer 14728,Visakhapatnam,New
14729,Customer 14729,Ongole,New
14730,Customer 14730,Ongole,VIP
14731,Customer 14731,Tirupati,Returning
14732,Customer 14732,Visakhapatnam,New
14733,Customer 14733,Ongole,New
14734,Customer 14734,Rajahmundry,Returning
14735,Customer 14735,Ongole,New
14736,Customer 14736,Nellore,New
14737,Customer 14737,Ongole,New
14738,Customer 14738,Ongole,New
14739,Customer 14739,Guntur,Returning
14740,Customer 14740,Kurnool,Returning
14741,Customer 14741,Kakinada,Returning
14742,Customer 14742,Kurnool,Returning
14743,Customer 14743,Tirupati,New
14744,Customer 14744,Anantapur,VIP
14745,Customer 14745,Ongole,Returning
14746,Customer 14746,Anantapur,New
14747,Customer 14747,Visakhapatnam,VIP
14748,Customer 14748,Visakhapatnam,New
14749,Customer 14749,Kurnool,VIP
14750,Customer 14750,Nellore,VIP
14751,Customer 14751,Tirupati,VIP
14752,Customer 14752,Kurnool,Returning
14753,Customer 14753,Vijayawada,VIP
14754,Customer 14754,Anantapur,New
14755,Customer 14755,Nellore,New
14756,Customer 14756,Vijayawada,New
14757,Customer 14757,Nellore,Returning
14758,Customer 14758,Tirupati,VIP
14759,Customer 14759,Guntur,New
14760,Customer 14760,Visakhapatnam,Returning
14761,Customer 14761,Kakinada,VIP
14762,Customer 14762,Guntur,Returning
14763,Customer 14763,Tirupati,VIP
14764,Customer 14764,Rajahmundry,Returning
14765,Customer 14765,Tirupati,VIP
14766,Customer 14766,Kurnool,Returning
14767,Customer 14767,Vijayawada,VIP
14768,Customer 14768,Rajahmundry,New
14769,Customer 14769,Tirupati,Returning
14770,Customer 14770,Visakhapatnam,New
14771,Customer 14771,Guntur,VIP
14772,Customer 14772,Vijayawada,New
14773,Customer 14773,Anantapur,Returning
14774,Customer 14774,Ongole,New
14775,Customer 14775,Kakinada,Returning
14776,Customer 14776,Visakhapatnam,VIP
14777,Customer 14777,Guntur,New
14778,Customer 14778,Kurnool,New
14779,Customer 14779,Visakhapatnam,Returning
14780,Customer 14780,Nellore,Returning
14781,Customer 14781,Kurnool,Returning
14782,Customer 14782,Visakhapatnam,New
14783,Customer 14783,Kakinada,Returning
14784,Customer 14784,Kurnool,Returning
14785,Customer 14785,Anantapur,Returning
14786,Customer 14786,Visakhapatnam,VIP
14787,Customer 14787,Kakinada,VIP
14788,Customer 14788,Ongole,Returning
14789,Customer 14789,Guntur,VIP
14790,Customer 14790,Anantapur,VIP
14791,Customer 14791,Vijayawada,Returning
14792,Customer 14792,Kurnool,New
14793,Customer 14793,Tirupati,VIP
14794,Customer 14794,Ongole,New
14795,Customer 14795,Vijayawada,New
14796,Customer 14796,Visakhapatnam,VIP
14797,Customer 14797,Kurnool,VIP
14798,Customer 14798,Ongole,New
14799,Customer 14799,Rajahmundry,New
14800,Customer 14800,Ongole,VIP
14801,Customer 14801,Nellore,Returning
14802,Customer 14802,Kakinada,Returning
14803,Customer 14803,Guntur,VIP
14804,Customer 14804,Nellore,VIP
14805,Customer 14805,Kurnool,VIP
14806,Customer 14806,Kakinada,Returning
14807,Customer 14807,Nellore,New
14808,Customer 14808,Kurnool,Returning
14809,Customer 14809,Anantapur,New
14810,Customer 14810,Guntur,New
14811,Customer 14811,Kakinada,VIP
14812,Customer 14812,Vijayawada,New
14813,Customer 14813,Tirupati,New
14814,Customer 14814,Nellore,VIP
14815,Customer 14815,Anantapur,New
14816,Customer 14816,Vijayawada,Returning
14817,Customer 14817,Anantapur,VIP
14818,Customer 14818,Kurnool,Returning
14819,Customer 14819,Guntur,New
14820,Customer 14820,Anantapur,Returning
14821,Customer 14821,Ongole,New
14822,Customer 14822,Guntur,New
14823,Customer 14823,Rajahmundry,Returning
14824,Customer 14824,Visakhapatnam,New
14825,Customer 14825,Anantapur,VIP
14826,Customer 14826,Guntur,Returning
14827,Customer 14827,Kurnool,VIP
14828,Customer 14828,Vijayawada,VIP
14829,Customer 14829,Kurnool,VIP
14830,Customer 14830,Kakinada,New
14831,Customer 14831,Ongole,VIP
14832,Customer 14832,Guntur,Returning
14833,Customer 14833,Tirupati,VIP
14834,Customer 14834,Ongole,Returning
14835,Customer 14835,Visakhapatnam,New
14836,Customer 14836,Tirupati,VIP
14837,Customer 14837,Nellore,New
14838,Customer 14838,Anantapur,New
14839,Customer 14839,Nellore,Returning
14840,Customer 14840,Anantapur,Returning
14841,Customer 14841,Rajahmundry,Returning
14842,Customer 14842,Kurnool,Returning
14843,Customer 14843,Tirupati,New
14844,Customer 14844,Kakinada,Returning
14845,Customer 14845,Ongole,Returning
14846,Customer 14846,Rajahmundry,New
14847,Customer 14847,Vijayawada,VIP
14848,Customer 14848,Tirupati,Returning
14849,Customer 14849,Kurnool,New
14850,Customer 14850,Ongole,Returning
14851,Customer 14851,Vijayawada,VIP
14852,Customer 14852,Ongole,Returning
14853,Customer 14853,Visakhapatnam,Returning
14854,Customer 14854,Ongole,New
14855,Customer 14855,Kurnool,Returning
14856,Customer 14856,Kakinada,New
14857,Customer 14857,Ongole,New
14858,Customer 14858,Guntur,New
14859,Customer 14859,Anantapur,New
14860,Customer 14860,Visakhapatnam,Returning
14861,Customer 14861,Kurnool,New
14862,Customer 14862,Kurnool,New
14863,Customer 14863,Guntur,VIP
14864,Customer 14864,Visakhapatnam,New
14865,Customer 14865,Ongole,Returning
14866,Customer 14866,Guntur,Returning
14867,Customer 14867,Nellore,New
14868,Customer 14868,Kurnool,VIP
14869,Customer 14869,Guntur,Returning
14870,Customer 14870,Kakinada,Returning
14871,Customer 14871,Tirupati,Returning
14872,Customer 14872,Rajahmundry,Returning
14873,Customer 14873,Guntur,Returning
14874,Customer 14874,Nellore,VIP
14875,Customer 14875,Vijayawada,New
14876,Customer 14876,Nellore,VIP
14877,Customer 14877,Kurnool,New
14878,Customer 14878,Kurnool,New
14879,Customer 14879,Rajahmundry,Returning
14880,Customer 14880,Tirupati,Returning
14881,Customer 14881,Tirupati,VIP
14882,Customer 14882,Nellore,VIP
14883,Customer 14883,Kurnool,New
14884,Customer 14884,Visakhapatnam,Returning
14885,Customer 14885,Anantapur,Returning
14886,Customer 14886,Rajahmundry,New
14887,Customer 14887,Tirupati,VIP
14888,Customer 14888,Rajahmundry,Returning
14889,Customer 14889,Guntur,Returning
14890,Customer 14890,Ongole,New
14891,Customer 14891,Kurnool,Returning
14892,Customer 14892,Nellore,VIP
14893,Customer 14893,Anantapur,Returning
14894,Customer 14894,Visakhapatnam,New
14895,Customer 14895,Vijayawada,VIP
14896,Customer 14896,Vijayawada,Returning
14897,Customer 14897,Rajahmundry,VIP
14898,Customer 14898,Tirupati,Returning
14899,Customer 14899,Vijayawada,Returning
14900,Customer 14900,Vijayawada,VIP
14901,Customer 14901,Ongole,New
14902,Customer 14902,Nellore,New
14903,Customer 14903,Vijayawada,Returning
14904,Customer 14904,Kurnool,New
14905,Customer 14905,Rajahmundry,New
14906,Customer 14906,Kurnool,New
14907,Customer 14907,Guntur,VIP
14908,Customer 14908,Visakhapatnam,Returning
14909,Customer 14909,Kurnool,New
14910,Customer 14910,Guntur,New
14911,Customer 14911,Nellore,VIP
14912,Customer 14912,Anantapur,Returning
14913,Customer 14913,Vijayawada,Returning
14914,Customer 14914,Nellore,Returning
14915,Customer 14915,Kakinada,New
14916,Customer 14916,Tirupati,Returning
14917,Customer 14917,Vijayawada,VIP
14918,Customer 14918,Tirupati,VIP
14919,Customer 14919,Tirupati,Returning
14920,Customer 14920,Kurnool,Returning
14921,Customer 14921,Tirupati,Returning
14922,Customer 14922,Ongole,New
14923,Customer 14923,Kakinada,Returning
14924,Customer 14924,Kurnool,New
14925,Customer 14925,Guntur,Returning
14926,Customer 14926,Kakinada,New
14927,Customer 14927,Visakhapatnam,Returning
14928,Customer 14928,Nellore,New
14929,Customer 14929,Ongole,New
14930,Customer 14930,Tirupati,Returning
14931,Customer 14931,Nellore,VIP
14932,Customer 14932,Vijayawada,Returning
14933,Customer 14933,Tirupati,Returning
14934,Customer 14934,Guntur,VIP
14935,Customer 14935,Kakinada,VIP
14936,Customer 14936,Anantapur,Returning
14937,Customer 14937,Nellore,New
14938,Customer 14938,Kakinada,New
14939,Customer 14939,Anantapur,VIP
14940,Customer 14940,Kurnool,VIP
14941,Customer 14941,Guntur,VIP
14942,Customer 14942,Guntur,Returning
14943,Customer 14943,Nellore,Returning
14944,Customer 14944,Kakinada,VIP
14945,Customer 14945,Ongole,New
14946,Customer 14946,Visakhapatnam,Returning
14947,Customer 14947,Guntur,New
14948,Customer 14948,Anantapur,New
14949,Customer 14949,Tirupati,VIP
14950,Customer 14950,Rajahmundry,Returning
14951,Customer 14951,Tirupati,VIP
14952,Customer 14952,Rajahmundry,VIP
14953,Customer 14953,Visakhapatnam,Returning
14954,Customer 14954,Ongole,VIP
14955,Customer 14955,Rajahmundry,Returning
14956,Customer 14956,Vijayawada,VIP
14957,Customer 14957,Visakhapatnam,New
14958,Customer 14958,Tirupati,VIP
14959,Customer 14959,Ongole,Returning
14960,Customer 14960,Ongole,VIP
14961,Customer 14961,Nellore,Returning
14962,Customer 14962,Ongole,Returning
14963,Customer 14963,Anantapur,New
14964,Customer 14964,Tirupati,New
14965,Customer 14965,Guntur,Returning
14966,Customer 14966,Anantapur,New
14967,Customer 14967,Visakhapatnam,Returning
14968,Customer 14968,Kakinada,VIP
14969,Customer 14969,Vijayawada,VIP
14970,Customer 14970,Rajahmundry,New
14971,Customer 14971,Tirupati,New
14972,Customer 14972,Visakhapatnam,New
14973,Customer 14973,Guntur,Returning
14974,Customer 14974,Kakinada,New
14975,Customer 14975,Kakinada,VIP
14976,Customer 14976,Vijayawada,VIP
14977,Customer 14977,Rajahmundry,Returning
14978,Customer 14978,Guntur,New
14979,Customer 14979,Tirupati,New
14980,Customer 14980,Vijayawada,Returning
14981,Customer 14981,Tirupati,New
14982,Customer 14982,Guntur,Returning
14983,Customer 14983,Vijayawada,New
14984,Customer 14984,Kakinada,New
14985,Customer 14985,Kurnool,Returning
14986,Customer 14986,Anantapur,New
14987,Customer 14987,Guntur,New
14988,Customer 14988,Visakhapatnam,VIP
14989,Customer 14989,Visakhapatnam,Returning
14990,Customer 14990,Guntur,VIP
14991,Customer 14991,Kakinada,VIP
14992,Customer 14992,Rajahmundry,VIP
14993,Customer 14993,Rajahmundry,Returning
14994,Customer 14994,Kakinada,Returning
14995,Customer 14995,Vijayawada,New
14996,Customer 14996,Visakhapatnam,New
14997,Customer 14997,Rajahmundry,New
14998,Customer 14998,Kurnool,VIP
14999,Customer 14999,Rajahmundry,Returning
15000,Customer 15000,Vijayawada,Returning
15001,Customer 15001,Kakinada,Returning
15002,Customer 15002,Tirupati,Returning
15003,Customer 15003,Visakhapatnam,VIP
15004,Customer 15004,Nellore,New
15005,Customer 15005,Vijayawada,New
15006,Customer 15006,Vijayawada,VIP
15007,Customer 15007,Rajahmundry,New
15008,Customer 15008,Nellore,VIP
15009,Customer 15009,Kakinada,New
15010,Customer 15010,Rajahmundry,New
15011,Customer 15011,Kakinada,New
15012,Customer 15012,Anantapur,New
15013,Customer 15013,Kurnool,New
15014,Customer 15014,Vijayawada,New
15015,Customer 15015,Guntur,New
15016,Customer 15016,Guntur,VIP
15017,Customer 15017,Anantapur,Returning
15018,Customer 15018,Guntur,VIP
15019,Customer 15019,Ongole,Returning
15020,Customer 15020,Visakhapatnam,VIP
15021,Customer 15021,Tirupati,Returning
15022,Customer 15022,Tirupati,New
15023,Customer 15023,Vijayawada,Returning
15024,Customer 15024,Nellore,Returning
15025,Customer 15025,Guntur,New
15026,Customer 15026,Vijayawada,Returning
15027,Customer 15027,Nellore,New
15028,Customer 15028,Kurnool,VIP
15029,Customer 15029,Rajahmundry,VIP
15030,Customer 15030,Nellore,Returning
15031,Customer 15031,Rajahmundry,New
15032,Customer 15032,Kurnool,New
15033,Customer 15033,Ongole,New
15034,Customer 15034,Tirupati,New
15035,Customer 15035,Nellore,Returning
15036,Customer 15036,Nellore,Returning
15037,Customer 15037,Guntur,VIP
15038,Customer 15038,Rajahmundry,VIP
15039,Customer 15039,Rajahmundry,Returning
15040,Customer 15040,Ongole,Returning
15041,Customer 15041,Anantapur,VIP
15042,Customer 15042,Visakhapatnam,Returning
15043,Customer 15043,Kakinada,VIP
15044,Customer 15044,Guntur,Returning
15045,Customer 15045,Kakinada,VIP
15046,Customer 15046,Kurnool,New
15047,Customer 15047,Kakinada,New
15048,Customer 15048,Rajahmundry,Returning
15049,Customer 15049,Tirupati,New
15050,Customer 15050,Ongole,Returning
15051,Customer 15051,Nellore,VIP
15052,Customer 15052,Vijayawada,VIP
15053,Customer 15053,Kakinada,New
15054,Customer 15054,Guntur,VIP
15055,Customer 15055,Vijayawada,New
15056,Customer 15056,Guntur,New
15057,Customer 15057,Anantapur,Returning
15058,Customer 15058,Guntur,Returning
15059,Customer 15059,Kakinada,New
15060,Customer 15060,Kurnool,Returning
15061,Customer 15061,Ongole,VIP
15062,Customer 15062,Kakinada,VIP
15063,Customer 15063,Visakhapatnam,VIP
15064,Customer 15064,Kakinada,New
15065,Customer 15065,Tirupati,Returning
15066,Customer 15066,Tirupati,VIP
15067,Customer 15067,Nellore,New
15068,Customer 15068,Kakinada,Returning
15069,Customer 15069,Visakhapatnam,New
15070,Customer 15070,Kakinada,Returning
15071,Customer 15071,Vijayawada,New
15072,Customer 15072,Nellore,VIP
15073,Customer 15073,Anantapur,Returning
15074,Customer 15074,Kurnool,VIP
15075,Customer 15075,Kurnool,New
15076,Customer 15076,Anantapur,New
15077,Customer 15077,Kurnool,New
15078,Customer 15078,Ongole,VIP
15079,Customer 15079,Tirupati,VIP
15080,Customer 15080,Anantapur,New
15081,Customer 15081,Kurnool,Returning
15082,Customer 15082,Kakinada,Returning
15083,Customer 15083,Rajahmundry,Returning
15084,Customer 15084,Anantapur,Returning
15085,Customer 15085,Visakhapatnam,VIP
15086,Customer 15086,Kurnool,New
15087,Customer 15087,Tirupati,VIP
15088,Customer 15088,Nellore,Returning
15089,Customer 15089,Nellore,New
15090,Customer 15090,Kakinada,New
15091,Customer 15091,Tirupati,New
15092,Customer 15092,Guntur,New
15093,Customer 15093,Guntur,New
15094,Customer 15094,Kakinada,New
15095,Customer 15095,Kakinada,Returning
15096,Customer 15096,Tirupati,New
15097,Customer 15097,Vijayawada,Returning
15098,Customer 15098,Kakinada,New
15099,Customer 15099,Kakinada,VIP
15100,Customer 15100,Vijayawada,Returning
15101,Customer 15101,Kurnool,Returning
15102,Customer 15102,Kurnool,VIP
15103,Customer 15103,Anantapur,Returning
15104,Customer 15104,Ongole,VIP
15105,Customer 15105,Guntur,VIP
15106,Customer 15106,Guntur,New
15107,Customer 15107,Kakinada,Returning
15108,Customer 15108,Rajahmundry,Returning
15109,Customer 15109,Kakinada,VIP
15110,Customer 15110,Ongole,Returning
15111,Customer 15111,Visakhapatnam,VIP
15112,Customer 15112,Nellore,Returning
15113,Customer 15113,Nellore,Returning
15114,Customer 15114,Nellore,New
15115,Customer 15115,Rajahmundry,New
15116,Customer 15116,Guntur,New
15117,Customer 15117,Vijayawada,New
15118,Customer 15118,Visakhapatnam,Returning
15119,Customer 15119,Kakinada,Returning
15120,Customer 15120,Guntur,VIP
15121,Customer 15121,Anantapur,New
15122,Customer 15122,Nellore,VIP
15123,Customer 15123,Kurnool,VIP
15124,Customer 15124,Guntur,New
15125,Customer 15125,Rajahmundry,VIP
15126,Customer 15126,Nellore,New
15127,Customer 15127,Guntur,Returning
15128,Customer 15128,Guntur,New
15129,Customer 15129,Guntur,Returning
15130,Customer 15130,Kurnool,New
15131,Customer 15131,Guntur,New
15132,Customer 15132,Tirupati,New
15133,Customer 15133,Rajahmundry,Returning
15134,Customer 15134,Kurnool,Returning
15135,Customer 15135,Guntur,VIP
15136,Customer 15136,Guntur,VIP
15137,Customer 15137,Tirupati,Returning
15138,Customer 15138,Kurnool,VIP
15139,Customer 15139,Nellore,Returning
15140,Customer 15140,Anantapur,New
15141,Customer 15141,Tirupati,VIP
15142,Customer 15142,Visakhapatnam,New
15143,Customer 15143,Guntur,Returning
15144,Customer 15144,Visakhapatnam,New
15145,Customer 15145,Rajahmundry,VIP
15146,Customer 15146,Rajahmundry,New
15147,Customer 15147,Rajahmundry,Returning
15148,Customer 15148,Kakinada,New
15149,Customer 15149,Ongole,New
15150,Customer 15150,Nellore,New
15151,Customer 15151,Kurnool,VIP
15152,Customer 15152,Guntur,VIP
15153,Customer 15153,Kurnool,Returning
15154,Customer 15154,Kurnool,Returning
15155,Customer 15155,Anantapur,VIP
15156,Customer 15156,Vijayawada,Returning
15157,Customer 15157,Kurnool,Returning
15158,Customer 15158,Visakhapatnam,Returning
15159,Customer 15159,Tirupati,Returning
15160,Customer 15160,Tirupati,New
15161,Customer 15161,Rajahmundry,VIP
15162,Customer 15162,Tirupati,New
15163,Customer 15163,Tirupati,Returning
15164,Customer 15164,Guntur,Returning
15165,Customer 15165,Tirupati,VIP
15166,Customer 15166,Vijayawada,Returning
15167,Customer 15167,Kakinada,VIP
15168,Customer 15168,Vijayawada,Returning
15169,Customer 15169,Ongole,Returning
15170,Customer 15170,Anantapur,Returning
15171,Customer 15171,Ongole,VIP
15172,Customer 15172,Vijayawada,New
15173,Customer 15173,Visakhapatnam,VIP
15174,Customer 15174,Tirupati,VIP
15175,Customer 15175,Visakhapatnam,VIP
15176,Customer 15176,Guntur,New
15177,Customer 15177,Anantapur,Returning
15178,Customer 15178,Kakinada,New
15179,Customer 15179,Kakinada,VIP
15180,Customer 15180,Anantapur,VIP
15181,Customer 15181,Kakinada,New
15182,Customer 15182,Ongole,VIP
15183,Customer 15183,Guntur,New
15184,Customer 15184,Kurnool,Returning
15185,Customer 15185,Tirupati,Returning
15186,Customer 15186,Visakhapatnam,VIP
15187,Customer 15187,Nellore,New
15188,Customer 15188,Nellore,New
15189,Customer 15189,Kurnool,VIP
15190,Customer 15190,Anantapur,VIP
15191,Customer 15191,Tirupati,VIP
15192,Customer 15192,Kakinada,Returning
15193,Customer 15193,Ongole,New
15194,Customer 15194,Nellore,New
15195,Customer 15195,Kurnool,VIP
15196,Customer 15196,Kakinada,New
15197,Customer 15197,Guntur,New
15198,Customer 15198,Rajahmundry,VIP
15199,Customer 15199,Vijayawada,VIP
15200,Customer 15200,Visakhapatnam,New
15201,Customer 15201,Tirupati,Returning
15202,Customer 15202,Visakhapatnam,New
15203,Customer 15203,Rajahmundry,Returning
15204,Customer 15204,Visakhapatnam,New
15205,Customer 15205,Ongole,New
15206,Customer 15206,Nellore,New
15207,Customer 15207,Guntur,VIP
15208,Customer 15208,Kurnool,VIP
15209,Customer 15209,Vijayawada,Returning
15210,Customer 15210,Vijayawada,Returning
15211,Customer 15211,Tirupati,New
15212,Customer 15212,Tirupati,VIP
15213,Customer 15213,Vijayawada,New
15214,Customer 15214,Vijayawada,Returning
15215,Customer 15215,Ongole,New
15216,Customer 15216,Nellore,VIP
15217,Customer 15217,Guntur,Returning
15218,Customer 15218,Vijayawada,VIP
15219,Customer 15219,Visakhapatnam,New
15220,Customer 15220,Kakinada,VIP
15221,Customer 15221,Ongole,VIP
15222,Customer 15222,Ongole,VIP
15223,Customer 15223,Kakinada,New
15224,Customer 15224,Anantapur,New
15225,Customer 15225,Kurnool,Returning
15226,Customer 15226,Nellore,New
15227,Customer 15227,Kurnool,Returning
15228,Customer 15228,Ongole,Returning
15229,Customer 15229,Visakhapatnam,New
15230,Customer 15230,Anantapur,VIP
15231,Customer 15231,Tirupati,VIP
15232,Customer 15232,Kakinada,New
15233,Customer 15233,Visakhapatnam,New
15234,Customer 15234,Anantapur,VIP
15235,Customer 15235,Visakhapatnam,Returning
15236,Customer 15236,Guntur,New
15237,Customer 15237,Anantapur,New
15238,Customer 15238,Kurnool,Returning
15239,Customer 15239,Guntur,New
15240,Customer 15240,Tirupati,New
15241,Customer 15241,Anantapur,Returning
15242,Customer 15242,Nellore,VIP
15243,Customer 15243,Anantapur,Returning
15244,Customer 15244,Kurnool,VIP
15245,Customer 15245,Anantapur,VIP
15246,Customer 15246,Vijayawada,VIP
15247,Customer 15247,Visakhapatnam,Returning
15248,Customer 15248,Kakinada,VIP
15249,Customer 15249,Guntur,New
15250,Customer 15250,Vijayawada,Returning
15251,Customer 15251,Ongole,New
15252,Customer 15252,Vijayawada,New
15253,Customer 15253,Kakinada,Returning
15254,Customer 15254,Kurnool,New
15255,Customer 15255,Guntur,New
15256,Customer 15256,Guntur,VIP
15257,Customer 15257,Nellore,Returning
15258,Customer 15258,Tirupati,VIP
15259,Customer 15259,Kurnool,New
15260,Customer 15260,Vijayawada,New
15261,Customer 15261,Visakhapatnam,VIP
15262,Customer 15262,Vijayawada,VIP
15263,Customer 15263,Kakinada,New
15264,Customer 15264,Ongole,Returning
15265,Customer 15265,Anantapur,VIP
15266,Customer 15266,Ongole,VIP
15267,Customer 15267,Kurnool,New
15268,Customer 15268,Kurnool,VIP
15269,Customer 15269,Anantapur,VIP
15270,Customer 15270,Tirupati,New
15271,Customer 15271,Nellore,New
15272,Customer 15272,Kurnool,Returning
15273,Customer 15273,Rajahmundry,Returning
15274,Customer 15274,Guntur,New
15275,Customer 15275,Nellore,VIP
15276,Customer 15276,Nellore,VIP
15277,Customer 15277,Anantapur,New
15278,Customer 15278,Anantapur,Returning
15279,Customer 15279,Kurnool,Returning
15280,Customer 15280,Guntur,Returning
15281,Customer 15281,Visakhapatnam,New
15282,Customer 15282,Ongole,VIP
15283,Customer 15283,Tirupati,VIP
15284,Customer 15284,Vijayawada,New
15285,Customer 15285,Vijayawada,Returning
15286,Customer 15286,Guntur,New
15287,Customer 15287,Ongole,New
15288,Customer 15288,Rajahmundry,VIP
15289,Customer 15289,Vijayawada,New
15290,Customer 15290,Anantapur,New
15291,Customer 15291,Kurnool,VIP
15292,Customer 15292,Nellore,VIP
15293,Customer 15293,Vijayawada,New
15294,Customer 15294,Kakinada,VIP
15295,Customer 15295,Guntur,New
15296,Customer 15296,Vijayawada,Returning
15297,Customer 15297,Nellore,New
15298,Customer 15298,Guntur,VIP
15299,Customer 15299,Tirupati,New
15300,Customer 15300,Vijayawada,VIP
15301,Customer 15301,Visakhapatnam,VIP
15302,Customer 15302,Visakhapatnam,Returning
15303,Customer 15303,Ongole,VIP
15304,Customer 15304,Kurnool,Returning
15305,Customer 15305,Ongole,Returning
15306,Customer 15306,Vijayawada,VIP
15307,Customer 15307,Tirupati,Returning
15308,Customer 15308,Kakinada,New
15309,Customer 15309,Vijayawada,Returning
15310,Customer 15310,Tirupati,Returning
15311,Customer 15311,Tirupati,VIP
15312,Customer 15312,Rajahmundry,VIP
15313,Customer 15313,Visakhapatnam,Returning
15314,Customer 15314,Vijayawada,Returning
15315,Customer 15315,Nellore,New
15316,Customer 15316,Anantapur,Returning
15317,Customer 15317,Kakinada,VIP
15318,Customer 15318,Rajahmundry,New
15319,Customer 15319,Kakinada,VIP
15320,Customer 15320,Rajahmundry,VIP
15321,Customer 15321,Nellore,VIP
15322,Customer 15322,Kakinada,Returning
15323,Customer 15323,Tirupati,Returning
15324,Customer 15324,Rajahmundry,VIP
15325,Customer 15325,Rajahmundry,Returning
15326,Customer 15326,Rajahmundry,VIP
15327,Customer 15327,Nellore,VIP
15328,Customer 15328,Kurnool,Returning
15329,Customer 15329,Rajahmundry,VIP
15330,Customer 15330,Tirupati,New
15331,Customer 15331,Guntur,VIP
15332,Customer 15332,Visakhapatnam,Returning
15333,Customer 15333,Nellore,Returning
15334,Customer 15334,Nellore,VIP
15335,Customer 15335,Nellore,VIP
15336,Customer 15336,Nellore,New
15337,Customer 15337,Visakhapatnam,Returning
15338,Customer 15338,Rajahmundry,New
15339,Customer 15339,Guntur,VIP
15340,Customer 15340,Visakhapatnam,New
15341,Customer 15341,Rajahmundry,New
15342,Customer 15342,Kakinada,Returning
15343,Customer 15343,Guntur,New
15344,Customer 15344,Vijayawada,VIP
15345,Customer 15345,Visakhapatnam,VIP
15346,Customer 15346,Nellore,New
15347,Customer 15347,Nellore,Returning
15348,Customer 15348,Visakhapatnam,New
15349,Customer 15349,Nellore,VIP
15350,Customer 15350,Visakhapatnam,Returning
15351,Customer 15351,Visakhapatnam,New
15352,Customer 15352,Ongole,VIP
15353,Customer 15353,Ongole,VIP
15354,Customer 15354,Rajahmundry,New
15355,Customer 15355,Visakhapatnam,VIP
15356,Customer 15356,Rajahmundry,VIP
15357,Customer 15357,Nellore,Returning
15358,Customer 15358,Anantapur,New
15359,Customer 15359,Ongole,VIP
15360,Customer 15360,Guntur,VIP
15361,Customer 15361,Nellore,New
15362,Customer 15362,Kurnool,Returning
15363,Customer 15363,Kakinada,Returning
15364,Customer 15364,Nellore,Returning
15365,Customer 15365,Kakinada,Returning
15366,Customer 15366,Nellore,VIP
15367,Customer 15367,Vijayawada,New
15368,Customer 15368,Kurnool,Returning
15369,Customer 15369,Visakhapatnam,New
15370,Customer 15370,Kakinada,New
15371,Customer 15371,Nellore,VIP
15372,Customer 15372,Visakhapatnam,New
15373,Customer 15373,Rajahmundry,New
15374,Customer 15374,Visakhapatnam,New
15375,Customer 15375,Ongole,VIP
15376,Customer 15376,Visakhapatnam,VIP
15377,Customer 15377,Kurnool,Returning
15378,Customer 15378,Visakhapatnam,VIP
15379,Customer 15379,Guntur,New
15380,Customer 15380,Kurnool,VIP
15381,Customer 15381,Nellore,Returning
15382,Customer 15382,Tirupati,Returning
15383,Customer 15383,Nellore,Returning
15384,Customer 15384,Nellore,New
15385,Customer 15385,Rajahmundry,Returning
15386,Customer 15386,Nellore,Returning
15387,Customer 15387,Nellore,VIP
15388,Customer 15388,Ongole,Returning
15389,Customer 15389,Ongole,New
15390,Customer 15390,Kurnool,New
15391,Customer 15391,Tirupati,New
15392,Customer 15392,Guntur,New
15393,Customer 15393,Kakinada,New
15394,Customer 15394,Guntur,Returning
15395,Customer 15395,Visakhapatnam,New
15396,Customer 15396,Guntur,Returning
15397,Customer 15397,Visakhapatnam,Returning
15398,Customer 15398,Guntur,Returning
15399,Customer 15399,Guntur,New
15400,Customer 15400,Vijayawada,Returning
15401,Customer 15401,Ongole,New
15402,Customer 15402,Guntur,New
15403,Customer 15403,Kakinada,Returning
15404,Customer 15404,Nellore,New
15405,Customer 15405,Ongole,Returning
15406,Customer 15406,Ongole,New
15407,Customer 15407,Anantapur,VIP
15408,Customer 15408,Vijayawada,VIP
15409,Customer 15409,Vijayawada,VIP
15410,Customer 15410,Anantapur,VIP
15411,Customer 15411,Visakhapatnam,New
15412,Customer 15412,Ongole,Returning
15413,Customer 15413,Guntur,VIP
15414,Customer 15414,Rajahmundry,New
15415,Customer 15415,Rajahmundry,New
15416,Customer 15416,Visakhapatnam,New
15417,Customer 15417,Guntur,New
15418,Customer 15418,Rajahmundry,New
15419,Customer 15419,Vijayawada,VIP
15420,Customer 15420,Vijayawada,New
15421,Customer 15421,Vijayawada,New
15422,Customer 15422,Visakhapatnam,VIP
15423,Customer 15423,Rajahmundry,New
15424,Customer 15424,Ongole,New
15425,Customer 15425,Ongole,New
15426,Customer 15426,Nellore,Returning
15427,Customer 15427,Nellore,VIP
15428,Customer 15428,Rajahmundry,Returning
15429,Customer 15429,Guntur,VIP
15430,Customer 15430,Ongole,Returning
15431,Customer 15431,Guntur,VIP
15432,Customer 15432,Kurnool,Returning
15433,Customer 15433,Vijayawada,VIP
15434,Customer 15434,Ongole,Returning
15435,Customer 15435,Nellore,New
15436,Customer 15436,Ongole,Returning
15437,Customer 15437,Tirupati,New
15438,Customer 15438,Guntur,VIP
15439,Customer 15439,Visakhapatnam,New
15440,Customer 15440,Visakhapatnam,VIP
15441,Customer 15441,Kakinada,Returning
15442,Customer 15442,Nellore,New
15443,Customer 15443,Kurnool,VIP
15444,Customer 15444,Rajahmundry,VIP
15445,Customer 15445,Guntur,Returning
15446,Customer 15446,Visakhapatnam,New
15447,Customer 15447,Tirupati,VIP
15448,Customer 15448,Guntur,Returning
15449,Customer 15449,Kakinada,New
15450,Customer 15450,Vijayawada,New
15451,Customer 15451,Ongole,New
15452,Customer 15452,Kurnool,VIP
15453,Customer 15453,Rajahmundry,Returning
15454,Customer 15454,Nellore,Returning
15455,Customer 15455,Kakinada,New
15456,Customer 15456,Guntur,VIP
15457,Customer 15457,Tirupati,New
15458,Customer 15458,Kakinada,New
15459,Customer 15459,Rajahmundry,New
15460,Customer 15460,Vijayawada,VIP
15461,Customer 15461,Vijayawada,VIP
15462,Customer 15462,Anantapur,VIP
15463,Customer 15463,Rajahmundry,Returning
15464,Customer 15464,Vijayawada,New
15465,Customer 15465,Guntur,Returning
15466,Customer 15466,Vijayawada,Returning
15467,Customer 15467,Vijayawada,Returning
15468,Customer 15468,Ongole,Returning
15469,Customer 15469,Anantapur,New
15470,Customer 15470,Visakhapatnam,New
15471,Customer 15471,Kurnool,VIP
15472,Customer 15472,Guntur,Returning
15473,Customer 15473,Visakhapatnam,Returning
15474,Customer 15474,Anantapur,VIP
15475,Customer 15475,Rajahmundry,New
15476,Customer 15476,Ongole,New
15477,Customer 15477,Ongole,VIP
15478,Customer 15478,Kakinada,Returning
15479,Customer 15479,Nellore,VIP
15480,Customer 15480,Tirupati,VIP
15481,Customer 15481,Guntur,Returning
15482,Customer 15482,Tirupati,VIP
15483,Customer 15483,Rajahmundry,Returning
15484,Customer 15484,Visakhapatnam,New
15485,Customer 15485,Nellore,New
15486,Customer 15486,Tirupati,VIP
15487,Customer 15487,Visakhapatnam,Returning
15488,Customer 15488,Anantapur,New
15489,Customer 15489,Kakinada,VIP
15490,Customer 15490,Kurnool,Returning
15491,Customer 15491,Tirupati,VIP
15492,Customer 15492,Kurnool,New
15493,Customer 15493,Visakhapatnam,New
15494,Customer 15494,Vijayawada,VIP
15495,Customer 15495,Kakinada,VIP
15496,Customer 15496,Visakhapatnam,Returning
15497,Customer 15497,Anantapur,New
15498,Customer 15498,Ongole,New
15499,Customer 15499,Tirupati,New
15500,Customer 15500,Ongole,Returning
15501,Customer 15501,Kurnool,VIP
15502,Customer 15502,Vijayawada,New
15503,Customer 15503,Ongole,Returning
15504,Customer 15504,Anantapur,New
15505,Customer 15505,Ongole,Returning
15506,Customer 15506,Kurnool,New
15507,Customer 15507,Kurnool,New
15508,Customer 15508,Nellore,VIP
15509,Customer 15509,Rajahmundry,New
15510,Customer 15510,Vijayawada,New
15511,Customer 15511,Ongole,VIP
15512,Customer 15512,Nellore,Returning
15513,Customer 15513,Ongole,VIP
15514,Customer 15514,Kurnool,New
15515,Customer 15515,Nellore,Returning
15516,Customer 15516,Kakinada,New
15517,Customer 15517,Rajahmundry,VIP
15518,Customer 15518,Visakhapatnam,Returning
15519,Customer 15519,Rajahmundry,Returning
15520,Customer 15520,Kakinada,Returning
15521,Customer 15521,Kurnool,New
15522,Customer 15522,Visakhapatnam,Returning
15523,Customer 15523,Rajahmundry,VIP
15524,Customer 15524,Tirupati,VIP
15525,Customer 15525,Rajahmundry,New
15526,Customer 15526,Guntur,VIP
15527,Customer 15527,Guntur,New
15528,Customer 15528,Nellore,New
15529,Customer 15529,Guntur,Returning
15530,Customer 15530,Kurnool,VIP
15531,Customer 15531,Rajahmundry,New
15532,Customer 15532,Rajahmundry,New
15533,Customer 15533,Tirupati,New
15534,Customer 15534,Rajahmundry,VIP
15535,Customer 15535,Anantapur,New
15536,Customer 15536,Anantapur,VIP
15537,Customer 15537,Rajahmundry,VIP
15538,Customer 15538,Rajahmundry,Returning
15539,Customer 15539,Ongole,New
15540,Customer 15540,Kurnool,VIP
15541,Customer 15541,Anantapur,VIP
15542,Customer 15542,Anantapur,Returning
15543,Customer 15543,Tirupati,VIP
15544,Customer 15544,Visakhapatnam,VIP
15545,Customer 15545,Kurnool,Returning
15546,Customer 15546,Anantapur,New
15547,Customer 15547,Visakhapatnam,VIP
15548,Customer 15548,Visakhapatnam,New
15549,Customer 15549,Kurnool,VIP
15550,Customer 15550,Vijayawada,New
15551,Customer 15551,Kakinada,Returning
15552,Customer 15552,Guntur,VIP
15553,Customer 15553,Vijayawada,VIP
15554,Customer 15554,Nellore,Returning
15555,Customer 15555,Nellore,New
15556,Customer 15556,Kurnool,Returning
15557,Customer 15557,Tirupati,VIP
15558,Customer 15558,Anantapur,VIP
15559,Customer 15559,Kurnool,VIP
15560,Customer 15560,Ongole,New
15561,Customer 15561,Ongole,Returning
15562,Customer 15562,Visakhapatnam,Returning
15563,Customer 15563,Nellore,Returning
15564,Customer 15564,Tirupati,New
15565,Customer 15565,Kakinada,Returning
15566,Customer 15566,Guntur,New
15567,Customer 15567,Rajahmundry,Returning
15568,Customer 15568,Kakinada,VIP
15569,Customer 15569,Anantapur,VIP
15570,Customer 15570,Kurnool,New
15571,Customer 15571,Kurnool,Returning
15572,Customer 15572,Kurnool,New
15573,Customer 15573,Tirupati,Returning
15574,Customer 15574,Vijayawada,VIP
15575,Customer 15575,Tirupati,VIP
15576,Customer 15576,Guntur,VIP
15577,Customer 15577,Tirupati,VIP
15578,Customer 15578,Kakinada,Returning
15579,Customer 15579,Kurnool,New
15580,Customer 15580,Vijayawada,Returning
15581,Customer 15581,Vijayawada,VIP
15582,Customer 15582,Vijayawada,VIP
15583,Customer 15583,Ongole,VIP
15584,Customer 15584,Ongole,New
15585,Customer 15585,Rajahmundry,VIP
15586,Customer 15586,Visakhapatnam,New
15587,Customer 15587,Nellore,New
15588,Customer 15588,Kakinada,New
15589,Customer 15589,Vijayawada,New
15590,Customer 15590,Visakhapatnam,New
15591,Customer 15591,Visakhapatnam,Returning
15592,Customer 15592,Visakhapatnam,New
15593,Customer 15593,Kurnool,Returning
15594,Customer 15594,Visakhapatnam,Returning
15595,Customer 15595,Kurnool,New
15596,Customer 15596,Tirupati,New
15597,Customer 15597,Kurnool,VIP
15598,Customer 15598,Nellore,VIP
15599,Customer 15599,Ongole,New
15600,Customer 15600,Visakhapatnam,VIP
15601,Customer 15601,Visakhapatnam,New
15602,Customer 15602,Ongole,New
15603,Customer 15603,Nellore,VIP
15604,Customer 15604,Guntur,Returning
15605,Customer 15605,Vijayawada,Returning
15606,Customer 15606,Anantapur,VIP
15607,Customer 15607,Kurnool,New
15608,Customer 15608,Vijayawada,New
15609,Customer 15609,Tirupati,VIP
15610,Customer 15610,Visakhapatnam,Returning
15611,Customer 15611,Ongole,Returning
15612,Customer 15612,Guntur,New
15613,Customer 15613,Kakinada,New
15614,Customer 15614,Anantapur,Returning
15615,Customer 15615,Nellore,New
15616,Customer 15616,Visakhapatnam,VIP
15617,Customer 15617,Vijayawada,New
15618,Customer 15618,Visakhapatnam,VIP
15619,Customer 15619,Nellore,Returning
15620,Customer 15620,Kurnool,VIP
15621,Customer 15621,Guntur,VIP
15622,Customer 15622,Vijayawada,VIP
15623,Customer 15623,Guntur,New
15624,Customer 15624,Anantapur,VIP
15625,Customer 15625,Nellore,Returning
15626,Customer 15626,Guntur,Returning
15627,Customer 15627,Visakhapatnam,New
15628,Customer 15628,Ongole,VIP
15629,Customer 15629,Kakinada,VIP
15630,Customer 15630,Rajahmundry,New
15631,Customer 15631,Guntur,VIP
15632,Customer 15632,Visakhapatnam,VIP
15633,Customer 15633,Guntur,VIP
15634,Customer 15634,Rajahmundry,Returning
15635,Customer 15635,Visakhapatnam,VIP
15636,Customer 15636,Tirupati,Returning
15637,Customer 15637,Ongole,New
15638,Customer 15638,Rajahmundry,New
15639,Customer 15639,Tirupati,Returning
15640,Customer 15640,Kakinada,VIP
15641,Customer 15641,Vijayawada,Returning
15642,Customer 15642,Anantapur,New
15643,Customer 15643,Kurnool,New
15644,Customer 15644,Visakhapatnam,VIP
15645,Customer 15645,Anantapur,Returning
15646,Customer 15646,Rajahmundry,New
15647,Customer 15647,Kakinada,New
15648,Customer 15648,Ongole,New
15649,Customer 15649,Ongole,New
15650,Customer 15650,Rajahmundry,Returning
15651,Customer 15651,Nellore,New
15652,Customer 15652,Anantapur,VIP
15653,Customer 15653,Anantapur,Returning
15654,Customer 15654,Nellore,VIP
15655,Customer 15655,Vijayawada,VIP
15656,Customer 15656,Anantapur,Returning
15657,Customer 15657,Tirupati,Returning
15658,Customer 15658,Tirupati,VIP
15659,Customer 15659,Guntur,New
15660,Customer 15660,Tirupati,New
15661,Customer 15661,Vijayawada,VIP
15662,Customer 15662,Rajahmundry,VIP
15663,Customer 15663,Nellore,VIP
15664,Customer 15664,Vijayawada,Returning
15665,Customer 15665,Tirupati,Returning
15666,Customer 15666,Visakhapatnam,Returning
15667,Customer 15667,Kakinada,VIP
15668,Customer 15668,Anantapur,Returning
15669,Customer 15669,Ongole,Returning
15670,Customer 15670,Visakhapatnam,VIP
15671,Customer 15671,Kakinada,New
15672,Customer 15672,Rajahmundry,VIP
15673,Customer 15673,Nellore,New
15674,Customer 15674,Visakhapatnam,New
15675,Customer 15675,Guntur,Returning
15676,Customer 15676,Kurnool,VIP
15677,Customer 15677,Tirupati,VIP
15678,Customer 15678,Rajahmundry,VIP
15679,Customer 15679,Kakinada,VIP
15680,Customer 15680,Nellore,New
15681,Customer 15681,Rajahmundry,New
15682,Customer 15682,Guntur,Returning
15683,Customer 15683,Visakhapatnam,VIP
15684,Customer 15684,Visakhapatnam,VIP
15685,Customer 15685,Anantapur,New
15686,Customer 15686,Tirupati,VIP
15687,Customer 15687,Kurnool,Returning
15688,Customer 15688,Vijayawada,New
15689,Customer 15689,Nellore,VIP
15690,Customer 15690,Tirupati,VIP
15691,Customer 15691,Nellore,Returning
15692,Customer 15692,Visakhapatnam,VIP
15693,Customer 15693,Rajahmundry,VIP
15694,Customer 15694,Kakinada,New
15695,Customer 15695,Guntur,VIP
15696,Customer 15696,Rajahmundry,New
15697,Customer 15697,Vijayawada,Returning
15698,Customer 15698,Kakinada,Returning
15699,Customer 15699,Anantapur,New
15700,Customer 15700,Kurnool,Returning
15701,Customer 15701,Anantapur,VIP
15702,Customer 15702,Kakinada,Returning
15703,Customer 15703,Rajahmundry,New
15704,Customer 15704,Visakhapatnam,VIP
15705,Customer 15705,Vijayawada,VIP
15706,Customer 15706,Ongole,VIP
15707,Customer 15707,Tirupati,New
15708,Customer 15708,Anantapur,VIP
15709,Customer 15709,Kurnool,New
15710,Customer 15710,Kakinada,New
15711,Customer 15711,Ongole,Returning
15712,Customer 15712,Ongole,Returning
15713,Customer 15713,Visakhapatnam,Returning
15714,Customer 15714,Tirupati,VIP
15715,Customer 15715,Kurnool,Returning
15716,Customer 15716,Kurnool,VIP
15717,Customer 15717,Vijayawada,Returning
15718,Customer 15718,Rajahmundry,Returning
15719,Customer 15719,Rajahmundry,VIP
15720,Customer 15720,Visakhapatnam,Returning
15721,Customer 15721,Kakinada,Returning
15722,Customer 15722,Vijayawada,New
15723,Customer 15723,Visakhapatnam,Returning
15724,Customer 15724,Nellore,New
15725,Customer 15725,Rajahmundry,New
15726,Customer 15726,Anantapur,New
15727,Customer 15727,Anantapur,New
15728,Customer 15728,Visakhapatnam,New
15729,Customer 15729,Tirupati,New
15730,Customer 15730,Ongole,Returning
15731,Customer 15731,Ongole,VIP
15732,Customer 15732,Kakinada,Returning
15733,Customer 15733,Kurnool,VIP
15734,Customer 15734,Guntur,New
15735,Customer 15735,Anantapur,New
15736,Customer 15736,Ongole,Returning
15737,Customer 15737,Tirupati,VIP
15738,Customer 15738,Kurnool,New
15739,Customer 15739,Kakinada,VIP
15740,Customer 15740,Tirupati,New
15741,Customer 15741,Nellore,New
15742,Customer 15742,Guntur,VIP
15743,Customer 15743,Anantapur,Returning
15744,Customer 15744,Vijayawada,New
15745,Customer 15745,Nellore,Returning
15746,Customer 15746,Rajahmundry,VIP
15747,Customer 15747,Vijayawada,New
15748,Customer 15748,Kurnool,New
15749,Customer 15749,Rajahmundry,New
15750,Customer 15750,Vijayawada,VIP
15751,Customer 15751,Nellore,New
15752,Customer 15752,Kurnool,Returning
15753,Customer 15753,Vijayawada,New
15754,Customer 15754,Kurnool,Returning
15755,Customer 15755,Visakhapatnam,New
15756,Customer 15756,Visakhapatnam,Returning
15757,Customer 15757,Vijayawada,VIP
15758,Customer 15758,Rajahmundry,Returning
15759,Customer 15759,Guntur,Returning
15760,Customer 15760,Vijayawada,New
15761,Customer 15761,Visakhapatnam,Returning
15762,Customer 15762,Kakinada,VIP
15763,Customer 15763,Anantapur,New
15764,Customer 15764,Rajahmundry,VIP
15765,Customer 15765,Kurnool,VIP
15766,Customer 15766,Anantapur,VIP
15767,Customer 15767,Vijayawada,Returning
15768,Customer 15768,Tirupati,VIP
15769,Customer 15769,Vijayawada,Returning
15770,Customer 15770,Anantapur,Returning
15771,Customer 15771,Nellore,Returning
15772,Customer 15772,Anantapur,New
15773,Customer 15773,Ongole,VIP
15774,Customer 15774,Tirupati,New
15775,Customer 15775,Anantapur,Returning
15776,Customer 15776,Rajahmundry,New
15777,Customer 15777,Rajahmundry,VIP
15778,Customer 15778,Rajahmundry,Returning
15779,Customer 15779,Vijayawada,New
15780,Customer 15780,Nellore,VIP
15781,Customer 15781,Guntur,VIP
15782,Customer 15782,Rajahmundry,Returning
15783,Customer 15783,Ongole,New
15784,Customer 15784,Vijayawada,Returning
15785,Customer 15785,Nellore,VIP
15786,Customer 15786,Nellore,New
15787,Customer 15787,Kakinada,Returning
15788,Customer 15788,Anantapur,Returning
15789,Customer 15789,Rajahmundry,New
15790,Customer 15790,Tirupati,Returning
15791,Customer 15791,Kurnool,Returning
15792,Customer 15792,Kakinada,VIP
15793,Customer 15793,Tirupati,Returning
15794,Customer 15794,Kakinada,VIP
15795,Customer 15795,Kakinada,VIP
15796,Customer 15796,Rajahmundry,VIP
15797,Customer 15797,Visakhapatnam,VIP
15798,Customer 15798,Ongole,VIP
15799,Customer 15799,Kurnool,New
15800,Customer 15800,Guntur,New
15801,Customer 15801,Rajahmundry,Returning
15802,Customer 15802,Visakhapatnam,Returning
15803,Customer 15803,Visakhapatnam,VIP
15804,Customer 15804,Visakhapatnam,New
15805,Customer 15805,Visakhapatnam,VIP
15806,Customer 15806,Anantapur,New
15807,Customer 15807,Guntur,VIP
15808,Customer 15808,Visakhapatnam,New
15809,Customer 15809,Ongole,Returning
15810,Customer 15810,Rajahmundry,Returning
15811,Customer 15811,Ongole,VIP
15812,Customer 15812,Anantapur,Returning
15813,Customer 15813,Tirupati,VIP
15814,Customer 15814,Ongole,VIP
15815,Customer 15815,Guntur,VIP
15816,Customer 15816,Ongole,VIP
15817,Customer 15817,Rajahmundry,New
15818,Customer 15818,Tirupati,New
15819,Customer 15819,Vijayawada,Returning
15820,Customer 15820,Vijayawada,VIP
15821,Customer 15821,Anantapur,New
15822,Customer 15822,Ongole,New
15823,Customer 15823,Tirupati,VIP
15824,Customer 15824,Guntur,Returning
15825,Customer 15825,Vijayawada,VIP
15826,Customer 15826,Vijayawada,VIP
15827,Customer 15827,Guntur,VIP
15828,Customer 15828,Rajahmundry,Returning
15829,Customer 15829,Rajahmundry,Returning
15830,Customer 15830,Ongole,New
15831,Customer 15831,Vijayawada,VIP
15832,Customer 15832,Rajahmundry,VIP
15833,Customer 15833,Visakhapatnam,Returning
15834,Customer 15834,Guntur,VIP
15835,Customer 15835,Visakhapatnam,New
15836,Customer 15836,Kakinada,VIP
15837,Customer 15837,Guntur,VIP
15838,Customer 15838,Visakhapatnam,New
15839,Customer 15839,Visakhapatnam,Returning
15840,Customer 15840,Guntur,Returning
15841,Customer 15841,Vijayawada,VIP
15842,Customer 15842,Kurnool,VIP
15843,Customer 15843,Rajahmundry,New
15844,Customer 15844,Rajahmundry,New
15845,Customer 15845,Nellore,VIP
15846,Customer 15846,Vijayawada,Returning
15847,Customer 15847,Rajahmundry,VIP
15848,Customer 15848,Rajahmundry,New
15849,Customer 15849,Vijayawada,New
15850,Customer 15850,Visakhapatnam,VIP
15851,Customer 15851,Anantapur,Returning
15852,Customer 15852,Rajahmundry,New
15853,Customer 15853,Visakhapatnam,Returning
15854,Customer 15854,Kurnool,New
15855,Customer 15855,Guntur,New
15856,Customer 15856,Vijayawada,New
15857,Customer 15857,Guntur,New
15858,Customer 15858,Anantapur,New
15859,Customer 15859,Anantapur,New
15860,Customer 15860,Tirupati,VIP
15861,Customer 15861,Tirupati,VIP
15862,Customer 15862,Anantapur,Returning
15863,Customer 15863,Kakinada,Returning
15864,Customer 15864,Vijayawada,New
15865,Customer 15865,Visakhapatnam,Returning
15866,Customer 15866,Ongole,New
15867,Customer 15867,Tirupati,New
15868,Customer 15868,Guntur,New
15869,Customer 15869,Visakhapatnam,New
15870,Customer 15870,Kakinada,Returning
15871,Customer 15871,Guntur,Returning
15872,Customer 15872,Ongole,VIP
15873,Customer 15873,Tirupati,New
15874,Customer 15874,Nellore,New
15875,Customer 15875,Anantapur,Returning
15876,Customer 15876,Vijayawada,New
15877,Customer 15877,Kurnool,Returning
15878,Customer 15878,Nellore,Returning
15879,Customer 15879,Visakhapatnam,VIP
15880,Customer 15880,Visakhapatnam,Returning
15881,Customer 15881,Tirupati,New
15882,Customer 15882,Visakhapatnam,VIP
15883,Customer 15883,Anantapur,New
15884,Customer 15884,Vijayawada,VIP
15885,Customer 15885,Ongole,New
15886,Customer 15886,Kurnool,VIP
15887,Customer 15887,Visakhapatnam,New
15888,Customer 15888,Ongole,VIP
15889,Customer 15889,Nellore,VIP
15890,Customer 15890,Tirupati,VIP
15891,Customer 15891,Ongole,Returning
15892,Customer 15892,Ongole,New
15893,Customer 15893,Anantapur,VIP
15894,Customer 15894,Rajahmundry,New
15895,Customer 15895,Kakinada,Returning
15896,Customer 15896,Nellore,Returning
15897,Customer 15897,Rajahmundry,New
15898,Customer 15898,Visakhapatnam,VIP
15899,Customer 15899,Tirupati,Returning
15900,Customer 15900,Rajahmundry,New
15901,Customer 15901,Kurnool,VIP
15902,Customer 15902,Rajahmundry,Returning
15903,Customer 15903,Tirupati,Returning
15904,Customer 15904,Kakinada,Returning
15905,Customer 15905,Kurnool,VIP
15906,Customer 15906,Kakinada,VIP
15907,Customer 15907,Kakinada,New
15908,Customer 15908,Anantapur,VIP
15909,Customer 15909,Anantapur,VIP
15910,Customer 15910,Guntur,Returning
15911,Customer 15911,Anantapur,New
15912,Customer 15912,Anantapur,VIP
15913,Customer 15913,Kurnool,Returning
15914,Customer 15914,Visakhapatnam,New
15915,Customer 15915,Tirupati,VIP
15916,Customer 15916,Visakhapatnam,VIP
15917,Customer 15917,Nellore,Returning
15918,Customer 15918,Tirupati,New
15919,Customer 15919,Visakhapatnam,Returning
15920,Customer 15920,Kurnool,VIP
15921,Customer 15921,Visakhapatnam,New
15922,Customer 15922,Anantapur,New
15923,Customer 15923,Ongole,Returning
15924,Customer 15924,Rajahmundry,VIP
15925,Customer 15925,Nellore,New
15926,Customer 15926,Guntur,Returning
15927,Customer 15927,Nellore,Returning
15928,Customer 15928,Rajahmundry,New
15929,Customer 15929,Nellore,Returning
15930,Customer 15930,Vijayawada,New
15931,Customer 15931,Nellore,Returning
15932,Customer 15932,Rajahmundry,Returning
15933,Customer 15933,Ongole,VIP
15934,Customer 15934,Visakhapatnam,VIP
15935,Customer 15935,Kurnool,Returning
15936,Customer 15936,Kurnool,VIP
15937,Customer 15937,Rajahmundry,Returning
15938,Customer 15938,Nellore,VIP
15939,Customer 15939,Nellore,VIP
15940,Customer 15940,Rajahmundry,VIP
15941,Customer 15941,Ongole,Returning
15942,Customer 15942,Vijayawada,New
15943,Customer 15943,Nellore,Returning
15944,Customer 15944,Visakhapatnam,VIP
15945,Customer 15945,Kakinada,Returning
15946,Customer 15946,Guntur,Returning
15947,Customer 15947,Guntur,Returning
15948,Customer 15948,Rajahmundry,VIP
15949,Customer 15949,Guntur,New
15950,Customer 15950,Ongole,VIP
15951,Customer 15951,Anantapur,Returning
15952,Customer 15952,Nellore,Returning
15953,Customer 15953,Kakinada,New
15954,Customer 15954,Kakinada,VIP
15955,Customer 15955,Nellore,New
15956,Customer 15956,Kakinada,VIP
15957,Customer 15957,Rajahmundry,VIP
15958,Customer 15958,Anantapur,VIP
15959,Customer 15959,Ongole,VIP
15960,Customer 15960,Rajahmundry,New
15961,Customer 15961,Rajahmundry,VIP
15962,Customer 15962,Visakhapatnam,Returning
15963,Customer 15963,Anantapur,New
15964,Customer 15964,Nellore,VIP
15965,Customer 15965,Visakhapatnam,Returning
15966,Customer 15966,Tirupati,VIP
15967,Customer 15967,Anantapur,VIP
15968,Customer 15968,Kurnool,New
15969,Customer 15969,Tirupati,VIP
15970,Customer 15970,Visakhapatnam,Returning
15971,Customer 15971,Rajahmundry,Returning
15972,Customer 15972,Tirupati,VIP
15973,Customer 15973,Rajahmundry,New
15974,Customer 15974,Tirupati,Returning
15975,Customer 15975,Nellore,New
15976,Customer 15976,Vijayawada,New
15977,Customer 15977,Anantapur,Returning
15978,Customer 15978,Visakhapatnam,Returning
15979,Customer 15979,Ongole,Returning
15980,Customer 15980,Guntur,New
15981,Customer 15981,Rajahmundry,Returning
15982,Customer 15982,Ongole,New
15983,Customer 15983,Rajahmundry,VIP
15984,Customer 15984,Guntur,New
15985,Customer 15985,Anantapur,New
15986,Customer 15986,Vijayawada,New
15987,Customer 15987,Rajahmundry,New
15988,Customer 15988,Rajahmundry,VIP
15989,Customer 15989,Guntur,VIP
15990,Customer 15990,Vijayawada,Returning
15991,Customer 15991,Nellore,Returning
15992,Customer 15992,Vijayawada,Returning
15993,Customer 15993,Nellore,Returning
15994,Customer 15994,Guntur,New
15995,Customer 15995,Ongole,Returning
15996,Customer 15996,Nellore,New
15997,Customer 15997,Anantapur,New
15998,Customer 15998,Tirupati,Returning
15999,Customer 15999,Visakhapatnam,VIP
16000,Customer 16000,Ongole,New
16001,Customer 16001,Rajahmundry,New
16002,Customer 16002,Rajahmundry,New
16003,Customer 16003,Vijayawada,VIP
16004,Customer 16004,Anantapur,New
16005,Customer 16005,Vijayawada,Returning
16006,Customer 16006,Rajahmundry,Returning
16007,Customer 16007,Vijayawada,New
16008,Customer 16008,Rajahmundry,VIP
16009,Customer 16009,Guntur,VIP
16010,Customer 16010,Kakinada,Returning
16011,Customer 16011,Nellore,VIP
16012,Customer 16012,Guntur,New
16013,Customer 16013,Tirupati,VIP
16014,Customer 16014,Rajahmundry,New
16015,Customer 16015,Ongole,New
16016,Customer 16016,Ongole,Returning
16017,Customer 16017,Rajahmundry,Returning
16018,Customer 16018,Anantapur,VIP
16019,Customer 16019,Kurnool,VIP
16020,Customer 16020,Ongole,VIP
16021,Customer 16021,Kakinada,VIP
16022,Customer 16022,Vijayawada,New
16023,Customer 16023,Rajahmundry,New
16024,Customer 16024,Tirupati,Returning
16025,Customer 16025,Vijayawada,New
16026,Customer 16026,Vijayawada,New
16027,Customer 16027,Rajahmundry,VIP
16028,Customer 16028,Rajahmundry,VIP
16029,Customer 16029,Ongole,VIP
16030,Customer 16030,Vijayawada,New
16031,Customer 16031,Anantapur,Returning
16032,Customer 16032,Visakhapatnam,Returning
16033,Customer 16033,Rajahmundry,New
16034,Customer 16034,Guntur,VIP
16035,Customer 16035,Rajahmundry,Returning
16036,Customer 16036,Nellore,New
16037,Customer 16037,Nellore,New
16038,Customer 16038,Ongole,New
16039,Customer 16039,Anantapur,New
16040,Customer 16040,Vijayawada,Returning
16041,Customer 16041,Rajahmundry,VIP
16042,Customer 16042,Ongole,New
16043,Customer 16043,Rajahmundry,VIP
16044,Customer 16044,Vijayawada,Returning
16045,Customer 16045,Visakhapatnam,Returning
16046,Customer 16046,Ongole,Returning
16047,Customer 16047,Tirupati,Returning
16048,Customer 16048,Guntur,Returning
16049,Customer 16049,Rajahmundry,Returning
16050,Customer 16050,Visakhapatnam,Returning
16051,Customer 16051,Guntur,Returning
16052,Customer 16052,Anantapur,Returning
16053,Customer 16053,Anantapur,VIP
16054,Customer 16054,Vijayawada,Returning
16055,Customer 16055,Tirupati,Returning
16056,Customer 16056,Anantapur,VIP
16057,Customer 16057,Anantapur,Returning
16058,Customer 16058,Rajahmundry,VIP
16059,Customer 16059,Anantapur,Returning
16060,Customer 16060,Tirupati,VIP
16061,Customer 16061,Kakinada,New
16062,Customer 16062,Tirupati,New
16063,Customer 16063,Guntur,VIP
16064,Customer 16064,Visakhapatnam,VIP
16065,Customer 16065,Kurnool,New
16066,Customer 16066,Tirupati,Returning
16067,Customer 16067,Visakhapatnam,Returning
16068,Customer 16068,Kakinada,Returning
16069,Customer 16069,Rajahmundry,VIP
16070,Customer 16070,Tirupati,Returning
16071,Customer 16071,Tirupati,Returning
16072,Customer 16072,Guntur,VIP
16073,Customer 16073,Visakhapatnam,Returning
16074,Customer 16074,Nellore,New
16075,Customer 16075,Tirupati,VIP
16076,Customer 16076,Rajahmundry,VIP
16077,Customer 16077,Kurnool,Returning
16078,Customer 16078,Rajahmundry,VIP
16079,Customer 16079,Ongole,VIP
16080,Customer 16080,Rajahmundry,VIP
16081,Customer 16081,Rajahmundry,New
16082,Customer 16082,Kakinada,New
16083,Customer 16083,Vijayawada,Returning
16084,Customer 16084,Guntur,New
16085,Customer 16085,Nellore,New
16086,Customer 16086,Kurnool,VIP
16087,Customer 16087,Kakinada,VIP
16088,Customer 16088,Vijayawada,VIP
16089,Customer 16089,Tirupati,Returning
16090,Customer 16090,Anantapur,New
16091,Customer 16091,Tirupati,VIP
16092,Customer 16092,Kakinada,Returning
16093,Customer 16093,Nellore,Returning
16094,Customer 16094,Visakhapatnam,VIP
16095,Customer 16095,Ongole,VIP
16096,Customer 16096,Vijayawada,VIP
16097,Customer 16097,Vijayawada,New
16098,Customer 16098,Visakhapatnam,New
16099,Customer 16099,Guntur,New
16100,Customer 16100,Rajahmundry,New
16101,Customer 16101,Visakhapatnam,VIP
16102,Customer 16102,Rajahmundry,Returning
16103,Customer 16103,Vijayawada,New
16104,Customer 16104,Anantapur,VIP
16105,Customer 16105,Visakhapatnam,Returning
16106,Customer 16106,Guntur,VIP
16107,Customer 16107,Rajahmundry,New
16108,Customer 16108,Vijayawada,VIP
16109,Customer 16109,Tirupati,Returning
16110,Customer 16110,Kurnool,Returning
16111,Customer 16111,Rajahmundry,Returning
16112,Customer 16112,Anantapur,Returning
16113,Customer 16113,Ongole,VIP
16114,Customer 16114,Rajahmundry,VIP
16115,Customer 16115,Visakhapatnam,Returning
16116,Customer 16116,Rajahmundry,New
16117,Customer 16117,Rajahmundry,Returning
16118,Customer 16118,Anantapur,Returning
16119,Customer 16119,Rajahmundry,VIP
16120,Customer 16120,Vijayawada,VIP
16121,Customer 16121,Rajahmundry,Returning
16122,Customer 16122,Kakinada,New
16123,Customer 16123,Tirupati,Returning
16124,Customer 16124,Kakinada,VIP
16125,Customer 16125,Kakinada,Returning
16126,Customer 16126,Guntur,New
16127,Customer 16127,Vijayawada,New
16128,Customer 16128,Visakhapatnam,VIP
16129,Customer 16129,Guntur,New
16130,Customer 16130,Anantapur,VIP
16131,Customer 16131,Guntur,VIP
16132,Customer 16132,Visakhapatnam,New
16133,Customer 16133,Guntur,VIP
16134,Customer 16134,Anantapur,Returning
16135,Customer 16135,Anantapur,Returning
16136,Customer 16136,Anantapur,New
16137,Customer 16137,Guntur,New
16138,Customer 16138,Visakhapatnam,Returning
16139,Customer 16139,Guntur,New
16140,Customer 16140,Kakinada,New
16141,Customer 16141,Rajahmundry,Returning
16142,Customer 16142,Visakhapatnam,Returning
16143,Customer 16143,Rajahmundry,New
16144,Customer 16144,Guntur,Returning
16145,Customer 16145,Anantapur,New
16146,Customer 16146,Rajahmundry,New
16147,Customer 16147,Rajahmundry,Returning
16148,Customer 16148,Kurnool,Returning
16149,Customer 16149,Visakhapatnam,New
16150,Customer 16150,Guntur,New
16151,Customer 16151,Tirupati,Returning
16152,Customer 16152,Kurnool,New
16153,Customer 16153,Kakinada,VIP
16154,Customer 16154,Guntur,New
16155,Customer 16155,Ongole,New
16156,Customer 16156,Rajahmundry,Returning
16157,Customer 16157,Kurnool,New
16158,Customer 16158,Ongole,VIP
16159,Customer 16159,Ongole,Returning
16160,Customer 16160,Kurnool,Returning
16161,Customer 16161,Nellore,New
16162,Customer 16162,Visakhapatnam,New
16163,Customer 16163,Ongole,Returning
16164,Customer 16164,Visakhapatnam,Returning
16165,Customer 16165,Nellore,Returning
16166,Customer 16166,Visakhapatnam,Returning
16167,Customer 16167,Ongole,Returning
16168,Customer 16168,Nellore,New
16169,Customer 16169,Nellore,New
16170,Customer 16170,Rajahmundry,New
16171,Customer 16171,Anantapur,New
16172,Customer 16172,Nellore,VIP
16173,Customer 16173,Rajahmundry,VIP
16174,Customer 16174,Kurnool,Returning
16175,Customer 16175,Nellore,Returning
16176,Customer 16176,Nellore,Returning
16177,Customer 16177,Anantapur,Returning
16178,Customer 16178,Kakinada,New
16179,Customer 16179,Vijayawada,New
16180,Customer 16180,Rajahmundry,Returning
16181,Customer 16181,Visakhapatnam,New
16182,Customer 16182,Anantapur,Returning
16183,Customer 16183,Kakinada,VIP
16184,Customer 16184,Guntur,Returning
16185,Customer 16185,Tirupati,Returning
16186,Customer 16186,Anantapur,New
16187,Customer 16187,Tirupati,Returning
16188,Customer 16188,Nellore,New
16189,Customer 16189,Visakhapatnam,New
16190,Customer 16190,Kurnool,VIP
16191,Customer 16191,Anantapur,Returning
16192,Customer 16192,Anantapur,VIP
16193,Customer 16193,Vijayawada,Returning
16194,Customer 16194,Nellore,Returning
16195,Customer 16195,Anantapur,VIP
16196,Customer 16196,Visakhapatnam,Returning
16197,Customer 16197,Nellore,Returning
16198,Customer 16198,Vijayawada,New
16199,Customer 16199,Ongole,Returning
16200,Customer 16200,Kakinada,VIP
16201,Customer 16201,Anantapur,New
16202,Customer 16202,Anantapur,New
16203,Customer 16203,Anantapur,New
16204,Customer 16204,Vijayawada,VIP
16205,Customer 16205,Kakinada,Returning
16206,Customer 16206,Ongole,Returning
16207,Customer 16207,Anantapur,New
16208,Customer 16208,Kurnool,Returning
16209,Customer 16209,Tirupati,New
16210,Customer 16210,Kakinada,Returning
16211,Customer 16211,Anantapur,Returning
16212,Customer 16212,Tirupati,Returning
16213,Customer 16213,Visakhapatnam,Returning
16214,Customer 16214,Kurnool,Returning
16215,Customer 16215,Guntur,New
16216,Customer 16216,Guntur,Returning
16217,Customer 16217,Vijayawada,Returning
16218,Customer 16218,Ongole,VIP
16219,Customer 16219,Ongole,Returning
16220,Customer 16220,Ongole,Returning
16221,Customer 16221,Kakinada,VIP
16222,Customer 16222,Kurnool,Returning
16223,Customer 16223,Vijayawada,New
16224,Customer 16224,Kurnool,VIP
16225,Customer 16225,Nellore,New
16226,Customer 16226,Visakhapatnam,Returning
16227,Customer 16227,Nellore,New
16228,Customer 16228,Kakinada,VIP
16229,Customer 16229,Guntur,Returning
16230,Customer 16230,Kakinada,New
16231,Customer 16231,Ongole,Returning
16232,Customer 16232,Vijayawada,New
16233,Customer 16233,Ongole,New
16234,Customer 16234,Kurnool,VIP
16235,Customer 16235,Rajahmundry,Returning
16236,Customer 16236,Kakinada,VIP
16237,Customer 16237,Nellore,VIP
16238,Customer 16238,Tirupati,New
16239,Customer 16239,Rajahmundry,New
16240,Customer 16240,Anantapur,New
16241,Customer 16241,Vijayawada,Returning
16242,Customer 16242,Kurnool,Returning
16243,Customer 16243,Vijayawada,VIP
16244,Customer 16244,Kurnool,Returning
16245,Customer 16245,Nellore,New
16246,Customer 16246,Visakhapatnam,Returning
16247,Customer 16247,Ongole,Returning
16248,Customer 16248,Ongole,Returning
16249,Customer 16249,Kurnool,New
16250,Customer 16250,Vijayawada,VIP
16251,Customer 16251,Ongole,Returning
16252,Customer 16252,Tirupati,Returning
16253,Customer 16253,Kurnool,VIP
16254,Customer 16254,Rajahmundry,Returning
16255,Customer 16255,Tirupati,New
16256,Customer 16256,Tirupati,New
16257,Customer 16257,Nellore,Returning
16258,Customer 16258,Guntur,Returning
16259,Customer 16259,Kurnool,Returning
16260,Customer 16260,Ongole,VIP
16261,Customer 16261,Vijayawada,Returning
16262,Customer 16262,Kurnool,Returning
16263,Customer 16263,Kakinada,VIP
16264,Customer 16264,Rajahmundry,New
16265,Customer 16265,Visakhapatnam,Returning
16266,Customer 16266,Kakinada,New
16267,Customer 16267,Vijayawada,VIP
16268,Customer 16268,Visakhapatnam,Returning
16269,Customer 16269,Tirupati,VIP
16270,Customer 16270,Kakinada,Returning
16271,Customer 16271,Visakhapatnam,New
16272,Customer 16272,Rajahmundry,Returning
16273,Customer 16273,Guntur,VIP
16274,Customer 16274,Rajahmundry,Returning
16275,Customer 16275,Anantapur,Returning
16276,Customer 16276,Nellore,Returning
16277,Customer 16277,Kakinada,New
16278,Customer 16278,Visakhapatnam,New
16279,Customer 16279,Ongole,Returning
16280,Customer 16280,Rajahmundry,VIP
16281,Customer 16281,Visakhapatnam,New
16282,Customer 16282,Kurnool,VIP
16283,Customer 16283,Kakinada,VIP
16284,Customer 16284,Rajahmundry,New
16285,Customer 16285,Kakinada,New
16286,Customer 16286,Ongole,Returning
16287,Customer 16287,Kurnool,VIP
16288,Customer 16288,Anantapur,New
16289,Customer 16289,Kakinada,New
16290,Customer 16290,Anantapur,VIP
16291,Customer 16291,Guntur,VIP
16292,Customer 16292,Nellore,Returning
16293,Customer 16293,Vijayawada,New
16294,Customer 16294,Kurnool,Returning
16295,Customer 16295,Nellore,VIP
16296,Customer 16296,Kakinada,Returning
16297,Customer 16297,Nellore,New
16298,Customer 16298,Guntur,VIP
16299,Customer 16299,Guntur,New
16300,Customer 16300,Kurnool,Returning
16301,Customer 16301,Kurnool,VIP
16302,Customer 16302,Ongole,New
16303,Customer 16303,Anantapur,VIP
16304,Customer 16304,Tirupati,Returning
16305,Customer 16305,Rajahmundry,Returning
16306,Customer 16306,Visakhapatnam,VIP
16307,Customer 16307,Kurnool,New
16308,Customer 16308,Kurnool,New
16309,Customer 16309,Kakinada,New
16310,Customer 16310,Nellore,VIP
16311,Customer 16311,Nellore,New
16312,Customer 16312,Anantapur,Returning
16313,Customer 16313,Ongole,New
16314,Customer 16314,Rajahmundry,VIP
16315,Customer 16315,Kurnool,Returning
16316,Customer 16316,Ongole,VIP
16317,Customer 16317,Guntur,Returning
16318,Customer 16318,Rajahmundry,VIP
16319,Customer 16319,Vijayawada,VIP
16320,Customer 16320,Kakinada,New
16321,Customer 16321,Rajahmundry,Returning
16322,Customer 16322,Kurnool,VIP
16323,Customer 16323,Ongole,VIP
16324,Customer 16324,Anantapur,VIP
16325,Customer 16325,Nellore,VIP
16326,Customer 16326,Rajahmundry,Returning
16327,Customer 16327,Kakinada,New
16328,Customer 16328,Kurnool,Returning
16329,Customer 16329,Rajahmundry,Returning
16330,Customer 16330,Kurnool,Returning
16331,Customer 16331,Vijayawada,Returning
16332,Customer 16332,Kurnool,New
16333,Customer 16333,Visakhapatnam,VIP
16334,Customer 16334,Guntur,VIP
16335,Customer 16335,Vijayawada,VIP
16336,Customer 16336,Rajahmundry,VIP
16337,Customer 16337,Guntur,VIP
16338,Customer 16338,Rajahmundry,VIP
16339,Customer 16339,Rajahmundry,New
16340,Customer 16340,Tirupati,New
16341,Customer 16341,Tirupati,VIP
16342,Customer 16342,Rajahmundry,VIP
16343,Customer 16343,Anantapur,Returning
16344,Customer 16344,Visakhapatnam,VIP
16345,Customer 16345,Nellore,New
16346,Customer 16346,Ongole,Returning
16347,Customer 16347,Vijayawada,New
16348,Customer 16348,Ongole,VIP
16349,Customer 16349,Guntur,Returning
16350,Customer 16350,Anantapur,VIP
16351,Customer 16351,Kurnool,New
16352,Customer 16352,Visakhapatnam,VIP
16353,Customer 16353,Tirupati,Returning
16354,Customer 16354,Anantapur,VIP
16355,Customer 16355,Vijayawada,New
16356,Customer 16356,Tirupati,VIP
16357,Customer 16357,Nellore,Returning
16358,Customer 16358,Kurnool,Returning
16359,Customer 16359,Vijayawada,New
16360,Customer 16360,Kakinada,New
16361,Customer 16361,Kurnool,New
16362,Customer 16362,Tirupati,Returning
16363,Customer 16363,Rajahmundry,New
16364,Customer 16364,Guntur,Returning
16365,Customer 16365,Ongole,New
16366,Customer 16366,Vijayawada,New
16367,Customer 16367,Visakhapatnam,VIP
16368,Customer 16368,Nellore,New
16369,Customer 16369,Guntur,Returning
16370,Customer 16370,Tirupati,Returning
16371,Customer 16371,Guntur,VIP
16372,Customer 16372,Rajahmundry,Returning
16373,Customer 16373,Kakinada,Returning
16374,Customer 16374,Rajahmundry,New
16375,Customer 16375,Guntur,VIP
16376,Customer 16376,Kakinada,Returning
16377,Customer 16377,Rajahmundry,New
16378,Customer 16378,Nellore,Returning
16379,Customer 16379,Visakhapatnam,VIP
16380,Customer 16380,Nellore,VIP
16381,Customer 16381,Ongole,VIP
16382,Customer 16382,Vijayawada,New
16383,Customer 16383,Visakhapatnam,Returning
16384,Customer 16384,Vijayawada,New
16385,Customer 16385,Guntur,Returning
16386,Customer 16386,Guntur,VIP
16387,Customer 16387,Kurnool,New
16388,Customer 16388,Visakhapatnam,VIP
16389,Customer 16389,Guntur,VIP
16390,Customer 16390,Nellore,VIP
16391,Customer 16391,Vijayawada,New
16392,Customer 16392,Anantapur,VIP
16393,Customer 16393,Visakhapatnam,Returning
16394,Customer 16394,Rajahmundry,New
16395,Customer 16395,Kurnool,New
16396,Customer 16396,Ongole,VIP
16397,Customer 16397,Kakinada,VIP
16398,Customer 16398,Ongole,VIP
16399,Customer 16399,Rajahmundry,VIP
16400,Customer 16400,Rajahmundry,New
16401,Customer 16401,Kurnool,VIP
16402,Customer 16402,Tirupati,Returning
16403,Customer 16403,Guntur,Returning
16404,Customer 16404,Ongole,Returning
16405,Customer 16405,Rajahmundry,New
16406,Customer 16406,Visakhapatnam,VIP
16407,Customer 16407,Nellore,New
16408,Customer 16408,Anantapur,Returning
16409,Customer 16409,Ongole,VIP
16410,Customer 16410,Anantapur,VIP
16411,Customer 16411,Vijayawada,Returning
16412,Customer 16412,Vijayawada,New
16413,Customer 16413,Kurnool,New
16414,Customer 16414,Rajahmundry,Returning
16415,Customer 16415,Anantapur,VIP
16416,Customer 16416,Nellore,Returning
16417,Customer 16417,Nellore,New
16418,Customer 16418,Tirupati,VIP
16419,Customer 16419,Rajahmundry,Returning
16420,Customer 16420,Kurnool,VIP
16421,Customer 16421,Kurnool,VIP
16422,Customer 16422,Visakhapatnam,New
16423,Customer 16423,Nellore,New
16424,Customer 16424,Vijayawada,VIP
16425,Customer 16425,Guntur,New
16426,Customer 16426,Rajahmundry,Returning
16427,Customer 16427,Tirupati,Returning
16428,Customer 16428,Nellore,VIP
16429,Customer 16429,Nellore,VIP
16430,Customer 16430,Rajahmundry,VIP
16431,Customer 16431,Guntur,VIP
16432,Customer 16432,Kakinada,New
16433,Customer 16433,Kurnool,VIP
16434,Customer 16434,Tirupati,VIP
16435,Customer 16435,Guntur,VIP
16436,Customer 16436,Kurnool,New
16437,Customer 16437,Vijayawada,Returning
16438,Customer 16438,Rajahmundry,New
16439,Customer 16439,Visakhapatnam,Returning
16440,Customer 16440,Rajahmundry,New
16441,Customer 16441,Ongole,VIP
16442,Customer 16442,Anantapur,VIP
16443,Customer 16443,Rajahmundry,New
16444,Customer 16444,Ongole,VIP
16445,Customer 16445,Vijayawada,New
16446,Customer 16446,Ongole,Returning
16447,Customer 16447,Kurnool,VIP
16448,Customer 16448,Anantapur,VIP
16449,Customer 16449,Anantapur,Returning
16450,Customer 16450,Tirupati,Returning
16451,Customer 16451,Kurnool,New
16452,Customer 16452,Nellore,Returning
16453,Customer 16453,Nellore,Returning
16454,Customer 16454,Vijayawada,New
16455,Customer 16455,Guntur,Returning
16456,Customer 16456,Kakinada,New
16457,Customer 16457,Nellore,VIP
16458,Customer 16458,Kakinada,VIP
16459,Customer 16459,Guntur,New
16460,Customer 16460,Visakhapatnam,New
16461,Customer 16461,Kakinada,Returning
16462,Customer 16462,Nellore,Returning
16463,Customer 16463,Ongole,New
16464,Customer 16464,Nellore,VIP
16465,Customer 16465,Ongole,VIP
16466,Customer 16466,Rajahmundry,New
16467,Customer 16467,Visakhapatnam,Returning
16468,Customer 16468,Vijayawada,VIP
16469,Customer 16469,Guntur,Returning
16470,Customer 16470,Vijayawada,Returning
16471,Customer 16471,Ongole,Returning
16472,Customer 16472,Nellore,VIP
16473,Customer 16473,Anantapur,Returning
16474,Customer 16474,Kakinada,VIP
16475,Customer 16475,Ongole,Returning
16476,Customer 16476,Ongole,VIP
16477,Customer 16477,Ongole,Returning
16478,Customer 16478,Ongole,New
16479,Customer 16479,Visakhapatnam,VIP
16480,Customer 16480,Nellore,Returning
16481,Customer 16481,Visakhapatnam,VIP
16482,Customer 16482,Rajahmundry,VIP
16483,Customer 16483,Visakhapatnam,Returning
16484,Customer 16484,Nellore,Returning
16485,Customer 16485,Rajahmundry,New
16486,Customer 16486,Kurnool,Returning
16487,Customer 16487,Anantapur,Returning
16488,Customer 16488,Rajahmundry,VIP
16489,Customer 16489,Kakinada,VIP
16490,Customer 16490,Guntur,Returning
16491,Customer 16491,Guntur,New
16492,Customer 16492,Kakinada,VIP
16493,Customer 16493,Visakhapatnam,New
16494,Customer 16494,Vijayawada,Returning
16495,Customer 16495,Ongole,Returning
16496,Customer 16496,Vijayawada,New
16497,Customer 16497,Kakinada,VIP
16498,Customer 16498,Tirupati,Returning
16499,Customer 16499,Kurnool,VIP
16500,Customer 16500,Vijayawada,New
16501,Customer 16501,Vijayawada,VIP
16502,Customer 16502,Kakinada,New
16503,Customer 16503,Ongole,VIP
16504,Customer 16504,Kakinada,Returning
16505,Customer 16505,Vijayawada,VIP
16506,Customer 16506,Tirupati,VIP
16507,Customer 16507,Tirupati,Returning
16508,Customer 16508,Ongole,New
16509,Customer 16509,Rajahmundry,New
16510,Customer 16510,Vijayawada,VIP
16511,Customer 16511,Vijayawada,New
16512,Customer 16512,Ongole,Returning
16513,Customer 16513,Anantapur,Returning
16514,Customer 16514,Anantapur,Returning
16515,Customer 16515,Anantapur,New
16516,Customer 16516,Guntur,VIP
16517,Customer 16517,Rajahmundry,VIP
16518,Customer 16518,Tirupati,VIP
16519,Customer 16519,Guntur,Returning
16520,Customer 16520,Kurnool,VIP
16521,Customer 16521,Nellore,Returning
16522,Customer 16522,Ongole,Returning
16523,Customer 16523,Tirupati,VIP
16524,Customer 16524,Kakinada,Returning
16525,Customer 16525,Anantapur,New
16526,Customer 16526,Nellore,New
16527,Customer 16527,Vijayawada,Returning
16528,Customer 16528,Nellore,VIP
16529,Customer 16529,Vijayawada,VIP
16530,Customer 16530,Vijayawada,Returning
16531,Customer 16531,Ongole,Returning
16532,Customer 16532,Kakinada,New
16533,Customer 16533,Guntur,VIP
16534,Customer 16534,Anantapur,New
16535,Customer 16535,Tirupati,New
16536,Customer 16536,Rajahmundry,Returning
16537,Customer 16537,Anantapur,New
16538,Customer 16538,Kakinada,Returning
16539,Customer 16539,Kakinada,VIP
16540,Customer 16540,Vijayawada,VIP
16541,Customer 16541,Tirupati,VIP
16542,Customer 16542,Guntur,Returning
16543,Customer 16543,Guntur,New
16544,Customer 16544,Kakinada,Returning
16545,Customer 16545,Anantapur,VIP
16546,Customer 16546,Rajahmundry,New
16547,Customer 16547,Guntur,New
16548,Customer 16548,Anantapur,VIP
16549,Customer 16549,Tirupati,Returning
16550,Customer 16550,Kakinada,New
16551,Customer 16551,Kurnool,New
16552,Customer 16552,Kakinada,New
16553,Customer 16553,Guntur,New
16554,Customer 16554,Kakinada,Returning
16555,Customer 16555,Visakhapatnam,New
16556,Customer 16556,Guntur,VIP
16557,Customer 16557,Kakinada,Returning
16558,Customer 16558,Tirupati,New
16559,Customer 16559,Ongole,New
16560,Customer 16560,Ongole,Returning
16561,Customer 16561,Visakhapatnam,New
16562,Customer 16562,Tirupati,New
16563,Customer 16563,Visakhapatnam,VIP
16564,Customer 16564,Rajahmundry,Returning
16565,Customer 16565,Anantapur,Returning
16566,Customer 16566,Kakinada,VIP
16567,Customer 16567,Vijayawada,New
16568,Customer 16568,Anantapur,VIP
16569,Customer 16569,Kakinada,VIP
16570,Customer 16570,Kurnool,VIP
16571,Customer 16571,Ongole,New
16572,Customer 16572,Ongole,VIP
16573,Customer 16573,Nellore,New
16574,Customer 16574,Nellore,VIP
16575,Customer 16575,Nellore,VIP
16576,Customer 16576,Tirupati,New
16577,Customer 16577,Guntur,New
16578,Customer 16578,Vijayawada,New
16579,Customer 16579,Visakhapatnam,VIP
16580,Customer 16580,Rajahmundry,New
16581,Customer 16581,Vijayawada,VIP
16582,Customer 16582,Rajahmundry,VIP
16583,Customer 16583,Rajahmundry,New
16584,Customer 16584,Guntur,VIP
16585,Customer 16585,Kurnool,New
16586,Customer 16586,Kakinada,New
16587,Customer 16587,Guntur,New
16588,Customer 16588,Anantapur,New
16589,Customer 16589,Rajahmundry,Returning
16590,Customer 16590,Kakinada,VIP
16591,Customer 16591,Kakinada,New
16592,Customer 16592,Vijayawada,Returning
16593,Customer 16593,Kurnool,VIP
16594,Customer 16594,Guntur,Returning
16595,Customer 16595,Guntur,New
16596,Customer 16596,Ongole,Returning
16597,Customer 16597,Anantapur,Returning
16598,Customer 16598,Nellore,VIP
16599,Customer 16599,Visakhapatnam,VIP
16600,Customer 16600,Kurnool,New
16601,Customer 16601,Kakinada,VIP
16602,Customer 16602,Anantapur,New
16603,Customer 16603,Kakinada,VIP
16604,Customer 16604,Vijayawada,VIP
16605,Customer 16605,Rajahmundry,Returning
16606,Customer 16606,Vijayawada,New
16607,Customer 16607,Guntur,New
16608,Customer 16608,Guntur,VIP
16609,Customer 16609,Kurnool,New
16610,Customer 16610,Tirupati,Returning
16611,Customer 16611,Anantapur,VIP
16612,Customer 16612,Visakhapatnam,New
16613,Customer 16613,Kakinada,New
16614,Customer 16614,Nellore,Returning
16615,Customer 16615,Anantapur,VIP
16616,Customer 16616,Nellore,Returning
16617,Customer 16617,Ongole,VIP
16618,Customer 16618,Nellore,VIP
16619,Customer 16619,Ongole,Returning
16620,Customer 16620,Kakinada,VIP
16621,Customer 16621,Nellore,VIP
16622,Customer 16622,Guntur,New
16623,Customer 16623,Kakinada,VIP
16624,Customer 16624,Visakhapatnam,Returning
16625,Customer 16625,Anantapur,Returning
16626,Customer 16626,Kakinada,New
16627,Customer 16627,Anantapur,VIP
16628,Customer 16628,Nellore,New
16629,Customer 16629,Guntur,New
16630,Customer 16630,Anantapur,New
16631,Customer 16631,Kakinada,Returning
16632,Customer 16632,Anantapur,VIP
16633,Customer 16633,Guntur,VIP
16634,Customer 16634,Nellore,Returning
16635,Customer 16635,Kakinada,VIP
16636,Customer 16636,Anantapur,New
16637,Customer 16637,Nellore,VIP
16638,Customer 16638,Tirupati,New
16639,Customer 16639,Anantapur,VIP
16640,Customer 16640,Vijayawada,Returning
16641,Customer 16641,Tirupati,New
16642,Customer 16642,Guntur,Returning
16643,Customer 16643,Visakhapatnam,New
16644,Customer 16644,Ongole,VIP
16645,Customer 16645,Rajahmundry,New
16646,Customer 16646,Rajahmundry,New
16647,Customer 16647,Rajahmundry,Returning
16648,Customer 16648,Kakinada,VIP
16649,Customer 16649,Vijayawada,Returning
16650,Customer 16650,Nellore,Returning
16651,Customer 16651,Kurnool,VIP
16652,Customer 16652,Vijayawada,New
16653,Customer 16653,Kurnool,New
16654,Customer 16654,Visakhapatnam,Returning
16655,Customer 16655,Tirupati,Returning
16656,Customer 16656,Ongole,Returning
16657,Customer 16657,Visakhapatnam,Returning
16658,Customer 16658,Kakinada,VIP
16659,Customer 16659,Kurnool,New
16660,Customer 16660,Rajahmundry,New
16661,Customer 16661,Guntur,New
16662,Customer 16662,Nellore,New
16663,Customer 16663,Guntur,New
16664,Customer 16664,Ongole,Returning
16665,Customer 16665,Tirupati,New
16666,Customer 16666,Ongole,VIP
16667,Customer 16667,Guntur,VIP
16668,Customer 16668,Anantapur,VIP
16669,Customer 16669,Vijayawada,VIP
16670,Customer 16670,Visakhapatnam,Returning
16671,Customer 16671,Vijayawada,New
16672,Customer 16672,Vijayawada,New
16673,Customer 16673,Guntur,Returning
16674,Customer 16674,Guntur,New
16675,Customer 16675,Ongole,VIP
16676,Customer 16676,Visakhapatnam,Returning
16677,Customer 16677,Anantapur,Returning
16678,Customer 16678,Kakinada,Returning
16679,Customer 16679,Visakhapatnam,New
16680,Customer 16680,Kurnool,New
16681,Customer 16681,Visakhapatnam,VIP
16682,Customer 16682,Tirupati,Returning
16683,Customer 16683,Rajahmundry,New
16684,Customer 16684,Anantapur,New
16685,Customer 16685,Ongole,Returning
16686,Customer 16686,Rajahmundry,Returning
16687,Customer 16687,Kakinada,Returning
16688,Customer 16688,Rajahmundry,VIP
16689,Customer 16689,Anantapur,Returning
16690,Customer 16690,Nellore,VIP
16691,Customer 16691,Kurnool,New
16692,Customer 16692,Kurnool,New
16693,Customer 16693,Visakhapatnam,VIP
16694,Customer 16694,Guntur,New
16695,Customer 16695,Rajahmundry,New
16696,Customer 16696,Vijayawada,VIP
16697,Customer 16697,Anantapur,Returning
16698,Customer 16698,Rajahmundry,VIP
16699,Customer 16699,Tirupati,VIP
16700,Customer 16700,Guntur,Returning
16701,Customer 16701,Tirupati,Returning
16702,Customer 16702,Vijayawada,Returning
16703,Customer 16703,Guntur,New
16704,Customer 16704,Tirupati,New
16705,Customer 16705,Kurnool,New
16706,Customer 16706,Ongole,Returning
16707,Customer 16707,Rajahmundry,Returning
16708,Customer 16708,Visakhapatnam,Returning
16709,Customer 16709,Ongole,New
16710,Customer 16710,Kakinada,New
16711,Customer 16711,Ongole,Returning
16712,Customer 16712,Kurnool,VIP
16713,Customer 16713,Tirupati,VIP
16714,Customer 16714,Tirupati,New
16715,Customer 16715,Visakhapatnam,VIP
16716,Customer 16716,Tirupati,VIP
16717,Customer 16717,Vijayawada,VIP
16718,Customer 16718,Kakinada,New
16719,Customer 16719,Kurnool,VIP
16720,Customer 16720,Kurnool,VIP
16721,Customer 16721,Ongole,Returning
16722,Customer 16722,Vijayawada,New
16723,Customer 16723,Vijayawada,New
16724,Customer 16724,Tirupati,VIP
16725,Customer 16725,Kakinada,Returning
16726,Customer 16726,Ongole,VIP
16727,Customer 16727,Vijayawada,New
16728,Customer 16728,Guntur,VIP
16729,Customer 16729,Ongole,New
16730,Customer 16730,Vijayawada,Returning
16731,Customer 16731,Anantapur,New
16732,Customer 16732,Nellore,Returning
16733,Customer 16733,Rajahmundry,VIP
16734,Customer 16734,Tirupati,Returning
16735,Customer 16735,Anantapur,Returning
16736,Customer 16736,Kurnool,VIP
16737,Customer 16737,Guntur,Returning
16738,Customer 16738,Kakinada,VIP
16739,Customer 16739,Nellore,VIP
16740,Customer 16740,Ongole,Returning
16741,Customer 16741,Tirupati,New
16742,Customer 16742,Vijayawada,Returning
16743,Customer 16743,Kurnool,VIP
16744,Customer 16744,Kakinada,New
16745,Customer 16745,Nellore,Returning
16746,Customer 16746,Ongole,Returning
16747,Customer 16747,Kurnool,Returning
16748,Customer 16748,Rajahmundry,New
16749,Customer 16749,Ongole,New
16750,Customer 16750,Kurnool,New
16751,Customer 16751,Tirupati,VIP
16752,Customer 16752,Rajahmundry,VIP
16753,Customer 16753,Nellore,VIP
16754,Customer 16754,Rajahmundry,VIP
16755,Customer 16755,Ongole,Returning
16756,Customer 16756,Kurnool,VIP
16757,Customer 16757,Visakhapatnam,Returning
16758,Customer 16758,Nellore,Returning
16759,Customer 16759,Rajahmundry,VIP
16760,Customer 16760,Tirupati,VIP
16761,Customer 16761,Ongole,New
16762,Customer 16762,Kurnool,VIP
16763,Customer 16763,Rajahmundry,Returning
16764,Customer 16764,Nellore,Returning
16765,Customer 16765,Guntur,New
16766,Customer 16766,Guntur,New
16767,Customer 16767,Kurnool,New
16768,Customer 16768,Nellore,VIP
16769,Customer 16769,Vijayawada,New
16770,Customer 16770,Anantapur,VIP
16771,Customer 16771,Kakinada,Returning
16772,Customer 16772,Vijayawada,VIP
16773,Customer 16773,Nellore,Returning
16774,Customer 16774,Kurnool,Returning
16775,Customer 16775,Kakinada,New
16776,Customer 16776,Guntur,VIP
16777,Customer 16777,Vijayawada,New
16778,Customer 16778,Anantapur,New
16779,Customer 16779,Kakinada,New
16780,Customer 16780,Guntur,VIP
16781,Customer 16781,Visakhapatnam,Returning
16782,Customer 16782,Nellore,VIP
16783,Customer 16783,Rajahmundry,VIP
16784,Customer 16784,Anantapur,VIP
16785,Customer 16785,Anantapur,New
16786,Customer 16786,Rajahmundry,VIP
16787,Customer 16787,Rajahmundry,New
16788,Customer 16788,Rajahmundry,Returning
16789,Customer 16789,Kurnool,Returning
16790,Customer 16790,Kurnool,VIP
16791,Customer 16791,Tirupati,Returning
16792,Customer 16792,Guntur,Returning
16793,Customer 16793,Anantapur,Returning
16794,Customer 16794,Rajahmundry,New
16795,Customer 16795,Vijayawada,New
16796,Customer 16796,Visakhapatnam,New
16797,Customer 16797,Visakhapatnam,New
16798,Customer 16798,Visakhapatnam,Returning
16799,Customer 16799,Kurnool,Returning
16800,Customer 16800,Kakinada,VIP
16801,Customer 16801,Rajahmundry,VIP
16802,Customer 16802,Visakhapatnam,New
16803,Customer 16803,Kurnool,VIP
16804,Customer 16804,Vijayawada,New
16805,Customer 16805,Rajahmundry,VIP
16806,Customer 16806,Anantapur,Returning
16807,Customer 16807,Visakhapatnam,New
16808,Customer 16808,Nellore,VIP
16809,Customer 16809,Nellore,New
16810,Customer 16810,Rajahmundry,New
16811,Customer 16811,Nellore,VIP
16812,Customer 16812,Kakinada,VIP
16813,Customer 16813,Guntur,New
16814,Customer 16814,Anantapur,VIP
16815,Customer 16815,Tirupati,VIP
16816,Customer 16816,Guntur,VIP
16817,Customer 16817,Kakinada,VIP
16818,Customer 16818,Nellore,Returning
16819,Customer 16819,Rajahmundry,Returning
16820,Customer 16820,Visakhapatnam,New
16821,Customer 16821,Kakinada,New
16822,Customer 16822,Kurnool,New
16823,Customer 16823,Anantapur,VIP
16824,Customer 16824,Visakhapatnam,Returning
16825,Customer 16825,Tirupati,VIP
16826,Customer 16826,Anantapur,Returning
16827,Customer 16827,Tirupati,New
16828,Customer 16828,Vijayawada,New
16829,Customer 16829,Kakinada,VIP
16830,Customer 16830,Visakhapatnam,VIP
16831,Customer 16831,Nellore,New
16832,Customer 16832,Nellore,Returning
16833,Customer 16833,Tirupati,VIP
16834,Customer 16834,Anantapur,Returning
16835,Customer 16835,Kakinada,New
16836,Customer 16836,Kurnool,Returning
16837,Customer 16837,Guntur,Returning
16838,Customer 16838,Vijayawada,Returning
16839,Customer 16839,Rajahmundry,Returning
16840,Customer 16840,Nellore,New
16841,Customer 16841,Anantapur,Returning
16842,Customer 16842,Ongole,Returning
16843,Customer 16843,Visakhapatnam,Returning
16844,Customer 16844,Ongole,New
16845,Customer 16845,Anantapur,VIP
16846,Customer 16846,Visakhapatnam,VIP
16847,Customer 16847,Nellore,VIP
16848,Customer 16848,Ongole,VIP
16849,Customer 16849,Guntur,VIP
16850,Customer 16850,Nellore,VIP
16851,Customer 16851,Rajahmundry,Returning
16852,Customer 16852,Nellore,VIP
16853,Customer 16853,Ongole,New
16854,Customer 16854,Nellore,Returning
16855,Customer 16855,Anantapur,VIP
16856,Customer 16856,Rajahmundry,Returning
16857,Customer 16857,Anantapur,Returning
16858,Customer 16858,Visakhapatnam,VIP
16859,Customer 16859,Nellore,VIP
16860,Customer 16860,Anantapur,New
16861,Customer 16861,Kakinada,Returning
16862,Customer 16862,Guntur,VIP
16863,Customer 16863,Rajahmundry,Returning
16864,Customer 16864,Tirupati,Returning
16865,Customer 16865,Anantapur,VIP
16866,Customer 16866,Vijayawada,New
16867,Customer 16867,Kakinada,VIP
16868,Customer 16868,Kurnool,VIP
16869,Customer 16869,Visakhapatnam,VIP
16870,Customer 16870,Rajahmundry,Returning
16871,Customer 16871,Vijayawada,VIP
16872,Customer 16872,Tirupati,Returning
16873,Customer 16873,Kakinada,New
16874,Customer 16874,Ongole,New
16875,Customer 16875,Nellore,VIP
16876,Customer 16876,Nellore,Returning
16877,Customer 16877,Tirupati,Returning
16878,Customer 16878,Visakhapatnam,Returning
16879,Customer 16879,Guntur,New
16880,Customer 16880,Nellore,VIP
16881,Customer 16881,Kurnool,New
16882,Customer 16882,Kurnool,VIP
16883,Customer 16883,Rajahmundry,New
16884,Customer 16884,Rajahmundry,VIP
16885,Customer 16885,Nellore,Returning
16886,Customer 16886,Rajahmundry,VIP
16887,Customer 16887,Ongole,Returning
16888,Customer 16888,Anantapur,New
16889,Customer 16889,Ongole,New
16890,Customer 16890,Rajahmundry,New
16891,Customer 16891,Guntur,New
16892,Customer 16892,Vijayawada,VIP
16893,Customer 16893,Nellore,Returning
16894,Customer 16894,Visakhapatnam,Returning
16895,Customer 16895,Anantapur,New
16896,Customer 16896,Visakhapatnam,Returning
16897,Customer 16897,Anantapur,Returning
16898,Customer 16898,Rajahmundry,VIP
16899,Customer 16899,Tirupati,Returning
16900,Customer 16900,Tirupati,VIP
16901,Customer 16901,Rajahmundry,Returning
16902,Customer 16902,Kurnool,New
16903,Customer 16903,Kurnool,VIP
16904,Customer 16904,Visakhapatnam,Returning
16905,Customer 16905,Ongole,Returning
16906,Customer 16906,Ongole,New
16907,Customer 16907,Guntur,VIP
16908,Customer 16908,Anantapur,VIP
16909,Customer 16909,Guntur,New
16910,Customer 16910,Tirupati,New
16911,Customer 16911,Ongole,VIP
16912,Customer 16912,Kurnool,New
16913,Customer 16913,Anantapur,VIP
16914,Customer 16914,Kakinada,VIP
16915,Customer 16915,Tirupati,Returning
16916,Customer 16916,Ongole,Returning
16917,Customer 16917,Kakinada,VIP
16918,Customer 16918,Tirupati,New
16919,Customer 16919,Tirupati,New
16920,Customer 16920,Visakhapatnam,New
16921,Customer 16921,Anantapur,New
16922,Customer 16922,Kakinada,Returning
16923,Customer 16923,Rajahmundry,Returning
16924,Customer 16924,Visakhapatnam,VIP
16925,Customer 16925,Tirupati,Returning
16926,Customer 16926,Kurnool,Returning
16927,Customer 16927,Kurnool,New
16928,Customer 16928,Rajahmundry,VIP
16929,Customer 16929,Visakhapatnam,New
16930,Customer 16930,Kurnool,Returning
16931,Customer 16931,Tirupati,New
16932,Customer 16932,Kurnool,Returning
16933,Customer 16933,Ongole,Returning
16934,Customer 16934,Vijayawada,New
16935,Customer 16935,Anantapur,Returning
16936,Customer 16936,Rajahmundry,Returning
16937,Customer 16937,Rajahmundry,New
16938,Customer 16938,Kakinada,New
16939,Customer 16939,Kurnool,Returning
16940,Customer 16940,Ongole,VIP
16941,Customer 16941,Kurnool,Returning
16942,Customer 16942,Vijayawada,Returning
16943,Customer 16943,Kakinada,VIP
16944,Customer 16944,Kakinada,Returning
16945,Customer 16945,Guntur,New
16946,Customer 16946,Kakinada,Returning
16947,Customer 16947,Kurnool,Returning
16948,Customer 16948,Visakhapatnam,New
16949,Customer 16949,Nellore,Returning
16950,Customer 16950,Nellore,Returning
16951,Customer 16951,Tirupati,VIP
16952,Customer 16952,Kurnool,New
16953,Customer 16953,Guntur,Returning
16954,Customer 16954,Nellore,VIP
16955,Customer 16955,Ongole,New
16956,Customer 16956,Guntur,Returning
16957,Customer 16957,Rajahmundry,VIP
16958,Customer 16958,Guntur,Returning
16959,Customer 16959,Anantapur,VIP
16960,Customer 16960,Vijayawada,New
16961,Customer 16961,Kurnool,VIP
16962,Customer 16962,Ongole,Returning
16963,Customer 16963,Anantapur,VIP
16964,Customer 16964,Kakinada,VIP
16965,Customer 16965,Nellore,Returning
16966,Customer 16966,Ongole,Returning
16967,Customer 16967,Kurnool,Returning
16968,Customer 16968,Rajahmundry,Returning
16969,Customer 16969,Anantapur,VIP
16970,Customer 16970,Rajahmundry,Returning
16971,Customer 16971,Guntur,New
16972,Customer 16972,Kurnool,New
16973,Customer 16973,Tirupati,VIP
16974,Customer 16974,Visakhapatnam,Returning
16975,Customer 16975,Ongole,VIP
16976,Customer 16976,Kurnool,VIP
16977,Customer 16977,Vijayawada,Returning
16978,Customer 16978,Anantapur,New
16979,Customer 16979,Nellore,VIP
16980,Customer 16980,Rajahmundry,New
16981,Customer 16981,Visakhapatnam,New
16982,Customer 16982,Anantapur,New
16983,Customer 16983,Kakinada,Returning
16984,Customer 16984,Kakinada,Returning
16985,Customer 16985,Guntur,New
16986,Customer 16986,Kakinada,New
16987,Customer 16987,Ongole,New
16988,Customer 16988,Ongole,VIP
16989,Customer 16989,Tirupati,VIP
16990,Customer 16990,Rajahmundry,VIP
16991,Customer 16991,Visakhapatnam,New
16992,Customer 16992,Nellore,Returning
16993,Customer 16993,Kakinada,New
16994,Customer 16994,Tirupati,Returning
16995,Customer 16995,Kurnool,VIP
16996,Customer 16996,Anantapur,Returning
16997,Customer 16997,Kakinada,Returning
16998,Customer 16998,Visakhapatnam,New
16999,Customer 16999,Kakinada,Returning
17000,Customer 17000,Kurnool,Returning
17001,Customer 17001,Kurnool,VIP
17002,Customer 17002,Rajahmundry,New
17003,Customer 17003,Tirupati,Returning
17004,Customer 17004,Kakinada,Returning
17005,Customer 17005,Kurnool,New
17006,Customer 17006,Guntur,VIP
17007,Customer 17007,Ongole,VIP
17008,Customer 17008,Visakhapatnam,VIP
17009,Customer 17009,Kakinada,VIP
17010,Customer 17010,Rajahmundry,Returning
17011,Customer 17011,Ongole,Returning
17012,Customer 17012,Nellore,New
17013,Customer 17013,Kurnool,VIP
17014,Customer 17014,Ongole,New
17015,Customer 17015,Nellore,New
17016,Customer 17016,Visakhapatnam,New
17017,Customer 17017,Tirupati,Returning
17018,Customer 17018,Visakhapatnam,Returning
17019,Customer 17019,Vijayawada,Returning
17020,Customer 17020,Vijayawada,New
17021,Customer 17021,Visakhapatnam,Returning
17022,Customer 17022,Tirupati,Returning
17023,Customer 17023,Anantapur,New
17024,Customer 17024,Vijayawada,Returning
17025,Customer 17025,Ongole,VIP
17026,Customer 17026,Guntur,VIP
17027,Customer 17027,Rajahmundry,VIP
17028,Customer 17028,Rajahmundry,VIP
17029,Customer 17029,Kakinada,VIP
17030,Customer 17030,Kakinada,VIP
17031,Customer 17031,Vijayawada,New
17032,Customer 17032,Anantapur,VIP
17033,Customer 17033,Guntur,Returning
17034,Customer 17034,Vijayawada,New
17035,Customer 17035,Visakhapatnam,New
17036,Customer 17036,Nellore,New
17037,Customer 17037,Visakhapatnam,New
17038,Customer 17038,Anantapur,VIP
17039,Customer 17039,Tirupati,VIP
17040,Customer 17040,Guntur,VIP
17041,Customer 17041,Anantapur,New
17042,Customer 17042,Anantapur,Returning
17043,Customer 17043,Visakhapatnam,Returning
17044,Customer 17044,Anantapur,New
17045,Customer 17045,Rajahmundry,VIP
17046,Customer 17046,Nellore,VIP
17047,Customer 17047,Vijayawada,New
17048,Customer 17048,Anantapur,Returning
17049,Customer 17049,Visakhapatnam,New
17050,Customer 17050,Tirupati,VIP
17051,Customer 17051,Anantapur,Returning
17052,Customer 17052,Visakhapatnam,New
17053,Customer 17053,Kurnool,VIP
17054,Customer 17054,Kurnool,Returning
17055,Customer 17055,Guntur,Returning
17056,Customer 17056,Tirupati,VIP
17057,Customer 17057,Nellore,VIP
17058,Customer 17058,Rajahmundry,VIP
17059,Customer 17059,Nellore,New
17060,Customer 17060,Ongole,New
17061,Customer 17061,Vijayawada,New
17062,Customer 17062,Nellore,Returning
17063,Customer 17063,Anantapur,Returning
17064,Customer 17064,Tirupati,VIP
17065,Customer 17065,Anantapur,Returning
17066,Customer 17066,Vijayawada,New
17067,Customer 17067,Visakhapatnam,VIP
17068,Customer 17068,Rajahmundry,Returning
17069,Customer 17069,Visakhapatnam,VIP
17070,Customer 17070,Ongole,Returning
17071,Customer 17071,Vijayawada,Returning
17072,Customer 17072,Guntur,New
17073,Customer 17073,Rajahmundry,New
17074,Customer 17074,Ongole,New
17075,Customer 17075,Kakinada,Returning
17076,Customer 17076,Visakhapatnam,VIP
17077,Customer 17077,Kurnool,VIP
17078,Customer 17078,Guntur,VIP
17079,Customer 17079,Anantapur,VIP
17080,Customer 17080,Guntur,New
17081,Customer 17081,Tirupati,Returning
17082,Customer 17082,Kurnool,New
17083,Customer 17083,Kurnool,VIP
17084,Customer 17084,Kakinada,VIP
17085,Customer 17085,Ongole,VIP
17086,Customer 17086,Rajahmundry,VIP
17087,Customer 17087,Rajahmundry,New
17088,Customer 17088,Anantapur,New
17089,Customer 17089,Nellore,New
17090,Customer 17090,Anantapur,Returning
17091,Customer 17091,Ongole,Returning
17092,Customer 17092,Kurnool,VIP
17093,Customer 17093,Ongole,VIP
17094,Customer 17094,Ongole,VIP
17095,Customer 17095,Kakinada,Returning
17096,Customer 17096,Vijayawada,VIP
17097,Customer 17097,Guntur,Returning
17098,Customer 17098,Vijayawada,Returning
17099,Customer 17099,Visakhapatnam,VIP
17100,Customer 17100,Kurnool,VIP
17101,Customer 17101,Anantapur,Returning
17102,Customer 17102,Kurnool,Returning
17103,Customer 17103,Kakinada,VIP
17104,Customer 17104,Nellore,New
17105,Customer 17105,Rajahmundry,New
17106,Customer 17106,Kakinada,Returning
17107,Customer 17107,Tirupati,VIP
17108,Customer 17108,Nellore,VIP
17109,Customer 17109,Ongole,VIP
17110,Customer 17110,Visakhapatnam,New
17111,Customer 17111,Kakinada,Returning
17112,Customer 17112,Tirupati,New
17113,Customer 17113,Ongole,New
17114,Customer 17114,Visakhapatnam,Returning
17115,Customer 17115,Anantapur,VIP
17116,Customer 17116,Tirupati,New
17117,Customer 17117,Vijayawada,New
17118,Customer 17118,Guntur,New
17119,Customer 17119,Kurnool,Returning
17120,Customer 17120,Guntur,New
17121,Customer 17121,Nellore,Returning
17122,Customer 17122,Rajahmundry,Returning
17123,Customer 17123,Kurnool,VIP
17124,Customer 17124,Kurnool,VIP
17125,Customer 17125,Visakhapatnam,VIP
17126,Customer 17126,Rajahmundry,New
17127,Customer 17127,Kurnool,VIP
17128,Customer 17128,Visakhapatnam,Returning
17129,Customer 17129,Rajahmundry,New
17130,Customer 17130,Ongole,VIP
17131,Customer 17131,Kurnool,Returning
17132,Customer 17132,Kurnool,Returning
17133,Customer 17133,Visakhapatnam,Returning
17134,Customer 17134,Nellore,VIP
17135,Customer 17135,Kurnool,Returning
17136,Customer 17136,Ongole,Returning
17137,Customer 17137,Nellore,Returning
17138,Customer 17138,Kakinada,VIP
17139,Customer 17139,Visakhapatnam,New
17140,Customer 17140,Tirupati,Returning
17141,Customer 17141,Vijayawada,Returning
17142,Customer 17142,Ongole,VIP
17143,Customer 17143,Guntur,Returning
17144,Customer 17144,Guntur,Returning
17145,Customer 17145,Nellore,New
17146,Customer 17146,Anantapur,VIP
17147,Customer 17147,Ongole,VIP
17148,Customer 17148,Tirupati,Returning
17149,Customer 17149,Visakhapatnam,New
17150,Customer 17150,Tirupati,Returning
17151,Customer 17151,Rajahmundry,VIP
17152,Customer 17152,Kakinada,VIP
17153,Customer 17153,Kurnool,New
17154,Customer 17154,Guntur,New
17155,Customer 17155,Visakhapatnam,New
17156,Customer 17156,Ongole,New
17157,Customer 17157,Ongole,New
17158,Customer 17158,Visakhapatnam,New
17159,Customer 17159,Kurnool,VIP
17160,Customer 17160,Kurnool,New
17161,Customer 17161,Vijayawada,VIP
17162,Customer 17162,Ongole,New
17163,Customer 17163,Kurnool,New
17164,Customer 17164,Vijayawada,VIP
17165,Customer 17165,Nellore,New
17166,Customer 17166,Kakinada,New
17167,Customer 17167,Visakhapatnam,Returning
17168,Customer 17168,Nellore,New
17169,Customer 17169,Anantapur,Returning
17170,Customer 17170,Nellore,VIP
17171,Customer 17171,Visakhapatnam,VIP
17172,Customer 17172,Tirupati,New
17173,Customer 17173,Ongole,New
17174,Customer 17174,Vijayawada,VIP
17175,Customer 17175,Tirupati,New
17176,Customer 17176,Guntur,VIP
17177,Customer 17177,Visakhapatnam,VIP
17178,Customer 17178,Rajahmundry,Returning
17179,Customer 17179,Visakhapatnam,VIP
17180,Customer 17180,Nellore,VIP
17181,Customer 17181,Kakinada,Returning
17182,Customer 17182,Guntur,Returning
17183,Customer 17183,Nellore,VIP
17184,Customer 17184,Rajahmundry,New
17185,Customer 17185,Vijayawada,VIP
17186,Customer 17186,Ongole,New
17187,Customer 17187,Visakhapatnam,New
17188,Customer 17188,Kakinada,Returning
17189,Customer 17189,Tirupati,VIP
17190,Customer 17190,Nellore,Returning
17191,Customer 17191,Visakhapatnam,VIP
17192,Customer 17192,Anantapur,VIP
17193,Customer 17193,Tirupati,New
17194,Customer 17194,Visakhapatnam,Returning
17195,Customer 17195,Kurnool,New
17196,Customer 17196,Rajahmundry,Returning
17197,Customer 17197,Ongole,Returning
17198,Customer 17198,Kakinada,Returning
17199,Customer 17199,Vijayawada,VIP
17200,Customer 17200,Tirupati,Returning
17201,Customer 17201,Anantapur,VIP
17202,Customer 17202,Visakhapatnam,Returning
17203,Customer 17203,Ongole,Returning
17204,Customer 17204,Vijayawada,VIP
17205,Customer 17205,Tirupati,Returning
17206,Customer 17206,Kurnool,VIP
17207,Customer 17207,Anantapur,New
17208,Customer 17208,Nellore,New
17209,Customer 17209,Nellore,Returning
17210,Customer 17210,Tirupati,Returning
17211,Customer 17211,Nellore,New
17212,Customer 17212,Tirupati,New
17213,Customer 17213,Rajahmundry,VIP
17214,Customer 17214,Tirupati,Returning
17215,Customer 17215,Visakhapatnam,New
17216,Customer 17216,Nellore,VIP
17217,Customer 17217,Kurnool,New
17218,Customer 17218,Nellore,VIP
17219,Customer 17219,Kurnool,Returning
17220,Customer 17220,Nellore,VIP
17221,Customer 17221,Tirupati,Returning
17222,Customer 17222,Vijayawada,Returning
17223,Customer 17223,Anantapur,New
17224,Customer 17224,Visakhapatnam,Returning
17225,Customer 17225,Guntur,Returning
17226,Customer 17226,Vijayawada,New
17227,Customer 17227,Rajahmundry,VIP
17228,Customer 17228,Rajahmundry,New
17229,Customer 17229,Anantapur,VIP
17230,Customer 17230,Nellore,VIP
17231,Customer 17231,Kurnool,VIP
17232,Customer 17232,Kurnool,Returning
17233,Customer 17233,Anantapur,VIP
17234,Customer 17234,Tirupati,Returning
17235,Customer 17235,Guntur,Returning
17236,Customer 17236,Kurnool,Returning
17237,Customer 17237,Kurnool,VIP
17238,Customer 17238,Kurnool,VIP
17239,Customer 17239,Vijayawada,VIP
17240,Customer 17240,Kurnool,New
17241,Customer 17241,Vijayawada,VIP
17242,Customer 17242,Nellore,Returning
17243,Customer 17243,Rajahmundry,New
17244,Customer 17244,Anantapur,Returning
17245,Customer 17245,Kakinada,New
17246,Customer 17246,Vijayawada,Returning
17247,Customer 17247,Visakhapatnam,New
17248,Customer 17248,Vijayawada,New
17249,Customer 17249,Ongole,VIP
17250,Customer 17250,Ongole,New
17251,Customer 17251,Anantapur,Returning
17252,Customer 17252,Ongole,Returning
17253,Customer 17253,Anantapur,Returning
17254,Customer 17254,Visakhapatnam,New
17255,Customer 17255,Ongole,New
17256,Customer 17256,Guntur,New
17257,Customer 17257,Nellore,Returning
17258,Customer 17258,Nellore,Returning
17259,Customer 17259,Nellore,New
17260,Customer 17260,Rajahmundry,VIP
17261,Customer 17261,Nellore,New
17262,Customer 17262,Tirupati,New
17263,Customer 17263,Rajahmundry,New
17264,Customer 17264,Nellore,Returning
17265,Customer 17265,Guntur,New
17266,Customer 17266,Anantapur,New
17267,Customer 17267,Kurnool,New
17268,Customer 17268,Vijayawada,Returning
17269,Customer 17269,Anantapur,Returning
17270,Customer 17270,Ongole,New
17271,Customer 17271,Ongole,Returning
17272,Customer 17272,Visakhapatnam,Returning
17273,Customer 17273,Tirupati,Returning
17274,Customer 17274,Ongole,VIP
17275,Customer 17275,Visakhapatnam,New
17276,Customer 17276,Anantapur,New
17277,Customer 17277,Visakhapatnam,Returning
17278,Customer 17278,Ongole,New
17279,Customer 17279,Rajahmundry,Returning
17280,Customer 17280,Ongole,VIP
17281,Customer 17281,Anantapur,Returning
17282,Customer 17282,Visakhapatnam,New
17283,Customer 17283,Kakinada,New
17284,Customer 17284,Anantapur,Returning
17285,Customer 17285,Tirupati,Returning
17286,Customer 17286,Anantapur,VIP
17287,Customer 17287,Nellore,New
17288,Customer 17288,Ongole,VIP
17289,Customer 17289,Kurnool,Returning
17290,Customer 17290,Nellore,New
17291,Customer 17291,Vijayawada,Returning
17292,Customer 17292,Rajahmundry,Returning
17293,Customer 17293,Nellore,VIP
17294,Customer 17294,Kakinada,VIP
17295,Customer 17295,Guntur,New
17296,Customer 17296,Kurnool,VIP
17297,Customer 17297,Visakhapatnam,Returning
17298,Customer 17298,Visakhapatnam,Returning
17299,Customer 17299,Ongole,VIP
17300,Customer 17300,Ongole,Returning
17301,Customer 17301,Visakhapatnam,New
17302,Customer 17302,Kakinada,New
17303,Customer 17303,Kakinada,VIP
17304,Customer 17304,Kurnool,New
17305,Customer 17305,Tirupati,Returning
17306,Customer 17306,Tirupati,VIP
17307,Customer 17307,Visakhapatnam,New
17308,Customer 17308,Kurnool,Returning
17309,Customer 17309,Nellore,VIP
17310,Customer 17310,Visakhapatnam,VIP
17311,Customer 17311,Kakinada,Returning
17312,Customer 17312,Nellore,Returning
17313,Customer 17313,Guntur,VIP
17314,Customer 17314,Guntur,Returning
17315,Customer 17315,Tirupati,New
17316,Customer 17316,Nellore,VIP
17317,Customer 17317,Anantapur,New
17318,Customer 17318,Vijayawada,New
17319,Customer 17319,Rajahmundry,Returning
17320,Customer 17320,Kurnool,New
17321,Customer 17321,Guntur,Returning
17322,Customer 17322,Kurnool,New
17323,Customer 17323,Nellore,New
17324,Customer 17324,Nellore,New
17325,Customer 17325,Visakhapatnam,Returning
17326,Customer 17326,Kurnool,New
17327,Customer 17327,Kurnool,New
17328,Customer 17328,Ongole,VIP
17329,Customer 17329,Nellore,Returning
17330,Customer 17330,Rajahmundry,Returning
17331,Customer 17331,Vijayawada,Returning
17332,Customer 17332,Tirupati,VIP
17333,Customer 17333,Kurnool,New
17334,Customer 17334,Visakhapatnam,New
17335,Customer 17335,Kakinada,VIP
17336,Customer 17336,Tirupati,Returning
17337,Customer 17337,Visakhapatnam,VIP
17338,Customer 17338,Visakhapatnam,VIP
17339,Customer 17339,Anantapur,New
17340,Customer 17340,Visakhapatnam,VIP
17341,Customer 17341,Vijayawada,New
17342,Customer 17342,Tirupati,VIP
17343,Customer 17343,Ongole,VIP
17344,Customer 17344,Kurnool,New
17345,Customer 17345,Visakhapatnam,VIP
17346,Customer 17346,Visakhapatnam,Returning
17347,Customer 17347,Visakhapatnam,VIP
17348,Customer 17348,Vijayawada,VIP
17349,Customer 17349,Vijayawada,VIP
17350,Customer 17350,Nellore,New
17351,Customer 17351,Anantapur,VIP
17352,Customer 17352,Rajahmundry,Returning
17353,Customer 17353,Kurnool,Returning
17354,Customer 17354,Kurnool,VIP
17355,Customer 17355,Rajahmundry,New
17356,Customer 17356,Kakinada,Returning
17357,Customer 17357,Guntur,New
17358,Customer 17358,Tirupati,VIP
17359,Customer 17359,Kakinada,Returning
17360,Customer 17360,Guntur,New
17361,Customer 17361,Guntur,VIP
17362,Customer 17362,Vijayawada,VIP
17363,Customer 17363,Vijayawada,VIP
17364,Customer 17364,Tirupati,Returning
17365,Customer 17365,Visakhapatnam,New
17366,Customer 17366,Kurnool,VIP
17367,Customer 17367,Visakhapatnam,VIP
17368,Customer 17368,Anantapur,New
17369,Customer 17369,Nellore,Returning
17370,Customer 17370,Vijayawada,VIP
17371,Customer 17371,Kurnool,VIP
17372,Customer 17372,Nellore,VIP
17373,Customer 17373,Visakhapatnam,New
17374,Customer 17374,Ongole,New
17375,Customer 17375,Rajahmundry,VIP
17376,Customer 17376,Tirupati,Returning
17377,Customer 17377,Ongole,New
17378,Customer 17378,Nellore,New
17379,Customer 17379,Tirupati,Returning
17380,Customer 17380,Rajahmundry,New
17381,Customer 17381,Vijayawada,Returning
17382,Customer 17382,Kakinada,Returning
17383,Customer 17383,Nellore,VIP
17384,Customer 17384,Guntur,Returning
17385,Customer 17385,Kakinada,VIP
17386,Customer 17386,Kurnool,VIP
17387,Customer 17387,Ongole,New
17388,Customer 17388,Rajahmundry,New
17389,Customer 17389,Guntur,VIP
17390,Customer 17390,Vijayawada,VIP
17391,Customer 17391,Rajahmundry,New
17392,Customer 17392,Guntur,VIP
17393,Customer 17393,Ongole,Returning
17394,Customer 17394,Anantapur,Returning
17395,Customer 17395,Visakhapatnam,New
17396,Customer 17396,Tirupati,VIP
17397,Customer 17397,Rajahmundry,Returning
17398,Customer 17398,Rajahmundry,New
17399,Customer 17399,Vijayawada,New
17400,Customer 17400,Kakinada,Returning
17401,Customer 17401,Kurnool,VIP
17402,Customer 17402,Kurnool,VIP
17403,Customer 17403,Visakhapatnam,New
17404,Customer 17404,Kurnool,VIP
17405,Customer 17405,Tirupati,VIP
17406,Customer 17406,Kurnool,New
17407,Customer 17407,Tirupati,New
17408,Customer 17408,Nellore,Returning
17409,Customer 17409,Tirupati,VIP
17410,Customer 17410,Tirupati,Returning
17411,Customer 17411,Anantapur,VIP
17412,Customer 17412,Vijayawada,VIP
17413,Customer 17413,Guntur,VIP
17414,Customer 17414,Vijayawada,New
17415,Customer 17415,Rajahmundry,New
17416,Customer 17416,Anantapur,VIP
17417,Customer 17417,Anantapur,VIP
17418,Customer 17418,Visakhapatnam,New
17419,Customer 17419,Nellore,VIP
17420,Customer 17420,Guntur,Returning
17421,Customer 17421,Guntur,Returning
17422,Customer 17422,Vijayawada,New
17423,Customer 17423,Kakinada,Returning
17424,Customer 17424,Anantapur,VIP
17425,Customer 17425,Visakhapatnam,Returning
17426,Customer 17426,Vijayawada,New
17427,Customer 17427,Kurnool,New
17428,Customer 17428,Anantapur,Returning
17429,Customer 17429,Vijayawada,VIP
17430,Customer 17430,Ongole,VIP
17431,Customer 17431,Nellore,VIP
17432,Customer 17432,Guntur,VIP
17433,Customer 17433,Nellore,Returning
17434,Customer 17434,Visakhapatnam,Returning
17435,Customer 17435,Tirupati,New
17436,Customer 17436,Visakhapatnam,Returning
17437,Customer 17437,Rajahmundry,Returning
17438,Customer 17438,Anantapur,VIP
17439,Customer 17439,Kurnool,Returning
17440,Customer 17440,Ongole,New
17441,Customer 17441,Ongole,VIP
17442,Customer 17442,Kurnool,New
17443,Customer 17443,Kakinada,New
17444,Customer 17444,Visakhapatnam,VIP
17445,Customer 17445,Anantapur,VIP
17446,Customer 17446,Vijayawada,New
17447,Customer 17447,Guntur,VIP
17448,Customer 17448,Nellore,Returning
17449,Customer 17449,Tirupati,New
17450,Customer 17450,Tirupati,Returning
17451,Customer 17451,Guntur,Returning
17452,Customer 17452,Kurnool,New
17453,Customer 17453,Rajahmundry,VIP
17454,Customer 17454,Nellore,New
17455,Customer 17455,Anantapur,Returning
17456,Customer 17456,Guntur,New
17457,Customer 17457,Visakhapatnam,New
17458,Customer 17458,Kakinada,Returning
17459,Customer 17459,Tirupati,VIP
17460,Customer 17460,Vijayawada,Returning
17461,Customer 17461,Vijayawada,Returning
17462,Customer 17462,Tirupati,Returning
17463,Customer 17463,Nellore,New
17464,Customer 17464,Nellore,Returning
17465,Customer 17465,Rajahmundry,Returning
17466,Customer 17466,Vijayawada,VIP
17467,Customer 17467,Visakhapatnam,New
17468,Customer 17468,Kurnool,VIP
17469,Customer 17469,Rajahmundry,Returning
17470,Customer 17470,Visakhapatnam,VIP
17471,Customer 17471,Kakinada,New
17472,Customer 17472,Rajahmundry,VIP
17473,Customer 17473,Anantapur,New
17474,Customer 17474,Rajahmundry,New
17475,Customer 17475,Rajahmundry,New
17476,Customer 17476,Rajahmundry,New
17477,Customer 17477,Tirupati,Returning
17478,Customer 17478,Anantapur,Returning
17479,Customer 17479,Kurnool,New
17480,Customer 17480,Anantapur,New
17481,Customer 17481,Guntur,Returning
17482,Customer 17482,Rajahmundry,New
17483,Customer 17483,Tirupati,New
17484,Customer 17484,Vijayawada,New
17485,Customer 17485,Anantapur,VIP
17486,Customer 17486,Ongole,New
17487,Customer 17487,Rajahmundry,Returning
17488,Customer 17488,Anantapur,VIP
17489,Customer 17489,Vijayawada,VIP
17490,Customer 17490,Ongole,VIP
17491,Customer 17491,Visakhapatnam,Returning
17492,Customer 17492,Anantapur,New
17493,Customer 17493,Kurnool,New
17494,Customer 17494,Kurnool,Returning
17495,Customer 17495,Vijayawada,VIP
17496,Customer 17496,Kurnool,New
17497,Customer 17497,Guntur,Returning
17498,Customer 17498,Ongole,Returning
17499,Customer 17499,Rajahmundry,New
17500,Customer 17500,Rajahmundry,New
17501,Customer 17501,Tirupati,Returning
17502,Customer 17502,Kurnool,Returning
17503,Customer 17503,Ongole,VIP
17504,Customer 17504,Tirupati,New
17505,Customer 17505,Kurnool,Returning
17506,Customer 17506,Guntur,New
17507,Customer 17507,Ongole,VIP
17508,Customer 17508,Kakinada,New
17509,Customer 17509,Vijayawada,Returning
17510,Customer 17510,Kurnool,Returning
17511,Customer 17511,Kurnool,VIP
17512,Customer 17512,Kurnool,VIP
17513,Customer 17513,Visakhapatnam,VIP
17514,Customer 17514,Nellore,Returning
17515,Customer 17515,Rajahmundry,Returning
17516,Customer 17516,Tirupati,VIP
17517,Customer 17517,Nellore,Returning
17518,Customer 17518,Vijayawada,Returning
17519,Customer 17519,Anantapur,Returning
17520,Customer 17520,Visakhapatnam,VIP
17521,Customer 17521,Anantapur,VIP
17522,Customer 17522,Rajahmundry,VIP
17523,Customer 17523,Kakinada,New
17524,Customer 17524,Nellore,VIP
17525,Customer 17525,Visakhapatnam,New
17526,Customer 17526,Ongole,VIP
17527,Customer 17527,Tirupati,Returning
17528,Customer 17528,Anantapur,Returning
17529,Customer 17529,Kurnool,VIP
17530,Customer 17530,Rajahmundry,VIP
17531,Customer 17531,Visakhapatnam,Returning
17532,Customer 17532,Guntur,VIP
17533,Customer 17533,Anantapur,New
17534,Customer 17534,Kakinada,Returning
17535,Customer 17535,Guntur,Returning
17536,Customer 17536,Kurnool,New
17537,Customer 17537,Ongole,New
17538,Customer 17538,Ongole,Returning
17539,Customer 17539,Guntur,VIP
17540,Customer 17540,Tirupati,Returning
17541,Customer 17541,Tirupati,Returning
17542,Customer 17542,Kakinada,VIP
17543,Customer 17543,Guntur,New
17544,Customer 17544,Anantapur,Returning
17545,Customer 17545,Tirupati,New
17546,Customer 17546,Rajahmundry,VIP
17547,Customer 17547,Kakinada,VIP
17548,Customer 17548,Rajahmundry,VIP
17549,Customer 17549,Nellore,New
17550,Customer 17550,Anantapur,New
17551,Customer 17551,Rajahmundry,Returning
17552,Customer 17552,Guntur,VIP
17553,Customer 17553,Anantapur,VIP
17554,Customer 17554,Rajahmundry,Returning
17555,Customer 17555,Kakinada,VIP
17556,Customer 17556,Kakinada,New
17557,Customer 17557,Ongole,VIP
17558,Customer 17558,Visakhapatnam,New
17559,Customer 17559,Vijayawada,VIP
17560,Customer 17560,Nellore,Returning
17561,Customer 17561,Nellore,New
17562,Customer 17562,Nellore,New
17563,Customer 17563,Tirupati,Returning
17564,Customer 17564,Nellore,New
17565,Customer 17565,Nellore,VIP
17566,Customer 17566,Kakinada,VIP
17567,Customer 17567,Tirupati,New
17568,Customer 17568,Visakhapatnam,New
17569,Customer 17569,Kurnool,New
17570,Customer 17570,Kakinada,VIP
17571,Customer 17571,Kakinada,VIP
17572,Customer 17572,Tirupati,Returning
17573,Customer 17573,Rajahmundry,VIP
17574,Customer 17574,Vijayawada,New
17575,Customer 17575,Guntur,VIP
17576,Customer 17576,Kakinada,New
17577,Customer 17577,Tirupati,Returning
17578,Customer 17578,Tirupati,Returning
17579,Customer 17579,Nellore,Returning
17580,Customer 17580,Nellore,Returning
17581,Customer 17581,Vijayawada,New
17582,Customer 17582,Nellore,New
17583,Customer 17583,Nellore,VIP
17584,Customer 17584,Anantapur,New
17585,Customer 17585,Nellore,New
17586,Customer 17586,Nellore,New
17587,Customer 17587,Kurnool,New
17588,Customer 17588,Ongole,VIP
17589,Customer 17589,Tirupati,VIP
17590,Customer 17590,Rajahmundry,New
17591,Customer 17591,Nellore,VIP
17592,Customer 17592,Nellore,VIP
17593,Customer 17593,Vijayawada,VIP
17594,Customer 17594,Rajahmundry,VIP
17595,Customer 17595,Guntur,Returning
17596,Customer 17596,Nellore,New
17597,Customer 17597,Anantapur,New
17598,Customer 17598,Guntur,New
17599,Customer 17599,Visakhapatnam,Returning
17600,Customer 17600,Anantapur,New
17601,Customer 17601,Rajahmundry,Returning
17602,Customer 17602,Kakinada,VIP
17603,Customer 17603,Kurnool,New
17604,Customer 17604,Kakinada,Returning
17605,Customer 17605,Tirupati,VIP
17606,Customer 17606,Vijayawada,VIP
17607,Customer 17607,Guntur,VIP
17608,Customer 17608,Rajahmundry,New
17609,Customer 17609,Rajahmundry,New
17610,Customer 17610,Tirupati,New
17611,Customer 17611,Anantapur,Returning
17612,Customer 17612,Kakinada,VIP
17613,Customer 17613,Anantapur,Returning
17614,Customer 17614,Visakhapatnam,New
17615,Customer 17615,Tirupati,Returning
17616,Customer 17616,Kakinada,VIP
17617,Customer 17617,Vijayawada,Returning
17618,Customer 17618,Tirupati,New
17619,Customer 17619,Visakhapatnam,Returning
17620,Customer 17620,Guntur,New
17621,Customer 17621,Guntur,Returning
17622,Customer 17622,Ongole,Returning
17623,Customer 17623,Ongole,Returning
17624,Customer 17624,Rajahmundry,VIP
17625,Customer 17625,Kurnool,VIP
17626,Customer 17626,Nellore,Returning
17627,Customer 17627,Visakhapatnam,Returning
17628,Customer 17628,Rajahmundry,Returning
17629,Customer 17629,Guntur,VIP
17630,Customer 17630,Kurnool,VIP
17631,Customer 17631,Rajahmundry,New
17632,Customer 17632,Vijayawada,VIP
17633,Customer 17633,Kakinada,New
17634,Customer 17634,Kakinada,VIP
17635,Customer 17635,Ongole,VIP
17636,Customer 17636,Nellore,VIP
17637,Customer 17637,Guntur,New
17638,Customer 17638,Tirupati,New
17639,Customer 17639,Rajahmundry,New
17640,Customer 17640,Nellore,VIP
17641,Customer 17641,Visakhapatnam,VIP
17642,Customer 17642,Ongole,VIP
17643,Customer 17643,Vijayawada,Returning
17644,Customer 17644,Vijayawada,Returning
17645,Customer 17645,Nellore,Returning
17646,Customer 17646,Guntur,VIP
17647,Customer 17647,Nellore,VIP
17648,Customer 17648,Kurnool,New
17649,Customer 17649,Kakinada,New
17650,Customer 17650,Visakhapatnam,New
17651,Customer 17651,Kurnool,VIP
17652,Customer 17652,Guntur,New
17653,Customer 17653,Tirupati,New
17654,Customer 17654,Tirupati,VIP
17655,Customer 17655,Guntur,Returning
17656,Customer 17656,Vijayawada,Returning
17657,Customer 17657,Visakhapatnam,Returning
17658,Customer 17658,Kurnool,New
17659,Customer 17659,Guntur,Returning
17660,Customer 17660,Tirupati,New
17661,Customer 17661,Vijayawada,New
17662,Customer 17662,Tirupati,Returning
17663,Customer 17663,Kakinada,VIP
17664,Customer 17664,Tirupati,New
17665,Customer 17665,Kakinada,New
17666,Customer 17666,Ongole,VIP
17667,Customer 17667,Ongole,VIP
17668,Customer 17668,Kakinada,VIP
17669,Customer 17669,Nellore,Returning
17670,Customer 17670,Nellore,Returning
17671,Customer 17671,Guntur,Returning
17672,Customer 17672,Visakhapatnam,Returning
17673,Customer 17673,Rajahmundry,VIP
17674,Customer 17674,Ongole,VIP
17675,Customer 17675,Guntur,VIP
17676,Customer 17676,Kurnool,VIP
17677,Customer 17677,Kakinada,New
17678,Customer 17678,Guntur,Returning
17679,Customer 17679,Vijayawada,New
17680,Customer 17680,Kakinada,Returning
17681,Customer 17681,Guntur,Returning
17682,Customer 17682,Rajahmundry,New
17683,Customer 17683,Rajahmundry,Returning
17684,Customer 17684,Vijayawada,Returning
17685,Customer 17685,Nellore,New
17686,Customer 17686,Nellore,Returning
17687,Customer 17687,Tirupati,New
17688,Customer 17688,Nellore,New
17689,Customer 17689,Anantapur,VIP
17690,Customer 17690,Rajahmundry,New
17691,Customer 17691,Kurnool,New
17692,Customer 17692,Kurnool,New
17693,Customer 17693,Visakhapatnam,Returning
17694,Customer 17694,Nellore,VIP
17695,Customer 17695,Ongole,New
17696,Customer 17696,Ongole,Returning
17697,Customer 17697,Vijayawada,New
17698,Customer 17698,Nellore,VIP
17699,Customer 17699,Tirupati,Returning
17700,Customer 17700,Ongole,Returning
17701,Customer 17701,Nellore,New
17702,Customer 17702,Kurnool,Returning
17703,Customer 17703,Visakhapatnam,VIP
17704,Customer 17704,Guntur,New
17705,Customer 17705,Ongole,VIP
17706,Customer 17706,Nellore,New
17707,Customer 17707,Visakhapatnam,VIP
17708,Customer 17708,Guntur,Returning
17709,Customer 17709,Visakhapatnam,Returning
17710,Customer 17710,Visakhapatnam,Returning
17711,Customer 17711,Vijayawada,VIP
17712,Customer 17712,Ongole,VIP
17713,Customer 17713,Tirupati,New
17714,Customer 17714,Kakinada,VIP
17715,Customer 17715,Anantapur,New
17716,Customer 17716,Visakhapatnam,New
17717,Customer 17717,Rajahmundry,New
17718,Customer 17718,Tirupati,VIP
17719,Customer 17719,Visakhapatnam,Returning
17720,Customer 17720,Kurnool,Returning
17721,Customer 17721,Vijayawada,New
17722,Customer 17722,Guntur,New
17723,Customer 17723,Visakhapatnam,VIP
17724,Customer 17724,Anantapur,VIP
17725,Customer 17725,Vijayawada,Returning
17726,Customer 17726,Guntur,VIP
17727,Customer 17727,Visakhapatnam,Returning
17728,Customer 17728,Rajahmundry,Returning
17729,Customer 17729,Ongole,Returning
17730,Customer 17730,Kakinada,New
17731,Customer 17731,Anantapur,New
17732,Customer 17732,Guntur,VIP
17733,Customer 17733,Ongole,Returning
17734,Customer 17734,Guntur,Returning
17735,Customer 17735,Vijayawada,Returning
17736,Customer 17736,Rajahmundry,New
17737,Customer 17737,Visakhapatnam,New
17738,Customer 17738,Anantapur,Returning
17739,Customer 17739,Anantapur,VIP
17740,Customer 17740,Vijayawada,Returning
17741,Customer 17741,Ongole,New
17742,Customer 17742,Guntur,Returning
17743,Customer 17743,Nellore,New
17744,Customer 17744,Tirupati,VIP
17745,Customer 17745,Anantapur,VIP
17746,Customer 17746,Vijayawada,Returning
17747,Customer 17747,Tirupati,New
17748,Customer 17748,Guntur,New
17749,Customer 17749,Visakhapatnam,Returning
17750,Customer 17750,Guntur,Returning
17751,Customer 17751,Tirupati,New
17752,Customer 17752,Tirupati,New
17753,Customer 17753,Visakhapatnam,Returning
17754,Customer 17754,Visakhapatnam,Returning
17755,Customer 17755,Visakhapatnam,VIP
17756,Customer 17756,Rajahmundry,VIP
17757,Customer 17757,Kurnool,VIP
17758,Customer 17758,Ongole,Returning
17759,Customer 17759,Anantapur,Returning
17760,Customer 17760,Tirupati,VIP
17761,Customer 17761,Kakinada,VIP
17762,Customer 17762,Ongole,VIP
17763,Customer 17763,Rajahmundry,Returning
17764,Customer 17764,Nellore,VIP
17765,Customer 17765,Rajahmundry,New
17766,Customer 17766,Anantapur,VIP
17767,Customer 17767,Ongole,VIP
17768,Customer 17768,Tirupati,Returning
17769,Customer 17769,Anantapur,New
17770,Customer 17770,Visakhapatnam,New
17771,Customer 17771,Rajahmundry,New
17772,Customer 17772,Kakinada,VIP
17773,Customer 17773,Rajahmundry,Returning
17774,Customer 17774,Anantapur,VIP
17775,Customer 17775,Vijayawada,Returning
17776,Customer 17776,Vijayawada,Returning
17777,Customer 17777,Ongole,New
17778,Customer 17778,Ongole,VIP
17779,Customer 17779,Anantapur,New
17780,Customer 17780,Tirupati,Returning
17781,Customer 17781,Guntur,VIP
17782,Customer 17782,Visakhapatnam,New
17783,Customer 17783,Vijayawada,New
17784,Customer 17784,Tirupati,New
17785,Customer 17785,Visakhapatnam,New
17786,Customer 17786,Visakhapatnam,VIP
17787,Customer 17787,Tirupati,Returning
17788,Customer 17788,Guntur,Returning
17789,Customer 17789,Tirupati,Returning
17790,Customer 17790,Guntur,VIP
17791,Customer 17791,Ongole,New
17792,Customer 17792,Vijayawada,New
17793,Customer 17793,Anantapur,New
17794,Customer 17794,Anantapur,Returning
17795,Customer 17795,Kakinada,New
17796,Customer 17796,Kakinada,VIP
17797,Customer 17797,Anantapur,VIP
17798,Customer 17798,Anantapur,New
17799,Customer 17799,Ongole,New
17800,Customer 17800,Ongole,VIP
17801,Customer 17801,Guntur,New
17802,Customer 17802,Tirupati,Returning
17803,Customer 17803,Kakinada,New
17804,Customer 17804,Kakinada,VIP
17805,Customer 17805,Vijayawada,New
17806,Customer 17806,Tirupati,VIP
17807,Customer 17807,Ongole,VIP
17808,Customer 17808,Tirupati,New
17809,Customer 17809,Rajahmundry,Returning
17810,Customer 17810,Guntur,VIP
17811,Customer 17811,Kakinada,Returning
17812,Customer 17812,Anantapur,VIP
17813,Customer 17813,Visakhapatnam,New
17814,Customer 17814,Kakinada,New
17815,Customer 17815,Kurnool,Returning
17816,Customer 17816,Kakinada,VIP
17817,Customer 17817,Kakinada,VIP
17818,Customer 17818,Kakinada,New
17819,Customer 17819,Nellore,New
17820,Customer 17820,Kakinada,Returning
17821,Customer 17821,Ongole,Returning
17822,Customer 17822,Kurnool,New
17823,Customer 17823,Anantapur,New
17824,Customer 17824,Kakinada,New
17825,Customer 17825,Kurnool,New
17826,Customer 17826,Kakinada,VIP
17827,Customer 17827,Nellore,VIP
17828,Customer 17828,Kurnool,Returning
17829,Customer 17829,Kurnool,New
17830,Customer 17830,Tirupati,VIP
17831,Customer 17831,Tirupati,New
17832,Customer 17832,Tirupati,New
17833,Customer 17833,Rajahmundry,Returning
17834,Customer 17834,Rajahmundry,Returning
17835,Customer 17835,Nellore,Returning
17836,Customer 17836,Anantapur,Returning
17837,Customer 17837,Vijayawada,New
17838,Customer 17838,Vijayawada,New
17839,Customer 17839,Vijayawada,VIP
17840,Customer 17840,Kakinada,New
17841,Customer 17841,Kurnool,VIP
17842,Customer 17842,Kurnool,Returning
17843,Customer 17843,Tirupati,VIP
17844,Customer 17844,Anantapur,Returning
17845,Customer 17845,Kakinada,Returning
17846,Customer 17846,Tirupati,New
17847,Customer 17847,Anantapur,New
17848,Customer 17848,Tirupati,New
17849,Customer 17849,Anantapur,Returning
17850,Customer 17850,Anantapur,VIP
17851,Customer 17851,Nellore,VIP
17852,Customer 17852,Vijayawada,New
17853,Customer 17853,Kurnool,VIP
17854,Customer 17854,Guntur,Returning
17855,Customer 17855,Tirupati,VIP
17856,Customer 17856,Nellore,VIP
17857,Customer 17857,Nellore,New
17858,Customer 17858,Rajahmundry,Returning
17859,Customer 17859,Visakhapatnam,VIP
17860,Customer 17860,Tirupati,Returning
17861,Customer 17861,Kakinada,New
17862,Customer 17862,Rajahmundry,New
17863,Customer 17863,Anantapur,VIP
17864,Customer 17864,Guntur,New
17865,Customer 17865,Kakinada,Returning
17866,Customer 17866,Tirupati,New
17867,Customer 17867,Ongole,Returning
17868,Customer 17868,Vijayawada,VIP
17869,Customer 17869,Guntur,Returning
17870,Customer 17870,Visakhapatnam,New
17871,Customer 17871,Anantapur,Returning
17872,Customer 17872,Anantapur,New
17873,Customer 17873,Kakinada,VIP
17874,Customer 17874,Rajahmundry,VIP
17875,Customer 17875,Kurnool,VIP
17876,Customer 17876,Guntur,VIP
17877,Customer 17877,Guntur,VIP
17878,Customer 17878,Ongole,New
17879,Customer 17879,Kurnool,New
17880,Customer 17880,Ongole,Returning
17881,Customer 17881,Nellore,New
17882,Customer 17882,Kurnool,Returning
17883,Customer 17883,Rajahmundry,Returning
17884,Customer 17884,Kakinada,New
17885,Customer 17885,Guntur,Returning
17886,Customer 17886,Tirupati,New
17887,Customer 17887,Visakhapatnam,New
17888,Customer 17888,Kurnool,New
17889,Customer 17889,Kurnool,New
17890,Customer 17890,Kakinada,New
17891,Customer 17891,Anantapur,VIP
17892,Customer 17892,Anantapur,Returning
17893,Customer 17893,Vijayawada,New
17894,Customer 17894,Nellore,New
17895,Customer 17895,Vijayawada,New
17896,Customer 17896,Nellore,VIP
17897,Customer 17897,Visakhapatnam,VIP
17898,Customer 17898,Guntur,VIP
17899,Customer 17899,Vijayawada,VIP
17900,Customer 17900,Kurnool,Returning
17901,Customer 17901,Ongole,VIP
17902,Customer 17902,Tirupati,VIP
17903,Customer 17903,Visakhapatnam,VIP
17904,Customer 17904,Nellore,Returning
17905,Customer 17905,Visakhapatnam,VIP
17906,Customer 17906,Kurnool,Returning
17907,Customer 17907,Vijayawada,New
17908,Customer 17908,Anantapur,VIP
17909,Customer 17909,Anantapur,New
17910,Customer 17910,Anantapur,VIP
17911,Customer 17911,Vijayawada,New
17912,Customer 17912,Vijayawada,New
17913,Customer 17913,Tirupati,Returning
17914,Customer 17914,Kurnool,Returning
17915,Customer 17915,Kurnool,Returning
17916,Customer 17916,Vijayawada,Returning
17917,Customer 17917,Visakhapatnam,Returning
17918,Customer 17918,Kakinada,Returning
17919,Customer 17919,Vijayawada,VIP
17920,Customer 17920,Kurnool,VIP
17921,Customer 17921,Ongole,VIP
17922,Customer 17922,Visakhapatnam,New
17923,Customer 17923,Kurnool,VIP
17924,Customer 17924,Visakhapatnam,Returning
17925,Customer 17925,Guntur,VIP
17926,Customer 17926,Guntur,VIP
17927,Customer 17927,Tirupati,VIP
17928,Customer 17928,Nellore,VIP
17929,Customer 17929,Tirupati,New
17930,Customer 17930,Guntur,Returning
17931,Customer 17931,Ongole,Returning
17932,Customer 17932,Ongole,Returning
17933,Customer 17933,Ongole,Returning
17934,Customer 17934,Anantapur,VIP
17935,Customer 17935,Vijayawada,New
17936,Customer 17936,Nellore,New
17937,Customer 17937,Vijayawada,VIP
17938,Customer 17938,Rajahmundry,VIP
17939,Customer 17939,Tirupati,New
17940,Customer 17940,Nellore,Returning
17941,Customer 17941,Kakinada,VIP
17942,Customer 17942,Tirupati,New
17943,Customer 17943,Visakhapatnam,VIP
17944,Customer 17944,Guntur,New
17945,Customer 17945,Rajahmundry,New
17946,Customer 17946,Guntur,New
17947,Customer 17947,Anantapur,VIP
17948,Customer 17948,Ongole,Returning
17949,Customer 17949,Kakinada,New
17950,Customer 17950,Guntur,VIP
17951,Customer 17951,Tirupati,New
17952,Customer 17952,Kakinada,Returning
17953,Customer 17953,Kakinada,New
17954,Customer 17954,Nellore,VIP
17955,Customer 17955,Vijayawada,VIP
17956,Customer 17956,Ongole,New
17957,Customer 17957,Ongole,New
17958,Customer 17958,Kakinada,Returning
17959,Customer 17959,Kurnool,Returning
17960,Customer 17960,Rajahmundry,New
17961,Customer 17961,Kakinada,Returning
17962,Customer 17962,Ongole,Returning
17963,Customer 17963,Rajahmundry,New
17964,Customer 17964,Anantapur,Returning
17965,Customer 17965,Kakinada,VIP
17966,Customer 17966,Ongole,VIP
17967,Customer 17967,Ongole,New
17968,Customer 17968,Kurnool,VIP
17969,Customer 17969,Kakinada,Returning
17970,Customer 17970,Visakhapatnam,Returning
17971,Customer 17971,Nellore,VIP
17972,Customer 17972,Guntur,VIP
17973,Customer 17973,Nellore,VIP
17974,Customer 17974,Anantapur,New
17975,Customer 17975,Tirupati,Returning
17976,Customer 17976,Rajahmundry,VIP
17977,Customer 17977,Kurnool,New
17978,Customer 17978,Rajahmundry,Returning
17979,Customer 17979,Vijayawada,New
17980,Customer 17980,Kakinada,New
17981,Customer 17981,Anantapur,VIP
17982,Customer 17982,Visakhapatnam,VIP
17983,Customer 17983,Kakinada,New
17984,Customer 17984,Visakhapatnam,New
17985,Customer 17985,Vijayawada,New
17986,Customer 17986,Kurnool,New
17987,Customer 17987,Guntur,VIP
17988,Customer 17988,Anantapur,Returning
17989,Customer 17989,Kurnool,Returning
17990,Customer 17990,Kurnool,VIP
17991,Customer 17991,Tirupati,Returning
17992,Customer 17992,Ongole,Returning
17993,Customer 17993,Kakinada,VIP
17994,Customer 17994,Vijayawada,Returning
17995,Customer 17995,Kurnool,New
17996,Customer 17996,Rajahmundry,Returning
17997,Customer 17997,Tirupati,Returning
17998,Customer 17998,Visakhapatnam,Returning
17999,Customer 17999,Anantapur,VIP
18000,Customer 18000,Vijayawada,New
18001,Customer 18001,Rajahmundry,VIP
18002,Customer 18002,Kakinada,VIP
18003,Customer 18003,Tirupati,New
18004,Customer 18004,Tirupati,Returning
18005,Customer 18005,Rajahmundry,Returning
18006,Customer 18006,Kakinada,New
18007,Customer 18007,Ongole,New
18008,Customer 18008,Vijayawada,New
18009,Customer 18009,Kakinada,VIP
18010,Customer 18010,Ongole,Returning
18011,Customer 18011,Vijayawada,Returning
18012,Customer 18012,Nellore,New
18013,Customer 18013,Visakhapatnam,VIP
18014,Customer 18014,Kurnool,VIP
18015,Customer 18015,Kakinada,Returning
18016,Customer 18016,Vijayawada,New
18017,Customer 18017,Visakhapatnam,VIP
18018,Customer 18018,Kurnool,Returning
18019,Customer 18019,Guntur,Returning
18020,Customer 18020,Nellore,VIP
18021,Customer 18021,Rajahmundry,New
18022,Customer 18022,Nellore,Returning
18023,Customer 18023,Guntur,Returning
18024,Customer 18024,Kakinada,Returning
18025,Customer 18025,Anantapur,New
18026,Customer 18026,Rajahmundry,VIP
18027,Customer 18027,Nellore,VIP
18028,Customer 18028,Kurnool,Returning
18029,Customer 18029,Rajahmundry,VIP
18030,Customer 18030,Vijayawada,VIP
18031,Customer 18031,Vijayawada,Returning
18032,Customer 18032,Tirupati,VIP
18033,Customer 18033,Kurnool,New
18034,Customer 18034,Visakhapatnam,New
18035,Customer 18035,Tirupati,New
18036,Customer 18036,Kurnool,Returning
18037,Customer 18037,Kakinada,Returning
18038,Customer 18038,Nellore,VIP
18039,Customer 18039,Visakhapatnam,VIP
18040,Customer 18040,Kakinada,VIP
18041,Customer 18041,Guntur,New
18042,Customer 18042,Kakinada,Returning
18043,Customer 18043,Guntur,Returning
18044,Customer 18044,Kakinada,New
18045,Customer 18045,Guntur,New
18046,Customer 18046,Anantapur,Returning
18047,Customer 18047,Anantapur,Returning
18048,Customer 18048,Visakhapatnam,Returning
18049,Customer 18049,Rajahmundry,New
18050,Customer 18050,Kakinada,VIP
18051,Customer 18051,Kurnool,Returning
18052,Customer 18052,Guntur,VIP
18053,Customer 18053,Ongole,VIP
18054,Customer 18054,Rajahmundry,New
18055,Customer 18055,Guntur,New
18056,Customer 18056,Vijayawada,VIP
18057,Customer 18057,Tirupati,New
18058,Customer 18058,Kakinada,New
18059,Customer 18059,Nellore,VIP
18060,Customer 18060,Rajahmundry,Returning
18061,Customer 18061,Rajahmundry,New
18062,Customer 18062,Vijayawada,Returning
18063,Customer 18063,Nellore,Returning
18064,Customer 18064,Rajahmundry,VIP
18065,Customer 18065,Vijayawada,New
18066,Customer 18066,Guntur,Returning
18067,Customer 18067,Rajahmundry,VIP
18068,Customer 18068,Ongole,New
18069,Customer 18069,Tirupati,New
18070,Customer 18070,Rajahmundry,VIP
18071,Customer 18071,Guntur,New
18072,Customer 18072,Tirupati,New
18073,Customer 18073,Tirupati,VIP
18074,Customer 18074,Tirupati,VIP
18075,Customer 18075,Rajahmundry,New
18076,Customer 18076,Visakhapatnam,New
18077,Customer 18077,Rajahmundry,VIP
18078,Customer 18078,Ongole,New
18079,Customer 18079,Ongole,New
18080,Customer 18080,Visakhapatnam,New
18081,Customer 18081,Kakinada,Returning
18082,Customer 18082,Rajahmundry,New
18083,Customer 18083,Nellore,Returning
18084,Customer 18084,Kakinada,VIP
18085,Customer 18085,Vijayawada,New
18086,Customer 18086,Tirupati,Returning
18087,Customer 18087,Visakhapatnam,New
18088,Customer 18088,Visakhapatnam,Returning
18089,Customer 18089,Kakinada,VIP
18090,Customer 18090,Rajahmundry,VIP
18091,Customer 18091,Kakinada,New
18092,Customer 18092,Nellore,VIP
18093,Customer 18093,Vijayawada,New
18094,Customer 18094,Visakhapatnam,Returning
18095,Customer 18095,Guntur,Returning
18096,Customer 18096,Tirupati,Returning
18097,Customer 18097,Visakhapatnam,New
18098,Customer 18098,Kakinada,New
18099,Customer 18099,Guntur,VIP
18100,Customer 18100,Visakhapatnam,New
18101,Customer 18101,Nellore,Returning
18102,Customer 18102,Kakinada,VIP
18103,Customer 18103,Anantapur,Returning
18104,Customer 18104,Anantapur,VIP
18105,Customer 18105,Visakhapatnam,VIP
18106,Customer 18106,Nellore,New
18107,Customer 18107,Tirupati,New
18108,Customer 18108,Kakinada,New
18109,Customer 18109,Anantapur,Returning
18110,Customer 18110,Guntur,Returning
18111,Customer 18111,Vijayawada,VIP
18112,Customer 18112,Ongole,New
18113,Customer 18113,Visakhapatnam,Returning
18114,Customer 18114,Guntur,New
18115,Customer 18115,Anantapur,Returning
18116,Customer 18116,Ongole,New
18117,Customer 18117,Kakinada,VIP
18118,Customer 18118,Visakhapatnam,New
18119,Customer 18119,Ongole,VIP
18120,Customer 18120,Guntur,New
18121,Customer 18121,Visakhapatnam,VIP
18122,Customer 18122,Visakhapatnam,Returning
18123,Customer 18123,Kurnool,Returning
18124,Customer 18124,Vijayawada,New
18125,Customer 18125,Tirupati,VIP
18126,Customer 18126,Kakinada,New
18127,Customer 18127,Anantapur,New
18128,Customer 18128,Kakinada,New
18129,Customer 18129,Kakinada,New
18130,Customer 18130,Rajahmundry,VIP
18131,Customer 18131,Rajahmundry,New
18132,Customer 18132,Guntur,VIP
18133,Customer 18133,Anantapur,New
18134,Customer 18134,Ongole,New
18135,Customer 18135,Vijayawada,Returning
18136,Customer 18136,Guntur,Returning
18137,Customer 18137,Nellore,Returning
18138,Customer 18138,Kakinada,VIP
18139,Customer 18139,Anantapur,New
18140,Customer 18140,Guntur,Returning
18141,Customer 18141,Rajahmundry,Returning
18142,Customer 18142,Nellore,New
18143,Customer 18143,Nellore,Returning
18144,Customer 18144,Kakinada,Returning
18145,Customer 18145,Kakinada,VIP
18146,Customer 18146,Anantapur,Returning
18147,Customer 18147,Ongole,VIP
18148,Customer 18148,Nellore,Returning
18149,Customer 18149,Kurnool,VIP
18150,Customer 18150,Guntur,Returning
18151,Customer 18151,Rajahmundry,VIP
18152,Customer 18152,Ongole,New
18153,Customer 18153,Anantapur,New
18154,Customer 18154,Visakhapatnam,New
18155,Customer 18155,Vijayawada,VIP
18156,Customer 18156,Vijayawada,Returning
18157,Customer 18157,Visakhapatnam,New
18158,Customer 18158,Visakhapatnam,New
18159,Customer 18159,Vijayawada,New
18160,Customer 18160,Nellore,VIP
18161,Customer 18161,Vijayawada,New
18162,Customer 18162,Rajahmundry,New
18163,Customer 18163,Nellore,Returning
18164,Customer 18164,Tirupati,New
18165,Customer 18165,Ongole,VIP
18166,Customer 18166,Tirupati,New
18167,Customer 18167,Rajahmundry,Returning
18168,Customer 18168,Visakhapatnam,VIP
18169,Customer 18169,Ongole,New
18170,Customer 18170,Rajahmundry,Returning
18171,Customer 18171,Kakinada,Returning
18172,Customer 18172,Ongole,New
18173,Customer 18173,Visakhapatnam,Returning
18174,Customer 18174,Ongole,Returning
18175,Customer 18175,Kakinada,Returning
18176,Customer 18176,Visakhapatnam,New
18177,Customer 18177,Visakhapatnam,New
18178,Customer 18178,Rajahmundry,Returning
18179,Customer 18179,Tirupati,Returning
18180,Customer 18180,Guntur,VIP
18181,Customer 18181,Guntur,VIP
18182,Customer 18182,Kurnool,New
18183,Customer 18183,Visakhapatnam,New
18184,Customer 18184,Rajahmundry,New
18185,Customer 18185,Ongole,New
18186,Customer 18186,Tirupati,Returning
18187,Customer 18187,Vijayawada,VIP
18188,Customer 18188,Ongole,Returning
18189,Customer 18189,Tirupati,VIP
18190,Customer 18190,Tirupati,VIP
18191,Customer 18191,Ongole,VIP
18192,Customer 18192,Visakhapatnam,New
18193,Customer 18193,Visakhapatnam,VIP
18194,Customer 18194,Tirupati,New
18195,Customer 18195,Nellore,Returning
18196,Customer 18196,Kurnool,VIP
18197,Customer 18197,Nellore,New
18198,Customer 18198,Guntur,New
18199,Customer 18199,Visakhapatnam,Returning
18200,Customer 18200,Anantapur,New
18201,Customer 18201,Anantapur,VIP
18202,Customer 18202,Anantapur,Returning
18203,Customer 18203,Anantapur,Returning
18204,Customer 18204,Kakinada,Returning
18205,Customer 18205,Vijayawada,VIP
18206,Customer 18206,Tirupati,Returning
18207,Customer 18207,Anantapur,VIP
18208,Customer 18208,Guntur,VIP
18209,Customer 18209,Kurnool,New
18210,Customer 18210,Nellore,New
18211,Customer 18211,Visakhapatnam,VIP
18212,Customer 18212,Vijayawada,New
18213,Customer 18213,Anantapur,New
18214,Customer 18214,Ongole,New
18215,Customer 18215,Nellore,Returning
18216,Customer 18216,Tirupati,Returning
18217,Customer 18217,Anantapur,VIP
18218,Customer 18218,Nellore,Returning
18219,Customer 18219,Visakhapatnam,New
18220,Customer 18220,Guntur,New
18221,Customer 18221,Nellore,New
18222,Customer 18222,Vijayawada,Returning
18223,Customer 18223,Ongole,New
18224,Customer 18224,Ongole,Returning
18225,Customer 18225,Visakhapatnam,New
18226,Customer 18226,Rajahmundry,Returning
18227,Customer 18227,Nellore,VIP
18228,Customer 18228,Visakhapatnam,New
18229,Customer 18229,Nellore,VIP
18230,Customer 18230,Nellore,New
18231,Customer 18231,Kurnool,Returning
18232,Customer 18232,Anantapur,VIP
18233,Customer 18233,Kakinada,Returning
18234,Customer 18234,Nellore,VIP
18235,Customer 18235,Guntur,Returning
18236,Customer 18236,Kurnool,Returning
18237,Customer 18237,Kurnool,VIP
18238,Customer 18238,Vijayawada,New
18239,Customer 18239,Tirupati,Returning
18240,Customer 18240,Vijayawada,VIP
18241,Customer 18241,Kakinada,VIP
18242,Customer 18242,Vijayawada,New
18243,Customer 18243,Visakhapatnam,VIP
18244,Customer 18244,Guntur,Returning
18245,Customer 18245,Visakhapatnam,New
18246,Customer 18246,Guntur,Returning
18247,Customer 18247,Rajahmundry,Returning
18248,Customer 18248,Ongole,VIP
18249,Customer 18249,Tirupati,Returning
18250,Customer 18250,Nellore,Returning
18251,Customer 18251,Kurnool,Returning
18252,Customer 18252,Vijayawada,New
18253,Customer 18253,Nellore,VIP
18254,Customer 18254,Rajahmundry,VIP
18255,Customer 18255,Kurnool,VIP
18256,Customer 18256,Nellore,Returning
18257,Customer 18257,Vijayawada,VIP
18258,Customer 18258,Anantapur,VIP
18259,Customer 18259,Rajahmundry,VIP
18260,Customer 18260,Kurnool,VIP
18261,Customer 18261,Ongole,VIP
18262,Customer 18262,Nellore,New
18263,Customer 18263,Ongole,Returning
18264,Customer 18264,Kakinada,Returning
18265,Customer 18265,Vijayawada,Returning
18266,Customer 18266,Kurnool,New
18267,Customer 18267,Kurnool,New
18268,Customer 18268,Visakhapatnam,Returning
18269,Customer 18269,Tirupati,VIP
18270,Customer 18270,Guntur,New
18271,Customer 18271,Kurnool,New
18272,Customer 18272,Guntur,Returning
18273,Customer 18273,Rajahmundry,New
18274,Customer 18274,Tirupati,New
18275,Customer 18275,Anantapur,Returning
18276,Customer 18276,Kakinada,Returning
18277,Customer 18277,Vijayawada,New
18278,Customer 18278,Anantapur,New
18279,Customer 18279,Nellore,New
18280,Customer 18280,Rajahmundry,Returning
18281,Customer 18281,Guntur,Returning
18282,Customer 18282,Anantapur,New
18283,Customer 18283,Tirupati,New
18284,Customer 18284,Guntur,VIP
18285,Customer 18285,Rajahmundry,Returning
18286,Customer 18286,Ongole,New
18287,Customer 18287,Tirupati,Returning
18288,Customer 18288,Nellore,New
18289,Customer 18289,Visakhapatnam,New
18290,Customer 18290,Nellore,VIP
18291,Customer 18291,Ongole,VIP
18292,Customer 18292,Anantapur,New
18293,Customer 18293,Ongole,New
18294,Customer 18294,Tirupati,New
18295,Customer 18295,Rajahmundry,Returning
18296,Customer 18296,Ongole,New
18297,Customer 18297,Anantapur,Returning
18298,Customer 18298,Kakinada,VIP
18299,Customer 18299,Anantapur,Returning
18300,Customer 18300,Kakinada,New
18301,Customer 18301,Visakhapatnam,VIP
18302,Customer 18302,Visakhapatnam,Returning
18303,Customer 18303,Rajahmundry,Returning
18304,Customer 18304,Ongole,VIP
18305,Customer 18305,Visakhapatnam,New
18306,Customer 18306,Guntur,VIP
18307,Customer 18307,Tirupati,Returning
18308,Customer 18308,Rajahmundry,VIP
18309,Customer 18309,Rajahmundry,Returning
18310,Customer 18310,Kakinada,VIP
18311,Customer 18311,Tirupati,New
18312,Customer 18312,Tirupati,Returning
18313,Customer 18313,Nellore,VIP
18314,Customer 18314,Kurnool,Returning
18315,Customer 18315,Ongole,New
18316,Customer 18316,Visakhapatnam,VIP
18317,Customer 18317,Kakinada,VIP
18318,Customer 18318,Anantapur,Returning
18319,Customer 18319,Visakhapatnam,New
18320,Customer 18320,Kakinada,VIP
18321,Customer 18321,Ongole,VIP
18322,Customer 18322,Kurnool,Returning
18323,Customer 18323,Anantapur,Returning
18324,Customer 18324,Visakhapatnam,New
18325,Customer 18325,Guntur,VIP
18326,Customer 18326,Vijayawada,VIP
18327,Customer 18327,Kakinada,Returning
18328,Customer 18328,Kakinada,VIP
18329,Customer 18329,Kurnool,Returning
18330,Customer 18330,Guntur,Returning
18331,Customer 18331,Guntur,VIP
18332,Customer 18332,Visakhapatnam,Returning
18333,Customer 18333,Visakhapatnam,VIP
18334,Customer 18334,Anantapur,Returning
18335,Customer 18335,Kakinada,VIP
18336,Customer 18336,Guntur,VIP
18337,Customer 18337,Vijayawada,VIP
18338,Customer 18338,Rajahmundry,VIP
18339,Customer 18339,Rajahmundry,Returning
18340,Customer 18340,Anantapur,VIP
18341,Customer 18341,Visakhapatnam,New
18342,Customer 18342,Ongole,New
18343,Customer 18343,Guntur,New
18344,Customer 18344,Tirupati,Returning
18345,Customer 18345,Nellore,Returning
18346,Customer 18346,Ongole,VIP
18347,Customer 18347,Ongole,New
18348,Customer 18348,Kurnool,VIP
18349,Customer 18349,Guntur,New
18350,Customer 18350,Tirupati,VIP
18351,Customer 18351,Kurnool,Returning
18352,Customer 18352,Ongole,New
18353,Customer 18353,Visakhapatnam,VIP
18354,Customer 18354,Rajahmundry,VIP
18355,Customer 18355,Kakinada,VIP
18356,Customer 18356,Anantapur,Returning
18357,Customer 18357,Kurnool,New
18358,Customer 18358,Rajahmundry,VIP
18359,Customer 18359,Ongole,New
18360,Customer 18360,Anantapur,VIP
18361,Customer 18361,Rajahmundry,Returning
18362,Customer 18362,Guntur,Returning
18363,Customer 18363,Kakinada,Returning
18364,Customer 18364,Kurnool,New
18365,Customer 18365,Nellore,VIP
18366,Customer 18366,Vijayawada,Returning
18367,Customer 18367,Kakinada,VIP
18368,Customer 18368,Kurnool,Returning
18369,Customer 18369,Rajahmundry,Returning
18370,Customer 18370,Kurnool,VIP
18371,Customer 18371,Kakinada,New
18372,Customer 18372,Guntur,Returning
18373,Customer 18373,Kurnool,Returning
18374,Customer 18374,Guntur,VIP
18375,Customer 18375,Guntur,Returning
18376,Customer 18376,Anantapur,Returning
18377,Customer 18377,Kurnool,Returning
18378,Customer 18378,Guntur,VIP
18379,Customer 18379,Guntur,Returning
18380,Customer 18380,Ongole,Returning
18381,Customer 18381,Kakinada,VIP
18382,Customer 18382,Rajahmundry,New
18383,Customer 18383,Nellore,New
18384,Customer 18384,Kakinada,VIP
18385,Customer 18385,Nellore,New
18386,Customer 18386,Rajahmundry,VIP
18387,Customer 18387,Ongole,Returning
18388,Customer 18388,Nellore,New
18389,Customer 18389,Tirupati,Returning
18390,Customer 18390,Visakhapatnam,New
18391,Customer 18391,Nellore,VIP
18392,Customer 18392,Tirupati,New
18393,Customer 18393,Kurnool,VIP
18394,Customer 18394,Nellore,VIP
18395,Customer 18395,Tirupati,Returning
18396,Customer 18396,Ongole,Returning
18397,Customer 18397,Ongole,Returning
18398,Customer 18398,Anantapur,New
18399,Customer 18399,Anantapur,VIP
18400,Customer 18400,Kakinada,VIP
18401,Customer 18401,Visakhapatnam,VIP
18402,Customer 18402,Nellore,Returning
18403,Customer 18403,Visakhapatnam,Returning
18404,Customer 18404,Nellore,New
18405,Customer 18405,Anantapur,New
18406,Customer 18406,Rajahmundry,Returning
18407,Customer 18407,Nellore,New
18408,Customer 18408,Anantapur,New
18409,Customer 18409,Rajahmundry,New
18410,Customer 18410,Visakhapatnam,Returning
18411,Customer 18411,Nellore,VIP
18412,Customer 18412,Rajahmundry,Returning
18413,Customer 18413,Ongole,Returning
18414,Customer 18414,Tirupati,VIP
18415,Customer 18415,Ongole,Returning
18416,Customer 18416,Nellore,New
18417,Customer 18417,Tirupati,Returning
18418,Customer 18418,Ongole,Returning
18419,Customer 18419,Visakhapatnam,New
18420,Customer 18420,Tirupati,VIP
18421,Customer 18421,Guntur,VIP
18422,Customer 18422,Visakhapatnam,VIP
18423,Customer 18423,Kurnool,Returning
18424,Customer 18424,Tirupati,VIP
18425,Customer 18425,Tirupati,Returning
18426,Customer 18426,Nellore,Returning
18427,Customer 18427,Visakhapatnam,Returning
18428,Customer 18428,Nellore,VIP
18429,Customer 18429,Guntur,New
18430,Customer 18430,Kurnool,VIP
18431,Customer 18431,Kurnool,New
18432,Customer 18432,Kurnool,New
18433,Customer 18433,Rajahmundry,New
18434,Customer 18434,Nellore,New
18435,Customer 18435,Rajahmundry,Returning
18436,Customer 18436,Vijayawada,New
18437,Customer 18437,Nellore,Returning
18438,Customer 18438,Ongole,Returning
18439,Customer 18439,Nellore,VIP
18440,Customer 18440,Rajahmundry,VIP
18441,Customer 18441,Guntur,New
18442,Customer 18442,Rajahmundry,VIP
18443,Customer 18443,Kakinada,VIP
18444,Customer 18444,Tirupati,VIP
18445,Customer 18445,Ongole,VIP
18446,Customer 18446,Rajahmundry,New
18447,Customer 18447,Guntur,Returning
18448,Customer 18448,Anantapur,Returning
18449,Customer 18449,Tirupati,VIP
18450,Customer 18450,Tirupati,VIP
18451,Customer 18451,Tirupati,Returning
18452,Customer 18452,Visakhapatnam,Returning
18453,Customer 18453,Nellore,Returning
18454,Customer 18454,Visakhapatnam,New
18455,Customer 18455,Kakinada,New
18456,Customer 18456,Tirupati,VIP
18457,Customer 18457,Kurnool,New
18458,Customer 18458,Rajahmundry,VIP
18459,Customer 18459,Kakinada,Returning
18460,Customer 18460,Visakhapatnam,New
18461,Customer 18461,Tirupati,VIP
18462,Customer 18462,Nellore,Returning
18463,Customer 18463,Ongole,New
18464,Customer 18464,Ongole,Returning
18465,Customer 18465,Ongole,Returning
18466,Customer 18466,Kurnool,VIP
18467,Customer 18467,Rajahmundry,Returning
18468,Customer 18468,Anantapur,Returning
18469,Customer 18469,Kakinada,New
18470,Customer 18470,Vijayawada,VIP
18471,Customer 18471,Nellore,VIP
18472,Customer 18472,Vijayawada,New
18473,Customer 18473,Guntur,VIP
18474,Customer 18474,Ongole,New
18475,Customer 18475,Anantapur,Returning
18476,Customer 18476,Ongole,Returning
18477,Customer 18477,Visakhapatnam,Returning
18478,Customer 18478,Ongole,Returning
18479,Customer 18479,Kakinada,VIP
18480,Customer 18480,Ongole,VIP
18481,Customer 18481,Ongole,New
18482,Customer 18482,Guntur,New
18483,Customer 18483,Kakinada,New
18484,Customer 18484,Nellore,New
18485,Customer 18485,Anantapur,Returning
18486,Customer 18486,Kurnool,Returning
18487,Customer 18487,Nellore,VIP
18488,Customer 18488,Kakinada,VIP
18489,Customer 18489,Ongole,VIP
18490,Customer 18490,Rajahmundry,New
18491,Customer 18491,Rajahmundry,Returning
18492,Customer 18492,Rajahmundry,VIP
18493,Customer 18493,Kurnool,VIP
18494,Customer 18494,Tirupati,VIP
18495,Customer 18495,Ongole,Returning
18496,Customer 18496,Visakhapatnam,VIP
18497,Customer 18497,Vijayawada,New
18498,Customer 18498,Anantapur,New
18499,Customer 18499,Visakhapatnam,VIP
18500,Customer 18500,Ongole,VIP
18501,Customer 18501,Anantapur,Returning
18502,Customer 18502,Nellore,New
18503,Customer 18503,Vijayawada,New
18504,Customer 18504,Kakinada,VIP
18505,Customer 18505,Kurnool,Returning
18506,Customer 18506,Rajahmundry,New
18507,Customer 18507,Visakhapatnam,Returning
18508,Customer 18508,Rajahmundry,New
18509,Customer 18509,Kurnool,Returning
18510,Customer 18510,Guntur,Returning
18511,Customer 18511,Visakhapatnam,VIP
18512,Customer 18512,Visakhapatnam,Returning
18513,Customer 18513,Ongole,Returning
18514,Customer 18514,Ongole,Returning
18515,Customer 18515,Nellore,Returning
18516,Customer 18516,Anantapur,VIP
18517,Customer 18517,Kakinada,VIP
18518,Customer 18518,Rajahmundry,VIP
18519,Customer 18519,Tirupati,VIP
18520,Customer 18520,Vijayawada,VIP
18521,Customer 18521,Guntur,VIP
18522,Customer 18522,Kurnool,New
18523,Customer 18523,Kurnool,VIP
18524,Customer 18524,Guntur,New
18525,Customer 18525,Visakhapatnam,VIP
18526,Customer 18526,Visakhapatnam,Returning
18527,Customer 18527,Guntur,Returning
18528,Customer 18528,Guntur,VIP
18529,Customer 18529,Visakhapatnam,New
18530,Customer 18530,Visakhapatnam,New
18531,Customer 18531,Ongole,Returning
18532,Customer 18532,Nellore,VIP
18533,Customer 18533,Kurnool,Returning
18534,Customer 18534,Rajahmundry,VIP
18535,Customer 18535,Nellore,New
18536,Customer 18536,Kurnool,New
18537,Customer 18537,Kakinada,VIP
18538,Customer 18538,Guntur,Returning
18539,Customer 18539,Nellore,VIP
18540,Customer 18540,Guntur,Returning
18541,Customer 18541,Visakhapatnam,Returning
18542,Customer 18542,Nellore,Returning
18543,Customer 18543,Guntur,New
18544,Customer 18544,Ongole,Returning
18545,Customer 18545,Ongole,New
18546,Customer 18546,Nellore,VIP
18547,Customer 18547,Anantapur,New
18548,Customer 18548,Vijayawada,New
18549,Customer 18549,Nellore,VIP
18550,Customer 18550,Rajahmundry,New
18551,Customer 18551,Tirupati,New
18552,Customer 18552,Rajahmundry,New
18553,Customer 18553,Vijayawada,New
18554,Customer 18554,Vijayawada,VIP
18555,Customer 18555,Nellore,New
18556,Customer 18556,Kurnool,VIP
18557,Customer 18557,Ongole,VIP
18558,Customer 18558,Tirupati,Returning
18559,Customer 18559,Ongole,VIP
18560,Customer 18560,Tirupati,VIP
18561,Customer 18561,Kurnool,Returning
18562,Customer 18562,Kakinada,New
18563,Customer 18563,Kakinada,VIP
18564,Customer 18564,Guntur,Returning
18565,Customer 18565,Guntur,Returning
18566,Customer 18566,Guntur,VIP
18567,Customer 18567,Kakinada,New
18568,Customer 18568,Visakhapatnam,Returning
18569,Customer 18569,Vijayawada,New
18570,Customer 18570,Kakinada,Returning
18571,Customer 18571,Guntur,Returning
18572,Customer 18572,Vijayawada,Returning
18573,Customer 18573,Anantapur,VIP
18574,Customer 18574,Visakhapatnam,New
18575,Customer 18575,Guntur,Returning
18576,Customer 18576,Guntur,New
18577,Customer 18577,Anantapur,New
18578,Customer 18578,Rajahmundry,Returning
18579,Customer 18579,Ongole,Returning
18580,Customer 18580,Rajahmundry,VIP
18581,Customer 18581,Guntur,VIP
18582,Customer 18582,Rajahmundry,VIP
18583,Customer 18583,Kurnool,VIP
18584,Customer 18584,Tirupati,Returning
18585,Customer 18585,Anantapur,New
18586,Customer 18586,Kakinada,Returning
18587,Customer 18587,Anantapur,New
18588,Customer 18588,Rajahmundry,Returning
18589,Customer 18589,Tirupati,Returning
18590,Customer 18590,Kurnool,New
18591,Customer 18591,Kakinada,New
18592,Customer 18592,Tirupati,New
18593,Customer 18593,Anantapur,New
18594,Customer 18594,Rajahmundry,VIP
18595,Customer 18595,Nellore,VIP
18596,Customer 18596,Nellore,New
18597,Customer 18597,Kakinada,New
18598,Customer 18598,Vijayawada,Returning
18599,Customer 18599,Vijayawada,New
18600,Customer 18600,Ongole,VIP
18601,Customer 18601,Nellore,Returning
18602,Customer 18602,Kakinada,Returning
18603,Customer 18603,Kurnool,VIP
18604,Customer 18604,Vijayawada,New
18605,Customer 18605,Kurnool,New
18606,Customer 18606,Anantapur,Returning
18607,Customer 18607,Nellore,New
18608,Customer 18608,Kurnool,New
18609,Customer 18609,Tirupati,VIP
18610,Customer 18610,Vijayawada,VIP
18611,Customer 18611,Kakinada,Returning
18612,Customer 18612,Nellore,New
18613,Customer 18613,Kurnool,New
18614,Customer 18614,Visakhapatnam,Returning
18615,Customer 18615,Kakinada,VIP
18616,Customer 18616,Vijayawada,Returning
18617,Customer 18617,Vijayawada,VIP
18618,Customer 18618,Visakhapatnam,Returning
18619,Customer 18619,Guntur,VIP
18620,Customer 18620,Guntur,New
18621,Customer 18621,Nellore,New
18622,Customer 18622,Guntur,Returning
18623,Customer 18623,Nellore,VIP
18624,Customer 18624,Rajahmundry,New
18625,Customer 18625,Kakinada,Returning
18626,Customer 18626,Tirupati,Returning
18627,Customer 18627,Kakinada,New
18628,Customer 18628,Kakinada,New
18629,Customer 18629,Kurnool,New
18630,Customer 18630,Tirupati,VIP
18631,Customer 18631,Kurnool,Returning
18632,Customer 18632,Nellore,VIP
18633,Customer 18633,Guntur,Returning
18634,Customer 18634,Rajahmundry,VIP
18635,Customer 18635,Anantapur,VIP
18636,Customer 18636,Rajahmundry,Returning
18637,Customer 18637,Guntur,Returning
18638,Customer 18638,Guntur,Returning
18639,Customer 18639,Kakinada,Returning
18640,Customer 18640,Anantapur,Returning
18641,Customer 18641,Rajahmundry,Returning
18642,Customer 18642,Anantapur,VIP
18643,Customer 18643,Guntur,New
18644,Customer 18644,Vijayawada,Returning
18645,Customer 18645,Tirupati,New
18646,Customer 18646,Kakinada,New
18647,Customer 18647,Nellore,New
18648,Customer 18648,Guntur,New
18649,Customer 18649,Kakinada,New
18650,Customer 18650,Kurnool,Returning
18651,Customer 18651,Kakinada,Returning
18652,Customer 18652,Anantapur,VIP
18653,Customer 18653,Visakhapatnam,VIP
18654,Customer 18654,Tirupati,New
18655,Customer 18655,Kakinada,New
18656,Customer 18656,Anantapur,New
18657,Customer 18657,Kakinada,VIP
18658,Customer 18658,Tirupati,VIP
18659,Customer 18659,Anantapur,VIP
18660,Customer 18660,Rajahmundry,New
18661,Customer 18661,Nellore,New
18662,Customer 18662,Kurnool,New
18663,Customer 18663,Kakinada,New
18664,Customer 18664,Vijayawada,New
18665,Customer 18665,Kakinada,Returning
18666,Customer 18666,Kurnool,VIP
18667,Customer 18667,Visakhapatnam,New
18668,Customer 18668,Anantapur,Returning
18669,Customer 18669,Rajahmundry,New
18670,Customer 18670,Kakinada,VIP
18671,Customer 18671,Anantapur,VIP
18672,Customer 18672,Kakinada,VIP
18673,Customer 18673,Visakhapatnam,New
18674,Customer 18674,Vijayawada,New
18675,Customer 18675,Kakinada,New
18676,Customer 18676,Rajahmundry,VIP
18677,Customer 18677,Ongole,VIP
18678,Customer 18678,Anantapur,New
18679,Customer 18679,Kakinada,New
18680,Customer 18680,Tirupati,VIP
18681,Customer 18681,Rajahmundry,New
18682,Customer 18682,Visakhapatnam,New
18683,Customer 18683,Guntur,VIP
18684,Customer 18684,Ongole,Returning
18685,Customer 18685,Kurnool,VIP
18686,Customer 18686,Nellore,New
18687,Customer 18687,Anantapur,New
18688,Customer 18688,Visakhapatnam,Returning
18689,Customer 18689,Visakhapatnam,Returning
18690,Customer 18690,Anantapur,New
18691,Customer 18691,Vijayawada,VIP
18692,Customer 18692,Anantapur,VIP
18693,Customer 18693,Rajahmundry,VIP
18694,Customer 18694,Kakinada,VIP
18695,Customer 18695,Anantapur,VIP
18696,Customer 18696,Kakinada,New
18697,Customer 18697,Vijayawada,New
18698,Customer 18698,Nellore,New
18699,Customer 18699,Visakhapatnam,VIP
18700,Customer 18700,Anantapur,VIP
18701,Customer 18701,Anantapur,Returning
18702,Customer 18702,Anantapur,New
18703,Customer 18703,Vijayawada,New
18704,Customer 18704,Nellore,VIP
18705,Customer 18705,Tirupati,VIP
18706,Customer 18706,Anantapur,Returning
18707,Customer 18707,Tirupati,Returning
18708,Customer 18708,Rajahmundry,Returning
18709,Customer 18709,Tirupati,New
18710,Customer 18710,Guntur,Returning
18711,Customer 18711,Guntur,VIP
18712,Customer 18712,Anantapur,New
18713,Customer 18713,Guntur,VIP
18714,Customer 18714,Kakinada,New
18715,Customer 18715,Visakhapatnam,New
18716,Customer 18716,Kakinada,New
18717,Customer 18717,Kurnool,New
18718,Customer 18718,Ongole,New
18719,Customer 18719,Tirupati,New
18720,Customer 18720,Vijayawada,New
18721,Customer 18721,Nellore,Returning
18722,Customer 18722,Guntur,Returning
18723,Customer 18723,Ongole,New
18724,Customer 18724,Anantapur,VIP
18725,Customer 18725,Kurnool,VIP
18726,Customer 18726,Kurnool,New
18727,Customer 18727,Visakhapatnam,New
18728,Customer 18728,Nellore,VIP
18729,Customer 18729,Ongole,New
18730,Customer 18730,Guntur,VIP
18731,Customer 18731,Ongole,New
18732,Customer 18732,Vijayawada,New
18733,Customer 18733,Nellore,New
18734,Customer 18734,Vijayawada,VIP
18735,Customer 18735,Tirupati,New
18736,Customer 18736,Kakinada,VIP
18737,Customer 18737,Nellore,VIP
18738,Customer 18738,Tirupati,Returning
18739,Customer 18739,Ongole,New
18740,Customer 18740,Nellore,New
18741,Customer 18741,Anantapur,VIP
18742,Customer 18742,Anantapur,VIP
18743,Customer 18743,Kakinada,Returning
18744,Customer 18744,Visakhapatnam,Returning
18745,Customer 18745,Ongole,Returning
18746,Customer 18746,Nellore,Returning
18747,Customer 18747,Tirupati,VIP
18748,Customer 18748,Visakhapatnam,New
18749,Customer 18749,Nellore,New
18750,Customer 18750,Anantapur,New
18751,Customer 18751,Anantapur,New
18752,Customer 18752,Visakhapatnam,Returning
18753,Customer 18753,Tirupati,VIP
18754,Customer 18754,Kurnool,VIP
18755,Customer 18755,Guntur,VIP
18756,Customer 18756,Tirupati,Returning
18757,Customer 18757,Kurnool,New
18758,Customer 18758,Tirupati,Returning
18759,Customer 18759,Visakhapatnam,New
18760,Customer 18760,Ongole,New
18761,Customer 18761,Kurnool,New
18762,Customer 18762,Kakinada,Returning
18763,Customer 18763,Anantapur,Returning
18764,Customer 18764,Tirupati,Returning
18765,Customer 18765,Kurnool,New
18766,Customer 18766,Ongole,VIP
18767,Customer 18767,Guntur,VIP
18768,Customer 18768,Visakhapatnam,New
18769,Customer 18769,Nellore,VIP
18770,Customer 18770,Rajahmundry,New
18771,Customer 18771,Ongole,New
18772,Customer 18772,Kakinada,Returning
18773,Customer 18773,Visakhapatnam,VIP
18774,Customer 18774,Guntur,New
18775,Customer 18775,Ongole,New
18776,Customer 18776,Nellore,VIP
18777,Customer 18777,Anantapur,Returning
18778,Customer 18778,Tirupati,Returning
18779,Customer 18779,Kurnool,Returning
18780,Customer 18780,Tirupati,Returning
18781,Customer 18781,Tirupati,Returning
18782,Customer 18782,Vijayawada,Returning
18783,Customer 18783,Tirupati,VIP
18784,Customer 18784,Ongole,Returning
18785,Customer 18785,Kurnool,New
18786,Customer 18786,Vijayawada,Returning
18787,Customer 18787,Kurnool,New
18788,Customer 18788,Rajahmundry,Returning
18789,Customer 18789,Kakinada,Returning
18790,Customer 18790,Anantapur,New
18791,Customer 18791,Kakinada,Returning
18792,Customer 18792,Anantapur,VIP
18793,Customer 18793,Guntur,New
18794,Customer 18794,Vijayawada,New
18795,Customer 18795,Kurnool,New
18796,Customer 18796,Kurnool,Returning
18797,Customer 18797,Anantapur,Returning
18798,Customer 18798,Ongole,New
18799,Customer 18799,Visakhapatnam,New
18800,Customer 18800,Kurnool,Returning
18801,Customer 18801,Visakhapatnam,VIP
18802,Customer 18802,Ongole,New
18803,Customer 18803,Nellore,New
18804,Customer 18804,Kurnool,VIP
18805,Customer 18805,Kurnool,New
18806,Customer 18806,Kurnool,VIP
18807,Customer 18807,Kurnool,Returning
18808,Customer 18808,Visakhapatnam,VIP
18809,Customer 18809,Kakinada,New
18810,Customer 18810,Anantapur,New
18811,Customer 18811,Kakinada,New
18812,Customer 18812,Kurnool,VIP
18813,Customer 18813,Guntur,Returning
18814,Customer 18814,Kurnool,New
18815,Customer 18815,Ongole,VIP
18816,Customer 18816,Rajahmundry,Returning
18817,Customer 18817,Nellore,Returning
18818,Customer 18818,Kurnool,VIP
18819,Customer 18819,Kakinada,VIP
18820,Customer 18820,Ongole,Returning
18821,Customer 18821,Ongole,Returning
18822,Customer 18822,Guntur,New
18823,Customer 18823,Kurnool,Returning
18824,Customer 18824,Kurnool,Returning
18825,Customer 18825,Guntur,Returning
18826,Customer 18826,Tirupati,New
18827,Customer 18827,Kurnool,Returning
18828,Customer 18828,Nellore,New
18829,Customer 18829,Visakhapatnam,VIP
18830,Customer 18830,Nellore,New
18831,Customer 18831,Nellore,VIP
18832,Customer 18832,Anantapur,Returning
18833,Customer 18833,Kurnool,New
18834,Customer 18834,Visakhapatnam,Returning
18835,Customer 18835,Rajahmundry,VIP
18836,Customer 18836,Rajahmundry,Returning
18837,Customer 18837,Kurnool,VIP
18838,Customer 18838,Kurnool,New
18839,Customer 18839,Kakinada,VIP
18840,Customer 18840,Guntur,VIP
18841,Customer 18841,Guntur,Returning
18842,Customer 18842,Tirupati,New
18843,Customer 18843,Nellore,VIP
18844,Customer 18844,Visakhapatnam,VIP
18845,Customer 18845,Visakhapatnam,Returning
18846,Customer 18846,Nellore,Returning
18847,Customer 18847,Kurnool,New
18848,Customer 18848,Visakhapatnam,Returning
18849,Customer 18849,Guntur,VIP
18850,Customer 18850,Tirupati,Returning
18851,Customer 18851,Tirupati,VIP
18852,Customer 18852,Nellore,Returning
18853,Customer 18853,Vijayawada,New
18854,Customer 18854,Tirupati,New
18855,Customer 18855,Guntur,VIP
18856,Customer 18856,Nellore,New
18857,Customer 18857,Rajahmundry,VIP
18858,Customer 18858,Guntur,VIP
18859,Customer 18859,Anantapur,New
18860,Customer 18860,Visakhapatnam,Returning
18861,Customer 18861,Guntur,New
18862,Customer 18862,Rajahmundry,Returning
18863,Customer 18863,Guntur,VIP
18864,Customer 18864,Guntur,VIP
18865,Customer 18865,Anantapur,New
18866,Customer 18866,Anantapur,New
18867,Customer 18867,Kakinada,VIP
18868,Customer 18868,Guntur,Returning
18869,Customer 18869,Kurnool,New
18870,Customer 18870,Anantapur,Returning
18871,Customer 18871,Anantapur,Returning
18872,Customer 18872,Guntur,New
18873,Customer 18873,Anantapur,Returning
18874,Customer 18874,Kakinada,VIP
18875,Customer 18875,Nellore,New
18876,Customer 18876,Vijayawada,VIP
18877,Customer 18877,Guntur,New
18878,Customer 18878,Kurnool,Returning
18879,Customer 18879,Ongole,New
18880,Customer 18880,Kurnool,VIP
18881,Customer 18881,Tirupati,Returning
18882,Customer 18882,Rajahmundry,VIP
18883,Customer 18883,Vijayawada,VIP
18884,Customer 18884,Visakhapatnam,VIP
18885,Customer 18885,Tirupati,VIP
18886,Customer 18886,Kurnool,VIP
18887,Customer 18887,Ongole,Returning
18888,Customer 18888,Guntur,Returning
18889,Customer 18889,Nellore,New
18890,Customer 18890,Guntur,Returning
18891,Customer 18891,Visakhapatnam,New
18892,Customer 18892,Visakhapatnam,Returning
18893,Customer 18893,Tirupati,Returning
18894,Customer 18894,Tirupati,New
18895,Customer 18895,Anantapur,Returning
18896,Customer 18896,Kakinada,Returning
18897,Customer 18897,Visakhapatnam,New
18898,Customer 18898,Kurnool,Returning
18899,Customer 18899,Tirupati,New
18900,Customer 18900,Vijayawada,Returning
18901,Customer 18901,Guntur,VIP
18902,Customer 18902,Vijayawada,VIP
18903,Customer 18903,Nellore,New
18904,Customer 18904,Kurnool,New
18905,Customer 18905,Rajahmundry,VIP
18906,Customer 18906,Ongole,Returning
18907,Customer 18907,Tirupati,VIP
18908,Customer 18908,Tirupati,Returning
18909,Customer 18909,Nellore,Returning
18910,Customer 18910,Anantapur,Returning
18911,Customer 18911,Kurnool,New
18912,Customer 18912,Kurnool,VIP
18913,Customer 18913,Nellore,VIP
18914,Customer 18914,Nellore,Returning
18915,Customer 18915,Anantapur,New
18916,Customer 18916,Rajahmundry,New
18917,Customer 18917,Nellore,Returning
18918,Customer 18918,Ongole,Returning
18919,Customer 18919,Nellore,VIP
18920,Customer 18920,Vijayawada,VIP
18921,Customer 18921,Ongole,Returning
18922,Customer 18922,Anantapur,VIP
18923,Customer 18923,Nellore,New
18924,Customer 18924,Ongole,New
18925,Customer 18925,Ongole,New
18926,Customer 18926,Ongole,VIP
18927,Customer 18927,Guntur,Returning
18928,Customer 18928,Kurnool,Returning
18929,Customer 18929,Rajahmundry,Returning
18930,Customer 18930,Nellore,Returning
18931,Customer 18931,Tirupati,Returning
18932,Customer 18932,Tirupati,VIP
18933,Customer 18933,Kurnool,VIP
18934,Customer 18934,Vijayawada,Returning
18935,Customer 18935,Vijayawada,New
18936,Customer 18936,Nellore,Returning
18937,Customer 18937,Kurnool,New
18938,Customer 18938,Rajahmundry,Returning
18939,Customer 18939,Anantapur,VIP
18940,Customer 18940,Rajahmundry,VIP
18941,Customer 18941,Ongole,VIP
18942,Customer 18942,Vijayawada,Returning
18943,Customer 18943,Nellore,VIP
18944,Customer 18944,Kurnool,Returning
18945,Customer 18945,Kakinada,Returning
18946,Customer 18946,Kurnool,VIP
18947,Customer 18947,Nellore,VIP
18948,Customer 18948,Guntur,Returning
18949,Customer 18949,Vijayawada,Returning
18950,Customer 18950,Visakhapatnam,New
18951,Customer 18951,Guntur,Returning
18952,Customer 18952,Nellore,New
18953,Customer 18953,Kurnool,VIP
18954,Customer 18954,Kurnool,New
18955,Customer 18955,Nellore,Returning
18956,Customer 18956,Nellore,VIP
18957,Customer 18957,Anantapur,VIP
18958,Customer 18958,Vijayawada,VIP
18959,Customer 18959,Guntur,VIP
18960,Customer 18960,Anantapur,VIP
18961,Customer 18961,Visakhapatnam,VIP
18962,Customer 18962,Nellore,VIP
18963,Customer 18963,Ongole,New
18964,Customer 18964,Ongole,New
18965,Customer 18965,Kakinada,Returning
18966,Customer 18966,Tirupati,VIP
18967,Customer 18967,Anantapur,Returning
18968,Customer 18968,Ongole,Returning
18969,Customer 18969,Tirupati,New
18970,Customer 18970,Kurnool,VIP
18971,Customer 18971,Guntur,New
18972,Customer 18972,Visakhapatnam,Returning
18973,Customer 18973,Kurnool,New
18974,Customer 18974,Nellore,Returning
18975,Customer 18975,Vijayawada,New
18976,Customer 18976,Nellore,New
18977,Customer 18977,Anantapur,New
18978,Customer 18978,Kurnool,New
18979,Customer 18979,Anantapur,New
18980,Customer 18980,Rajahmundry,VIP
18981,Customer 18981,Tirupati,VIP
18982,Customer 18982,Ongole,VIP
18983,Customer 18983,Anantapur,VIP
18984,Customer 18984,Rajahmundry,Returning
18985,Customer 18985,Guntur,VIP
18986,Customer 18986,Rajahmundry,New
18987,Customer 18987,Rajahmundry,New
18988,Customer 18988,Tirupati,VIP
18989,Customer 18989,Ongole,New
18990,Customer 18990,Kurnool,Returning
18991,Customer 18991,Kakinada,VIP
18992,Customer 18992,Rajahmundry,New
18993,Customer 18993,Kakinada,VIP
18994,Customer 18994,Anantapur,Returning
18995,Customer 18995,Guntur,Returning
18996,Customer 18996,Vijayawada,New
18997,Customer 18997,Anantapur,VIP
18998,Customer 18998,Tirupati,New
18999,Customer 18999,Guntur,VIP
19000,Customer 19000,Visakhapatnam,New
19001,Customer 19001,Guntur,New
19002,Customer 19002,Rajahmundry,New
19003,Customer 19003,Tirupati,New
19004,Customer 19004,Tirupati,New
19005,Customer 19005,Anantapur,Returning
19006,Customer 19006,Visakhapatnam,New
19007,Customer 19007,Guntur,VIP
19008,Customer 19008,Kurnool,Returning
19009,Customer 19009,Anantapur,Returning
19010,Customer 19010,Guntur,New
19011,Customer 19011,Kakinada,VIP
19012,Customer 19012,Kakinada,Returning
19013,Customer 19013,Guntur,Returning
19014,Customer 19014,Vijayawada,New
19015,Customer 19015,Ongole,VIP
19016,Customer 19016,Rajahmundry,New
19017,Customer 19017,Tirupati,VIP
19018,Customer 19018,Visakhapatnam,Returning
19019,Customer 19019,Nellore,VIP
19020,Customer 19020,Guntur,New
19021,Customer 19021,Guntur,Returning
19022,Customer 19022,Guntur,Returning
19023,Customer 19023,Rajahmundry,Returning
19024,Customer 19024,Visakhapatnam,New
19025,Customer 19025,Guntur,New
19026,Customer 19026,Rajahmundry,Returning
19027,Customer 19027,Tirupati,Returning
19028,Customer 19028,Vijayawada,New
19029,Customer 19029,Anantapur,New
19030,Customer 19030,Visakhapatnam,VIP
19031,Customer 19031,Nellore,Returning
19032,Customer 19032,Nellore,New
19033,Customer 19033,Nellore,New
19034,Customer 19034,Rajahmundry,New
19035,Customer 19035,Guntur,New
19036,Customer 19036,Guntur,VIP
19037,Customer 19037,Anantapur,VIP
19038,Customer 19038,Ongole,Returning
19039,Customer 19039,Nellore,Returning
19040,Customer 19040,Visakhapatnam,Returning
19041,Customer 19041,Kurnool,New
19042,Customer 19042,Ongole,New
19043,Customer 19043,Anantapur,Returning
19044,Customer 19044,Vijayawada,VIP
19045,Customer 19045,Rajahmundry,VIP
19046,Customer 19046,Vijayawada,VIP
19047,Customer 19047,Kakinada,New
19048,Customer 19048,Guntur,New
19049,Customer 19049,Kurnool,VIP
19050,Customer 19050,Kurnool,VIP
19051,Customer 19051,Rajahmundry,VIP
19052,Customer 19052,Kurnool,New
19053,Customer 19053,Ongole,VIP
19054,Customer 19054,Kurnool,VIP
19055,Customer 19055,Vijayawada,Returning
19056,Customer 19056,Nellore,VIP
19057,Customer 19057,Rajahmundry,New
19058,Customer 19058,Kurnool,New
19059,Customer 19059,Vijayawada,New
19060,Customer 19060,Kurnool,Returning
19061,Customer 19061,Nellore,VIP
19062,Customer 19062,Guntur,VIP
19063,Customer 19063,Kakinada,VIP
19064,Customer 19064,Kurnool,Returning
19065,Customer 19065,Kakinada,Returning
19066,Customer 19066,Ongole,VIP
19067,Customer 19067,Ongole,New
19068,Customer 19068,Kakinada,New
19069,Customer 19069,Ongole,VIP
19070,Customer 19070,Anantapur,New
19071,Customer 19071,Rajahmundry,New
19072,Customer 19072,Rajahmundry,VIP
19073,Customer 19073,Anantapur,New
19074,Customer 19074,Vijayawada,VIP
19075,Customer 19075,Anantapur,VIP
19076,Customer 19076,Kurnool,Returning
19077,Customer 19077,Ongole,VIP
19078,Customer 19078,Vijayawada,VIP
19079,Customer 19079,Kurnool,Returning
19080,Customer 19080,Visakhapatnam,New
19081,Customer 19081,Nellore,New
19082,Customer 19082,Kurnool,Returning
19083,Customer 19083,Guntur,New
19084,Customer 19084,Visakhapatnam,VIP
19085,Customer 19085,Ongole,New
19086,Customer 19086,Visakhapatnam,Returning
19087,Customer 19087,Anantapur,New
19088,Customer 19088,Rajahmundry,Returning
19089,Customer 19089,Kurnool,VIP
19090,Customer 19090,Kakinada,New
19091,Customer 19091,Anantapur,Returning
19092,Customer 19092,Kurnool,VIP
19093,Customer 19093,Rajahmundry,New
19094,Customer 19094,Anantapur,VIP
19095,Customer 19095,Tirupati,VIP
19096,Customer 19096,Anantapur,New
19097,Customer 19097,Rajahmundry,VIP
19098,Customer 19098,Guntur,VIP
19099,Customer 19099,Tirupati,Returning
19100,Customer 19100,Ongole,Returning
19101,Customer 19101,Rajahmundry,Returning
19102,Customer 19102,Ongole,Returning
19103,Customer 19103,Guntur,New
19104,Customer 19104,Ongole,VIP
19105,Customer 19105,Nellore,VIP
19106,Customer 19106,Kakinada,New
19107,Customer 19107,Guntur,VIP
19108,Customer 19108,Rajahmundry,New
19109,Customer 19109,Rajahmundry,Returning
19110,Customer 19110,Kurnool,Returning
19111,Customer 19111,Kurnool,Returning
19112,Customer 19112,Nellore,New
19113,Customer 19113,Ongole,VIP
19114,Customer 19114,Visakhapatnam,Returning
19115,Customer 19115,Vijayawada,New
19116,Customer 19116,Tirupati,Returning
19117,Customer 19117,Vijayawada,Returning
19118,Customer 19118,Anantapur,New
19119,Customer 19119,Anantapur,VIP
19120,Customer 19120,Nellore,New
19121,Customer 19121,Vijayawada,New
19122,Customer 19122,Nellore,VIP
19123,Customer 19123,Rajahmundry,Returning
19124,Customer 19124,Vijayawada,Returning
19125,Customer 19125,Kakinada,New
19126,Customer 19126,Ongole,New
19127,Customer 19127,Kurnool,VIP
19128,Customer 19128,Tirupati,VIP
19129,Customer 19129,Vijayawada,New
19130,Customer 19130,Kurnool,Returning
19131,Customer 19131,Vijayawada,Returning
19132,Customer 19132,Guntur,VIP
19133,Customer 19133,Guntur,VIP
19134,Customer 19134,Tirupati,Returning
19135,Customer 19135,Guntur,VIP
19136,Customer 19136,Anantapur,Returning
19137,Customer 19137,Nellore,Returning
19138,Customer 19138,Anantapur,VIP
19139,Customer 19139,Visakhapatnam,Returning
19140,Customer 19140,Guntur,New
19141,Customer 19141,Ongole,New
19142,Customer 19142,Kurnool,Returning
19143,Customer 19143,Kakinada,VIP
19144,Customer 19144,Vijayawada,New
19145,Customer 19145,Visakhapatnam,VIP
19146,Customer 19146,Nellore,VIP
19147,Customer 19147,Vijayawada,Returning
19148,Customer 19148,Anantapur,VIP
19149,Customer 19149,Tirupati,Returning
19150,Customer 19150,Kurnool,Returning
19151,Customer 19151,Rajahmundry,Returning
19152,Customer 19152,Nellore,New
19153,Customer 19153,Nellore,Returning
19154,Customer 19154,Anantapur,VIP
19155,Customer 19155,Nellore,Returning
19156,Customer 19156,Tirupati,New
19157,Customer 19157,Visakhapatnam,Returning
19158,Customer 19158,Visakhapatnam,Returning
19159,Customer 19159,Visakhapatnam,VIP
19160,Customer 19160,Ongole,New
19161,Customer 19161,Kakinada,VIP
19162,Customer 19162,Anantapur,VIP
19163,Customer 19163,Kakinada,Returning
19164,Customer 19164,Kurnool,New
19165,Customer 19165,Vijayawada,Returning
19166,Customer 19166,Kakinada,VIP
19167,Customer 19167,Tirupati,Returning
19168,Customer 19168,Vijayawada,VIP
19169,Customer 19169,Vijayawada,New
19170,Customer 19170,Nellore,New
19171,Customer 19171,Anantapur,VIP
19172,Customer 19172,Kakinada,New
19173,Customer 19173,Ongole,Returning
19174,Customer 19174,Kurnool,VIP
19175,Customer 19175,Rajahmundry,Returning
19176,Customer 19176,Nellore,Returning
19177,Customer 19177,Vijayawada,New
19178,Customer 19178,Ongole,VIP
19179,Customer 19179,Guntur,Returning
19180,Customer 19180,Anantapur,New
19181,Customer 19181,Rajahmundry,VIP
19182,Customer 19182,Kakinada,New
19183,Customer 19183,Ongole,New
19184,Customer 19184,Kakinada,New
19185,Customer 19185,Vijayawada,New
19186,Customer 19186,Visakhapatnam,VIP
19187,Customer 19187,Ongole,New
19188,Customer 19188,Visakhapatnam,Returning
19189,Customer 19189,Nellore,New
19190,Customer 19190,Nellore,VIP
19191,Customer 19191,Ongole,Returning
19192,Customer 19192,Kurnool,VIP
19193,Customer 19193,Nellore,Returning
19194,Customer 19194,Vijayawada,Returning
19195,Customer 19195,Rajahmundry,New
19196,Customer 19196,Nellore,New
19197,Customer 19197,Kakinada,New
19198,Customer 19198,Guntur,Returning
19199,Customer 19199,Rajahmundry,New
19200,Customer 19200,Rajahmundry,Returning
19201,Customer 19201,Rajahmundry,Returning
19202,Customer 19202,Nellore,New
19203,Customer 19203,Kakinada,Returning
19204,Customer 19204,Ongole,New
19205,Customer 19205,Vijayawada,VIP
19206,Customer 19206,Kurnool,New
19207,Customer 19207,Rajahmundry,VIP
19208,Customer 19208,Ongole,Returning
19209,Customer 19209,Visakhapatnam,Returning
19210,Customer 19210,Guntur,VIP
19211,Customer 19211,Tirupati,Returning
19212,Customer 19212,Rajahmundry,Returning
19213,Customer 19213,Nellore,VIP
19214,Customer 19214,Rajahmundry,Returning
19215,Customer 19215,Rajahmundry,Returning
19216,Customer 19216,Kurnool,New
19217,Customer 19217,Tirupati,New
19218,Customer 19218,Kurnool,Returning
19219,Customer 19219,Ongole,Returning
19220,Customer 19220,Kakinada,New
19221,Customer 19221,Anantapur,Returning
19222,Customer 19222,Kakinada,New
19223,Customer 19223,Anantapur,VIP
19224,Customer 19224,Kakinada,New
19225,Customer 19225,Kurnool,New
19226,Customer 19226,Visakhapatnam,VIP
19227,Customer 19227,Rajahmundry,VIP
19228,Customer 19228,Tirupati,New
19229,Customer 19229,Anantapur,Returning
19230,Customer 19230,Nellore,VIP
19231,Customer 19231,Kakinada,New
19232,Customer 19232,Visakhapatnam,VIP
19233,Customer 19233,Guntur,New
19234,Customer 19234,Ongole,Returning
19235,Customer 19235,Kakinada,New
19236,Customer 19236,Guntur,Returning
19237,Customer 19237,Ongole,New
19238,Customer 19238,Tirupati,VIP
19239,Customer 19239,Tirupati,Returning
19240,Customer 19240,Tirupati,Returning
19241,Customer 19241,Tirupati,Returning
19242,Customer 19242,Vijayawada,New
19243,Customer 19243,Nellore,VIP
19244,Customer 19244,Vijayawada,Returning
19245,Customer 19245,Guntur,Returning
19246,Customer 19246,Kakinada,New
19247,Customer 19247,Ongole,New
19248,Customer 19248,Nellore,Returning
19249,Customer 19249,Ongole,VIP
19250,Customer 19250,Anantapur,VIP
19251,Customer 19251,Visakhapatnam,VIP
19252,Customer 19252,Tirupati,VIP
19253,Customer 19253,Tirupati,Returning
19254,Customer 19254,Rajahmundry,VIP
19255,Customer 19255,Vijayawada,New
19256,Customer 19256,Rajahmundry,New
19257,Customer 19257,Nellore,Returning
19258,Customer 19258,Anantapur,VIP
19259,Customer 19259,Kurnool,Returning
19260,Customer 19260,Tirupati,VIP
19261,Customer 19261,Visakhapatnam,New
19262,Customer 19262,Visakhapatnam,Returning
19263,Customer 19263,Nellore,New
19264,Customer 19264,Ongole,New
19265,Customer 19265,Tirupati,VIP
19266,Customer 19266,Kurnool,New
19267,Customer 19267,Rajahmundry,VIP
19268,Customer 19268,Ongole,Returning
19269,Customer 19269,Visakhapatnam,Returning
19270,Customer 19270,Nellore,Returning
19271,Customer 19271,Guntur,Returning
19272,Customer 19272,Tirupati,Returning
19273,Customer 19273,Visakhapatnam,New
19274,Customer 19274,Vijayawada,Returning
19275,Customer 19275,Tirupati,New
19276,Customer 19276,Tirupati,New
19277,Customer 19277,Ongole,Returning
19278,Customer 19278,Anantapur,New
19279,Customer 19279,Rajahmundry,Returning
19280,Customer 19280,Anantapur,New
19281,Customer 19281,Anantapur,Returning
19282,Customer 19282,Nellore,New
19283,Customer 19283,Anantapur,Returning
19284,Customer 19284,Vijayawada,New
19285,Customer 19285,Tirupati,Returning
19286,Customer 19286,Tirupati,VIP
19287,Customer 19287,Nellore,VIP
19288,Customer 19288,Guntur,Returning
19289,Customer 19289,Kurnool,VIP
19290,Customer 19290,Guntur,New
19291,Customer 19291,Kurnool,New
19292,Customer 19292,Guntur,New
19293,Customer 19293,Tirupati,Returning
19294,Customer 19294,Anantapur,VIP
19295,Customer 19295,Rajahmundry,New
19296,Customer 19296,Ongole,Returning
19297,Customer 19297,Tirupati,New
19298,Customer 19298,Kurnool,New
19299,Customer 19299,Ongole,New
19300,Customer 19300,Nellore,Returning
19301,Customer 19301,Kurnool,VIP
19302,Customer 19302,Vijayawada,New
19303,Customer 19303,Nellore,Returning
19304,Customer 19304,Tirupati,New
19305,Customer 19305,Nellore,VIP
19306,Customer 19306,Kurnool,New
19307,Customer 19307,Guntur,VIP
19308,Customer 19308,Anantapur,Returning
19309,Customer 19309,Tirupati,Returning
19310,Customer 19310,Guntur,Returning
19311,Customer 19311,Rajahmundry,Returning
19312,Customer 19312,Ongole,New
19313,Customer 19313,Tirupati,Returning
19314,Customer 19314,Visakhapatnam,New
19315,Customer 19315,Vijayawada,New
19316,Customer 19316,Anantapur,Returning
19317,Customer 19317,Vijayawada,Returning
19318,Customer 19318,Guntur,VIP
19319,Customer 19319,Ongole,VIP
19320,Customer 19320,Ongole,VIP
19321,Customer 19321,Tirupati,Returning
19322,Customer 19322,Tirupati,Returning
19323,Customer 19323,Vijayawada,New
19324,Customer 19324,Kurnool,New
19325,Customer 19325,Kurnool,New
19326,Customer 19326,Ongole,New
19327,Customer 19327,Anantapur,VIP
19328,Customer 19328,Anantapur,New
19329,Customer 19329,Nellore,VIP
19330,Customer 19330,Kakinada,New
19331,Customer 19331,Nellore,Returning
19332,Customer 19332,Anantapur,VIP
19333,Customer 19333,Nellore,Returning
19334,Customer 19334,Kurnool,Returning
19335,Customer 19335,Ongole,VIP
19336,Customer 19336,Visakhapatnam,VIP
19337,Customer 19337,Nellore,Returning
19338,Customer 19338,Visakhapatnam,VIP
19339,Customer 19339,Visakhapatnam,Returning
19340,Customer 19340,Ongole,VIP
19341,Customer 19341,Kurnool,VIP
19342,Customer 19342,Nellore,VIP
19343,Customer 19343,Ongole,VIP
19344,Customer 19344,Kakinada,New
19345,Customer 19345,Visakhapatnam,Returning
19346,Customer 19346,Anantapur,VIP
19347,Customer 19347,Kurnool,Returning
19348,Customer 19348,Guntur,VIP
19349,Customer 19349,Kakinada,Returning
19350,Customer 19350,Guntur,VIP
19351,Customer 19351,Ongole,Returning
19352,Customer 19352,Guntur,Returning
19353,Customer 19353,Ongole,Returning
19354,Customer 19354,Rajahmundry,Returning
19355,Customer 19355,Visakhapatnam,VIP
19356,Customer 19356,Kakinada,Returning
19357,Customer 19357,Nellore,New
19358,Customer 19358,Kurnool,New
19359,Customer 19359,Vijayawada,VIP
19360,Customer 19360,Anantapur,VIP
19361,Customer 19361,Kakinada,Returning
19362,Customer 19362,Anantapur,Returning
19363,Customer 19363,Rajahmundry,VIP
19364,Customer 19364,Guntur,Returning
19365,Customer 19365,Tirupati,VIP
19366,Customer 19366,Kakinada,VIP
19367,Customer 19367,Rajahmundry,Returning
19368,Customer 19368,Kakinada,New
19369,Customer 19369,Tirupati,New
19370,Customer 19370,Nellore,Returning
19371,Customer 19371,Tirupati,VIP
19372,Customer 19372,Vijayawada,Returning
19373,Customer 19373,Visakhapatnam,VIP
19374,Customer 19374,Rajahmundry,VIP
19375,Customer 19375,Vijayawada,New
19376,Customer 19376,Tirupati,New
19377,Customer 19377,Kakinada,New
19378,Customer 19378,Kakinada,Returning
19379,Customer 19379,Visakhapatnam,New
19380,Customer 19380,Tirupati,New
19381,Customer 19381,Guntur,Returning
19382,Customer 19382,Kurnool,VIP
19383,Customer 19383,Rajahmundry,Returning
19384,Customer 19384,Anantapur,Returning
19385,Customer 19385,Kurnool,VIP
19386,Customer 19386,Kakinada,VIP
19387,Customer 19387,Visakhapatnam,VIP
19388,Customer 19388,Kakinada,VIP
19389,Customer 19389,Rajahmundry,VIP
19390,Customer 19390,Tirupati,VIP
19391,Customer 19391,Kurnool,VIP
19392,Customer 19392,Kakinada,Returning
19393,Customer 19393,Vijayawada,New
19394,Customer 19394,Visakhapatnam,New
19395,Customer 19395,Anantapur,New
19396,Customer 19396,Anantapur,Returning
19397,Customer 19397,Nellore,New
19398,Customer 19398,Guntur,Returning
19399,Customer 19399,Ongole,Returning
19400,Customer 19400,Tirupati,New
19401,Customer 19401,Nellore,VIP
19402,Customer 19402,Kakinada,New
19403,Customer 19403,Vijayawada,New
19404,Customer 19404,Kakinada,VIP
19405,Customer 19405,Nellore,VIP
19406,Customer 19406,Ongole,New
19407,Customer 19407,Tirupati,VIP
19408,Customer 19408,Tirupati,Returning
19409,Customer 19409,Vijayawada,New
19410,Customer 19410,Visakhapatnam,Returning
19411,Customer 19411,Rajahmundry,VIP
19412,Customer 19412,Tirupati,VIP
19413,Customer 19413,Tirupati,Returning
19414,Customer 19414,Tirupati,VIP
19415,Customer 19415,Anantapur,New
19416,Customer 19416,Kakinada,VIP
19417,Customer 19417,Vijayawada,New
19418,Customer 19418,Anantapur,Returning
19419,Customer 19419,Nellore,New
19420,Customer 19420,Guntur,VIP
19421,Customer 19421,Ongole,Returning
19422,Customer 19422,Anantapur,New
19423,Customer 19423,Kurnool,VIP
19424,Customer 19424,Vijayawada,New
19425,Customer 19425,Ongole,New
19426,Customer 19426,Visakhapatnam,New
19427,Customer 19427,Vijayawada,VIP
19428,Customer 19428,Kurnool,Returning
19429,Customer 19429,Nellore,VIP
19430,Customer 19430,Guntur,New
19431,Customer 19431,Ongole,VIP
19432,Customer 19432,Nellore,VIP
19433,Customer 19433,Vijayawada,Returning
19434,Customer 19434,Visakhapatnam,New
19435,Customer 19435,Tirupati,New
19436,Customer 19436,Guntur,New
19437,Customer 19437,Guntur,Returning
19438,Customer 19438,Rajahmundry,New
19439,Customer 19439,Ongole,New
19440,Customer 19440,Nellore,VIP
19441,Customer 19441,Kurnool,Returning
19442,Customer 19442,Tirupati,VIP
19443,Customer 19443,Vijayawada,Returning
19444,Customer 19444,Ongole,VIP
19445,Customer 19445,Guntur,VIP
19446,Customer 19446,Visakhapatnam,VIP
19447,Customer 19447,Kakinada,New
19448,Customer 19448,Rajahmundry,New
19449,Customer 19449,Tirupati,Returning
19450,Customer 19450,Ongole,Returning
19451,Customer 19451,Kurnool,Returning
19452,Customer 19452,Vijayawada,Returning
19453,Customer 19453,Kakinada,Returning
19454,Customer 19454,Kurnool,VIP
19455,Customer 19455,Kakinada,New
19456,Customer 19456,Kurnool,Returning
19457,Customer 19457,Anantapur,VIP
19458,Customer 19458,Kakinada,New
19459,Customer 19459,Vijayawada,VIP
19460,Customer 19460,Visakhapatnam,VIP
19461,Customer 19461,Visakhapatnam,Returning
19462,Customer 19462,Rajahmundry,VIP
19463,Customer 19463,Guntur,Returning
19464,Customer 19464,Nellore,VIP
19465,Customer 19465,Tirupati,Returning
19466,Customer 19466,Kakinada,New
19467,Customer 19467,Kakinada,New
19468,Customer 19468,Ongole,Returning
19469,Customer 19469,Tirupati,Returning
19470,Customer 19470,Tirupati,New
19471,Customer 19471,Guntur,Returning
19472,Customer 19472,Anantapur,Returning
19473,Customer 19473,Nellore,Returning
19474,Customer 19474,Tirupati,Returning
19475,Customer 19475,Visakhapatnam,VIP
19476,Customer 19476,Vijayawada,VIP
19477,Customer 19477,Tirupati,New
19478,Customer 19478,Guntur,New
19479,Customer 19479,Ongole,New
19480,Customer 19480,Tirupati,VIP
19481,Customer 19481,Anantapur,New
19482,Customer 19482,Guntur,Returning
19483,Customer 19483,Tirupati,VIP
19484,Customer 19484,Anantapur,VIP
19485,Customer 19485,Rajahmundry,VIP
19486,Customer 19486,Kurnool,VIP
19487,Customer 19487,Anantapur,New
19488,Customer 19488,Guntur,VIP
19489,Customer 19489,Kurnool,Returning
19490,Customer 19490,Visakhapatnam,Returning
19491,Customer 19491,Anantapur,VIP
19492,Customer 19492,Visakhapatnam,Returning
19493,Customer 19493,Vijayawada,VIP
19494,Customer 19494,Visakhapatnam,Returning
19495,Customer 19495,Guntur,Returning
19496,Customer 19496,Kakinada,VIP
19497,Customer 19497,Nellore,New
19498,Customer 19498,Ongole,Returning
19499,Customer 19499,Visakhapatnam,VIP
19500,Customer 19500,Visakhapatnam,New
19501,Customer 19501,Ongole,Returning
19502,Customer 19502,Visakhapatnam,New
19503,Customer 19503,Guntur,Returning
19504,Customer 19504,Kakinada,Returning
19505,Customer 19505,Tirupati,New
19506,Customer 19506,Kakinada,Returning
19507,Customer 19507,Rajahmundry,New
19508,Customer 19508,Rajahmundry,New
19509,Customer 19509,Tirupati,VIP
19510,Customer 19510,Kurnool,VIP
19511,Customer 19511,Anantapur,New
19512,Customer 19512,Anantapur,New
19513,Customer 19513,Guntur,Returning
19514,Customer 19514,Tirupati,New
19515,Customer 19515,Visakhapatnam,Returning
19516,Customer 19516,Tirupati,New
19517,Customer 19517,Vijayawada,New
19518,Customer 19518,Guntur,New
19519,Customer 19519,Kakinada,New
19520,Customer 19520,Vijayawada,Returning
19521,Customer 19521,Nellore,New
19522,Customer 19522,Visakhapatnam,Returning
19523,Customer 19523,Anantapur,Returning
19524,Customer 19524,Anantapur,VIP
19525,Customer 19525,Rajahmundry,VIP
19526,Customer 19526,Anantapur,New
19527,Customer 19527,Tirupati,New
19528,Customer 19528,Tirupati,Returning
19529,Customer 19529,Visakhapatnam,Returning
19530,Customer 19530,Vijayawada,VIP
19531,Customer 19531,Anantapur,Returning
19532,Customer 19532,Nellore,New
19533,Customer 19533,Rajahmundry,Returning
19534,Customer 19534,Kurnool,Returning
19535,Customer 19535,Kurnool,VIP
19536,Customer 19536,Vijayawada,Returning
19537,Customer 19537,Vijayawada,VIP
19538,Customer 19538,Rajahmundry,VIP
19539,Customer 19539,Guntur,Returning
19540,Customer 19540,Visakhapatnam,New
19541,Customer 19541,Kakinada,New
19542,Customer 19542,Kakinada,New
19543,Customer 19543,Tirupati,Returning
19544,Customer 19544,Vijayawada,VIP
19545,Customer 19545,Kakinada,VIP
19546,Customer 19546,Anantapur,Returning
19547,Customer 19547,Nellore,New
19548,Customer 19548,Visakhapatnam,VIP
19549,Customer 19549,Kakinada,Returning
19550,Customer 19550,Ongole,New
19551,Customer 19551,Nellore,VIP
19552,Customer 19552,Visakhapatnam,New
19553,Customer 19553,Vijayawada,New
19554,Customer 19554,Vijayawada,VIP
19555,Customer 19555,Kurnool,Returning
19556,Customer 19556,Visakhapatnam,New
19557,Customer 19557,Visakhapatnam,Returning
19558,Customer 19558,Kurnool,Returning
19559,Customer 19559,Kakinada,VIP
19560,Customer 19560,Tirupati,New
19561,Customer 19561,Kurnool,New
19562,Customer 19562,Ongole,VIP
19563,Customer 19563,Ongole,Returning
19564,Customer 19564,Kurnool,VIP
19565,Customer 19565,Anantapur,VIP
19566,Customer 19566,Rajahmundry,New
19567,Customer 19567,Tirupati,Returning
19568,Customer 19568,Vijayawada,Returning
19569,Customer 19569,Tirupati,New
19570,Customer 19570,Kurnool,New
19571,Customer 19571,Rajahmundry,New
19572,Customer 19572,Kurnool,Returning
19573,Customer 19573,Vijayawada,VIP
19574,Customer 19574,Kakinada,VIP
19575,Customer 19575,Ongole,New
19576,Customer 19576,Kakinada,New
19577,Customer 19577,Vijayawada,VIP
19578,Customer 19578,Vijayawada,Returning
19579,Customer 19579,Rajahmundry,New
19580,Customer 19580,Vijayawada,New
19581,Customer 19581,Guntur,Returning
19582,Customer 19582,Visakhapatnam,VIP
19583,Customer 19583,Vijayawada,New
19584,Customer 19584,Tirupati,New
19585,Customer 19585,Ongole,VIP
19586,Customer 19586,Vijayawada,Returning
19587,Customer 19587,Rajahmundry,VIP
19588,Customer 19588,Kakinada,VIP
19589,Customer 19589,Visakhapatnam,Returning
19590,Customer 19590,Rajahmundry,VIP
19591,Customer 19591,Kakinada,VIP
19592,Customer 19592,Rajahmundry,New
19593,Customer 19593,Visakhapatnam,VIP
19594,Customer 19594,Rajahmundry,Returning
19595,Customer 19595,Vijayawada,New
19596,Customer 19596,Vijayawada,Returning
19597,Customer 19597,Ongole,Returning
19598,Customer 19598,Tirupati,New
19599,Customer 19599,Tirupati,Returning
19600,Customer 19600,Tirupati,Returning
19601,Customer 19601,Visakhapatnam,VIP
19602,Customer 19602,Vijayawada,VIP
19603,Customer 19603,Kakinada,Returning
19604,Customer 19604,Tirupati,New
19605,Customer 19605,Kakinada,Returning
19606,Customer 19606,Vijayawada,VIP
19607,Customer 19607,Kurnool,VIP
19608,Customer 19608,Kakinada,Returning
19609,Customer 19609,Anantapur,Returning
19610,Customer 19610,Anantapur,VIP
19611,Customer 19611,Kurnool,VIP
19612,Customer 19612,Nellore,VIP
19613,Customer 19613,Kurnool,VIP
19614,Customer 19614,Ongole,VIP
19615,Customer 19615,Kakinada,VIP
19616,Customer 19616,Kurnool,VIP
19617,Customer 19617,Visakhapatnam,New
19618,Customer 19618,Nellore,New
19619,Customer 19619,Anantapur,New
19620,Customer 19620,Kakinada,VIP
19621,Customer 19621,Visakhapatnam,VIP
19622,Customer 19622,Visakhapatnam,Returning
19623,Customer 19623,Guntur,New
19624,Customer 19624,Nellore,New
19625,Customer 19625,Rajahmundry,VIP
19626,Customer 19626,Tirupati,Returning
19627,Customer 19627,Ongole,Returning
19628,Customer 19628,Anantapur,Returning
19629,Customer 19629,Ongole,VIP
19630,Customer 19630,Visakhapatnam,VIP
19631,Customer 19631,Rajahmundry,Returning
19632,Customer 19632,Rajahmundry,Returning
19633,Customer 19633,Ongole,New
19634,Customer 19634,Anantapur,New
19635,Customer 19635,Rajahmundry,Returning
19636,Customer 19636,Ongole,New
19637,Customer 19637,Visakhapatnam,Returning
19638,Customer 19638,Kakinada,VIP
19639,Customer 19639,Guntur,New
19640,Customer 19640,Guntur,Returning
19641,Customer 19641,Rajahmundry,VIP
19642,Customer 19642,Kurnool,New
19643,Customer 19643,Anantapur,Returning
19644,Customer 19644,Ongole,Returning
19645,Customer 19645,Nellore,Returning
19646,Customer 19646,Tirupati,New
19647,Customer 19647,Vijayawada,VIP
19648,Customer 19648,Tirupati,VIP
19649,Customer 19649,Tirupati,Returning
19650,Customer 19650,Guntur,Returning
19651,Customer 19651,Visakhapatnam,VIP
19652,Customer 19652,Visakhapatnam,Returning
19653,Customer 19653,Kurnool,VIP
19654,Customer 19654,Vijayawada,New
19655,Customer 19655,Nellore,VIP
19656,Customer 19656,Tirupati,Returning
19657,Customer 19657,Kurnool,New
19658,Customer 19658,Ongole,VIP
19659,Customer 19659,Ongole,New
19660,Customer 19660,Guntur,Returning
19661,Customer 19661,Visakhapatnam,New
19662,Customer 19662,Ongole,New
19663,Customer 19663,Visakhapatnam,New
19664,Customer 19664,Rajahmundry,New
19665,Customer 19665,Vijayawada,Returning
19666,Customer 19666,Tirupati,New
19667,Customer 19667,Nellore,Returning
19668,Customer 19668,Rajahmundry,Returning
19669,Customer 19669,Rajahmundry,Returning
19670,Customer 19670,Ongole,Returning
19671,Customer 19671,Rajahmundry,VIP
19672,Customer 19672,Guntur,New
19673,Customer 19673,Vijayawada,New
19674,Customer 19674,Kurnool,New
19675,Customer 19675,Guntur,Returning
19676,Customer 19676,Nellore,VIP
19677,Customer 19677,Vijayawada,Returning
19678,Customer 19678,Kakinada,Returning
19679,Customer 19679,Vijayawada,New
19680,Customer 19680,Tirupati,VIP
19681,Customer 19681,Anantapur,New
19682,Customer 19682,Visakhapatnam,Returning
19683,Customer 19683,Anantapur,Returning
19684,Customer 19684,Visakhapatnam,New
19685,Customer 19685,Tirupati,New
19686,Customer 19686,Nellore,Returning
19687,Customer 19687,Nellore,New
19688,Customer 19688,Visakhapatnam,VIP
19689,Customer 19689,Kakinada,New
19690,Customer 19690,Kurnool,Returning
19691,Customer 19691,Rajahmundry,Returning
19692,Customer 19692,Kakinada,Returning
19693,Customer 19693,Kurnool,New
19694,Customer 19694,Vijayawada,New
19695,Customer 19695,Guntur,New
19696,Customer 19696,Kakinada,New
19697,Customer 19697,Tirupati,VIP
19698,Customer 19698,Tirupati,New
19699,Customer 19699,Rajahmundry,Returning
19700,Customer 19700,Kakinada,VIP
19701,Customer 19701,Rajahmundry,VIP
19702,Customer 19702,Visakhapatnam,Returning
19703,Customer 19703,Anantapur,VIP
19704,Customer 19704,Rajahmundry,VIP
19705,Customer 19705,Visakhapatnam,New
19706,Customer 19706,Nellore,Returning
19707,Customer 19707,Tirupati,New
19708,Customer 19708,Visakhapatnam,Returning
19709,Customer 19709,Guntur,Returning
19710,Customer 19710,Guntur,VIP
19711,Customer 19711,Anantapur,VIP
19712,Customer 19712,Kakinada,VIP
19713,Customer 19713,Tirupati,Returning
19714,Customer 19714,Nellore,VIP
19715,Customer 19715,Vijayawada,Returning
19716,Customer 19716,Rajahmundry,VIP
19717,Customer 19717,Vijayawada,New
19718,Customer 19718,Rajahmundry,New
19719,Customer 19719,Kakinada,VIP
19720,Customer 19720,Ongole,Returning
19721,Customer 19721,Rajahmundry,New
19722,Customer 19722,Guntur,Returning
19723,Customer 19723,Kurnool,Returning
19724,Customer 19724,Rajahmundry,New
19725,Customer 19725,Nellore,VIP
19726,Customer 19726,Ongole,VIP
19727,Customer 19727,Vijayawada,VIP
19728,Customer 19728,Kurnool,New
19729,Customer 19729,Nellore,Returning
19730,Customer 19730,Anantapur,Returning
19731,Customer 19731,Kurnool,New
19732,Customer 19732,Nellore,New
19733,Customer 19733,Ongole,New
19734,Customer 19734,Anantapur,Returning
19735,Customer 19735,Ongole,Returning
19736,Customer 19736,Kurnool,New
19737,Customer 19737,Visakhapatnam,New
19738,Customer 19738,Tirupati,VIP
19739,Customer 19739,Rajahmundry,New
19740,Customer 19740,Anantapur,Returning
19741,Customer 19741,Visakhapatnam,Returning
19742,Customer 19742,Rajahmundry,Returning
19743,Customer 19743,Rajahmundry,New
19744,Customer 19744,Guntur,VIP
19745,Customer 19745,Tirupati,New
19746,Customer 19746,Visakhapatnam,New
19747,Customer 19747,Guntur,VIP
19748,Customer 19748,Visakhapatnam,Returning
19749,Customer 19749,Vijayawada,New
19750,Customer 19750,Tirupati,New
19751,Customer 19751,Vijayawada,Returning
19752,Customer 19752,Vijayawada,New
19753,Customer 19753,Kurnool,VIP
19754,Customer 19754,Nellore,Returning
19755,Customer 19755,Rajahmundry,New
19756,Customer 19756,Anantapur,New
19757,Customer 19757,Tirupati,Returning
19758,Customer 19758,Visakhapatnam,VIP
19759,Customer 19759,Visakhapatnam,New
19760,Customer 19760,Ongole,New
19761,Customer 19761,Anantapur,New
19762,Customer 19762,Ongole,Returning
19763,Customer 19763,Nellore,Returning
19764,Customer 19764,Kurnool,New
19765,Customer 19765,Anantapur,New
19766,Customer 19766,Vijayawada,Returning
19767,Customer 19767,Nellore,Returning
19768,Customer 19768,Vijayawada,New
19769,Customer 19769,Anantapur,Returning
19770,Customer 19770,Rajahmundry,VIP
19771,Customer 19771,Anantapur,VIP
19772,Customer 19772,Visakhapatnam,New
19773,Customer 19773,Kurnool,New
19774,Customer 19774,Guntur,Returning
19775,Customer 19775,Kurnool,Returning
19776,Customer 19776,Nellore,VIP
19777,Customer 19777,Tirupati,VIP
19778,Customer 19778,Anantapur,Returning
19779,Customer 19779,Vijayawada,Returning
19780,Customer 19780,Ongole,New
19781,Customer 19781,Vijayawada,New
19782,Customer 19782,Ongole,VIP
19783,Customer 19783,Rajahmundry,VIP
19784,Customer 19784,Kakinada,New
19785,Customer 19785,Ongole,Returning
19786,Customer 19786,Anantapur,Returning
19787,Customer 19787,Tirupati,VIP
19788,Customer 19788,Tirupati,VIP
19789,Customer 19789,Kakinada,New
19790,Customer 19790,Tirupati,VIP
19791,Customer 19791,Rajahmundry,Returning
19792,Customer 19792,Nellore,Returning
19793,Customer 19793,Visakhapatnam,New
19794,Customer 19794,Visakhapatnam,VIP
19795,Customer 19795,Anantapur,Returning
19796,Customer 19796,Kakinada,New
19797,Customer 19797,Kakinada,VIP
19798,Customer 19798,Visakhapatnam,Returning
19799,Customer 19799,Kurnool,VIP
19800,Customer 19800,Kurnool,Returning
19801,Customer 19801,Anantapur,New
19802,Customer 19802,Tirupati,Returning
19803,Customer 19803,Guntur,New
19804,Customer 19804,Rajahmundry,New
19805,Customer 19805,Guntur,New
19806,Customer 19806,Guntur,VIP
19807,Customer 19807,Tirupati,Returning
19808,Customer 19808,Nellore,Returning
19809,Customer 19809,Nellore,New
19810,Customer 19810,Rajahmundry,New
19811,Customer 19811,Kakinada,New
19812,Customer 19812,Anantapur,VIP
19813,Customer 19813,Nellore,VIP
19814,Customer 19814,Kakinada,Returning
19815,Customer 19815,Guntur,New
19816,Customer 19816,Kakinada,VIP
19817,Customer 19817,Rajahmundry,New
19818,Customer 19818,Kurnool,New
19819,Customer 19819,Visakhapatnam,Returning
19820,Customer 19820,Guntur,New
19821,Customer 19821,Nellore,VIP
19822,Customer 19822,Anantapur,New
19823,Customer 19823,Visakhapatnam,New
19824,Customer 19824,Guntur,New
19825,Customer 19825,Vijayawada,VIP
19826,Customer 19826,Visakhapatnam,New
19827,Customer 19827,Nellore,VIP
19828,Customer 19828,Anantapur,New
19829,Customer 19829,Vijayawada,VIP
19830,Customer 19830,Rajahmundry,VIP
19831,Customer 19831,Kurnool,New
19832,Customer 19832,Guntur,New
19833,Customer 19833,Guntur,Returning
19834,Customer 19834,Vijayawada,New
19835,Customer 19835,Kurnool,Returning
19836,Customer 19836,Kurnool,VIP
19837,Customer 19837,Visakhapatnam,VIP
19838,Customer 19838,Vijayawada,VIP
19839,Customer 19839,Vijayawada,VIP
19840,Customer 19840,Kurnool,Returning
19841,Customer 19841,Tirupati,Returning
19842,Customer 19842,Anantapur,Returning
19843,Customer 19843,Kurnool,New
19844,Customer 19844,Vijayawada,VIP
19845,Customer 19845,Visakhapatnam,New
19846,Customer 19846,Ongole,VIP
19847,Customer 19847,Rajahmundry,New
19848,Customer 19848,Anantapur,Returning
19849,Customer 19849,Guntur,VIP
19850,Customer 19850,Vijayawada,New
19851,Customer 19851,Nellore,Returning
19852,Customer 19852,Ongole,Returning
19853,Customer 19853,Visakhapatnam,Returning
19854,Customer 19854,Tirupati,VIP
19855,Customer 19855,Anantapur,New
19856,Customer 19856,Visakhapatnam,VIP
19857,Customer 19857,Ongole,Returning
19858,Customer 19858,Vijayawada,VIP
19859,Customer 19859,Tirupati,VIP
19860,Customer 19860,Vijayawada,VIP
19861,Customer 19861,Kurnool,VIP
19862,Customer 19862,Guntur,Returning
19863,Customer 19863,Nellore,New
19864,Customer 19864,Rajahmundry,Returning
19865,Customer 19865,Kurnool,Returning
19866,Customer 19866,Tirupati,Returning
19867,Customer 19867,Visakhapatnam,VIP
19868,Customer 19868,Nellore,Returning
19869,Customer 19869,Anantapur,VIP
19870,Customer 19870,Tirupati,VIP
19871,Customer 19871,Rajahmundry,New
19872,Customer 19872,Tirupati,New
19873,Customer 19873,Visakhapatnam,New
19874,Customer 19874,Anantapur,New
19875,Customer 19875,Tirupati,VIP
19876,Customer 19876,Rajahmundry,New
19877,Customer 19877,Visakhapatnam,New
19878,Customer 19878,Ongole,VIP
19879,Customer 19879,Guntur,VIP
19880,Customer 19880,Guntur,Returning
19881,Customer 19881,Tirupati,New
19882,Customer 19882,Kurnool,New
19883,Customer 19883,Guntur,VIP
19884,Customer 19884,Kurnool,Returning
19885,Customer 19885,Visakhapatnam,VIP
19886,Customer 19886,Rajahmundry,New
19887,Customer 19887,Anantapur,New
19888,Customer 19888,Vijayawada,New
19889,Customer 19889,Guntur,Returning
19890,Customer 19890,Kakinada,VIP
19891,Customer 19891,Kakinada,Returning
19892,Customer 19892,Kakinada,VIP
19893,Customer 19893,Kakinada,Returning
19894,Customer 19894,Visakhapatnam,New
19895,Customer 19895,Kakinada,New
19896,Customer 19896,Kurnool,VIP
19897,Customer 19897,Kakinada,Returning
19898,Customer 19898,Tirupati,Returning
19899,Customer 19899,Tirupati,New
19900,Customer 19900,Kakinada,New
19901,Customer 19901,Kakinada,VIP
19902,Customer 19902,Kakinada,New
19903,Customer 19903,Visakhapatnam,VIP
19904,Customer 19904,Ongole,Returning
19905,Customer 19905,Guntur,Returning
19906,Customer 19906,Nellore,VIP
19907,Customer 19907,Kurnool,VIP
19908,Customer 19908,Rajahmundry,Returning
19909,Customer 19909,Visakhapatnam,Returning
19910,Customer 19910,Kakinada,New
19911,Customer 19911,Kurnool,New
19912,Customer 19912,Nellore,VIP
19913,Customer 19913,Nellore,Returning
19914,Customer 19914,Kakinada,New
19915,Customer 19915,Ongole,VIP
19916,Customer 19916,Guntur,VIP
19917,Customer 19917,Visakhapatnam,New
19918,Customer 19918,Kurnool,New
19919,Customer 19919,Visakhapatnam,New
19920,Customer 19920,Vijayawada,Returning
19921,Customer 19921,Nellore,New
19922,Customer 19922,Ongole,Returning
19923,Customer 19923,Visakhapatnam,Returning
19924,Customer 19924,Guntur,New
19925,Customer 19925,Rajahmundry,Returning
19926,Customer 19926,Guntur,New
19927,Customer 19927,Anantapur,Returning
19928,Customer 19928,Anantapur,New
19929,Customer 19929,Guntur,New
19930,Customer 19930,Kakinada,Returning
19931,Customer 19931,Visakhapatnam,Returning
19932,Customer 19932,Nellore,Returning
19933,Customer 19933,Kurnool,New
19934,Customer 19934,Anantapur,New
19935,Customer 19935,Kakinada,New
19936,Customer 19936,Ongole,New
19937,Customer 19937,Anantapur,New
19938,Customer 19938,Kurnool,Returning
19939,Customer 19939,Vijayawada,New
19940,Customer 19940,Ongole,Returning
19941,Customer 19941,Rajahmundry,VIP
19942,Customer 19942,Visakhapatnam,VIP
19943,Customer 19943,Anantapur,Returning
19944,Customer 19944,Tirupati,VIP
19945,Customer 19945,Kurnool,Returning
19946,Customer 19946,Guntur,VIP
19947,Customer 19947,Anantapur,VIP
19948,Customer 19948,Ongole,VIP
19949,Customer 19949,Ongole,Returning
19950,Customer 19950,Vijayawada,New
19951,Customer 19951,Visakhapatnam,New
19952,Customer 19952,Ongole,New
19953,Customer 19953,Kurnool,VIP
19954,Customer 19954,Kurnool,Returning
19955,Customer 19955,Anantapur,VIP
19956,Customer 19956,Guntur,New
19957,Customer 19957,Guntur,VIP
19958,Customer 19958,Kakinada,Returning
19959,Customer 19959,Nellore,New
19960,Customer 19960,Rajahmundry,VIP
19961,Customer 19961,Kakinada,Returning
19962,Customer 19962,Kakinada,VIP
19963,Customer 19963,Tirupati,VIP
19964,Customer 19964,Guntur,VIP
19965,Customer 19965,Kakinada,New
19966,Customer 19966,Vijayawada,New
19967,Customer 19967,Guntur,VIP
19968,Customer 19968,Kurnool,New
19969,Customer 19969,Visakhapatnam,Returning
19970,Customer 19970,Anantapur,VIP
19971,Customer 19971,Anantapur,Returning
19972,Customer 19972,Rajahmundry,VIP
19973,Customer 19973,Tirupati,VIP
19974,Customer 19974,Anantapur,New
19975,Customer 19975,Tirupati,Returning
19976,Customer 19976,Anantapur,New
19977,Customer 19977,Anantapur,Returning
19978,Customer 19978,Ongole,New
19979,Customer 19979,Vijayawada,New
19980,Customer 19980,Nellore,Returning
19981,Customer 19981,Visakhapatnam,VIP
19982,Customer 19982,Guntur,Returning
19983,Customer 19983,Kurnool,Returning
19984,Customer 19984,Anantapur,New
19985,Customer 19985,Ongole,New
19986,Customer 19986,Kakinada,New
19987,Customer 19987,Ongole,Returning
19988,Customer 19988,Visakhapatnam,Returning
19989,Customer 19989,Kurnool,New
19990,Customer 19990,Nellore,Returning
19991,Customer 19991,Anantapur,VIP
19992,Customer 19992,Kakinada,VIP
19993,Customer 19993,Nellore,Returning
19994,Customer 19994,Kakinada,New
19995,Customer 19995,Nellore,Returning
19996,Customer 19996,Rajahmundry,VIP
19997,Customer 19997,Rajahmundry,VIP
19998,Customer 19998,Tirupati,VIP
19999,Customer 19999,Visakhapatnam,VIP
20000,Customer 20000,Kurnool,VIP
20001,Customer 20001,Rajahmundry,Returning
20002,Customer 20002,Kurnool,Returning
20003,Customer 20003,Tirupati,Returning
20004,Customer 20004,Kurnool,Returning
20005,Customer 20005,Guntur,VIP
20006,Customer 20006,Tirupati,New
20007,Customer 20007,Guntur,Returning
20008,Customer 20008,Ongole,Returning
20009,Customer 20009,Kakinada,Returning
20010,Customer 20010,Visakhapatnam,Returning
20011,Customer 20011,Visakhapatnam,VIP
20012,Customer 20012,Tirupati,VIP
20013,Customer 20013,Rajahmundry,VIP
20014,Customer 20014,Tirupati,Returning
20015,Customer 20015,Tirupati,Returning
20016,Customer 20016,Guntur,New
20017,Customer 20017,Kakinada,Returning
20018,Customer 20018,Vijayawada,Returning
20019,Customer 20019,Vijayawada,Returning
20020,Customer 20020,Tirupati,VIP
20021,Customer 20021,Kurnool,New
20022,Customer 20022,Vijayawada,Returning
20023,Customer 20023,Visakhapatnam,VIP
20024,Customer 20024,Kakinada,Returning
20025,Customer 20025,Kurnool,New
20026,Customer 20026,Guntur,VIP
20027,Customer 20027,Kakinada,VIP
20028,Customer 20028,Vijayawada,VIP
20029,Customer 20029,Guntur,VIP
20030,Customer 20030,Kakinada,New
20031,Customer 20031,Visakhapatnam,Returning
20032,Customer 20032,Anantapur,New
20033,Customer 20033,Kurnool,Returning
20034,Customer 20034,Rajahmundry,VIP
20035,Customer 20035,Ongole,New
20036,Customer 20036,Vijayawada,VIP
20037,Customer 20037,Vijayawada,VIP
20038,Customer 20038,Tirupati,VIP
20039,Customer 20039,Vijayawada,New
20040,Customer 20040,Ongole,Returning
20041,Customer 20041,Anantapur,New
20042,Customer 20042,Ongole,Returning
20043,Customer 20043,Anantapur,New
20044,Customer 20044,Ongole,VIP
20045,Customer 20045,Rajahmundry,New
20046,Customer 20046,Visakhapatnam,New
20047,Customer 20047,Tirupati,Returning
20048,Customer 20048,Nellore,New
20049,Customer 20049,Tirupati,Returning
20050,Customer 20050,Vijayawada,VIP
20051,Customer 20051,Ongole,New
20052,Customer 20052,Rajahmundry,VIP
20053,Customer 20053,Anantapur,Returning
20054,Customer 20054,Nellore,New
20055,Customer 20055,Vijayawada,New
20056,Customer 20056,Nellore,New
20057,Customer 20057,Tirupati,New
20058,Customer 20058,Kurnool,Returning
20059,Customer 20059,Ongole,VIP
20060,Customer 20060,Rajahmundry,Returning
20061,Customer 20061,Kurnool,New
20062,Customer 20062,Rajahmundry,Returning
20063,Customer 20063,Kurnool,Returning
20064,Customer 20064,Ongole,VIP
20065,Customer 20065,Ongole,Returning
20066,Customer 20066,Vijayawada,VIP
20067,Customer 20067,Ongole,VIP
20068,Customer 20068,Nellore,Returning
20069,Customer 20069,Guntur,New
20070,Customer 20070,Kakinada,Returning
20071,Customer 20071,Nellore,New
20072,Customer 20072,Ongole,New
20073,Customer 20073,Kurnool,Returning
20074,Customer 20074,Tirupati,New
20075,Customer 20075,Vijayawada,New
20076,Customer 20076,Nellore,VIP
20077,Customer 20077,Ongole,VIP
20078,Customer 20078,Guntur,New
20079,Customer 20079,Ongole,New
20080,Customer 20080,Guntur,New
20081,Customer 20081,Rajahmundry,Returning
20082,Customer 20082,Tirupati,Returning
20083,Customer 20083,Kakinada,Returning
20084,Customer 20084,Anantapur,VIP
20085,Customer 20085,Ongole,New
20086,Customer 20086,Anantapur,New
20087,Customer 20087,Tirupati,New
20088,Customer 20088,Nellore,VIP
20089,Customer 20089,Guntur,VIP
20090,Customer 20090,Ongole,VIP
20091,Customer 20091,Nellore,Returning
20092,Customer 20092,Rajahmundry,Returning
20093,Customer 20093,Ongole,VIP
20094,Customer 20094,Visakhapatnam,Returning
20095,Customer 20095,Visakhapatnam,New
20096,Customer 20096,Vijayawada,VIP
20097,Customer 20097,Ongole,New
20098,Customer 20098,Kurnool,Returning
20099,Customer 20099,Nellore,New
20100,Customer 20100,Anantapur,New
20101,Customer 20101,Nellore,New
20102,Customer 20102,Rajahmundry,Returning
20103,Customer 20103,Rajahmundry,Returning
20104,Customer 20104,Guntur,VIP
20105,Customer 20105,Kurnool,New
20106,Customer 20106,Tirupati,Returning
20107,Customer 20107,Guntur,Returning
20108,Customer 20108,Rajahmundry,Returning
20109,Customer 20109,Kakinada,New
20110,Customer 20110,Visakhapatnam,New
20111,Customer 20111,Vijayawada,VIP
20112,Customer 20112,Guntur,VIP
20113,Customer 20113,Vijayawada,VIP
20114,Customer 20114,Guntur,Returning
20115,Customer 20115,Guntur,Returning
20116,Customer 20116,Tirupati,New
20117,Customer 20117,Kurnool,Returning
20118,Customer 20118,Kurnool,Returning
20119,Customer 20119,Visakhapatnam,VIP
20120,Customer 20120,Anantapur,New
20121,Customer 20121,Guntur,New
20122,Customer 20122,Anantapur,Returning
20123,Customer 20123,Kurnool,New
20124,Customer 20124,Tirupati,New
20125,Customer 20125,Guntur,VIP
20126,Customer 20126,Kurnool,New
20127,Customer 20127,Tirupati,New
20128,Customer 20128,Nellore,New
20129,Customer 20129,Nellore,New
20130,Customer 20130,Guntur,Returning
20131,Customer 20131,Nellore,Returning
20132,Customer 20132,Visakhapatnam,Returning
20133,Customer 20133,Ongole,VIP
20134,Customer 20134,Guntur,VIP
20135,Customer 20135,Kurnool,Returning
20136,Customer 20136,Guntur,Returning
20137,Customer 20137,Nellore,New
20138,Customer 20138,Nellore,VIP
20139,Customer 20139,Nellore,Returning
20140,Customer 20140,Guntur,New
20141,Customer 20141,Visakhapatnam,Returning
20142,Customer 20142,Anantapur,New
20143,Customer 20143,Kurnool,New
20144,Customer 20144,Kakinada,VIP
20145,Customer 20145,Visakhapatnam,New
20146,Customer 20146,Kakinada,New
20147,Customer 20147,Anantapur,New
20148,Customer 20148,Tirupati,Returning
20149,Customer 20149,Nellore,New
20150,Customer 20150,Anantapur,VIP
20151,Customer 20151,Anantapur,Returning
20152,Customer 20152,Tirupati,VIP
20153,Customer 20153,Rajahmundry,New
20154,Customer 20154,Kakinada,VIP
20155,Customer 20155,Anantapur,New
20156,Customer 20156,Tirupati,VIP
20157,Customer 20157,Visakhapatnam,VIP
20158,Customer 20158,Kakinada,New
20159,Customer 20159,Rajahmundry,New
20160,Customer 20160,Visakhapatnam,VIP
20161,Customer 20161,Kurnool,VIP
20162,Customer 20162,Ongole,New
20163,Customer 20163,Rajahmundry,New
20164,Customer 20164,Kakinada,VIP
20165,Customer 20165,Kakinada,VIP
20166,Customer 20166,Visakhapatnam,Returning
20167,Customer 20167,Ongole,New
20168,Customer 20168,Nellore,Returning
20169,Customer 20169,Ongole,VIP
20170,Customer 20170,Anantapur,New
20171,Customer 20171,Anantapur,VIP
20172,Customer 20172,Kurnool,New
20173,Customer 20173,Tirupati,Returning
20174,Customer 20174,Rajahmundry,VIP
20175,Customer 20175,Anantapur,VIP
20176,Customer 20176,Tirupati,VIP
20177,Customer 20177,Nellore,New
20178,Customer 20178,Kurnool,New
20179,Customer 20179,Anantapur,New
20180,Customer 20180,Kakinada,VIP
20181,Customer 20181,Guntur,New
20182,Customer 20182,Nellore,VIP
20183,Customer 20183,Tirupati,Returning
20184,Customer 20184,Guntur,Returning
20185,Customer 20185,Rajahmundry,New
20186,Customer 20186,Nellore,VIP
20187,Customer 20187,Kurnool,New
20188,Customer 20188,Kurnool,VIP
20189,Customer 20189,Tirupati,VIP
20190,Customer 20190,Tirupati,Returning
20191,Customer 20191,Tirupati,Returning
20192,Customer 20192,Ongole,VIP
20193,Customer 20193,Kurnool,Returning
20194,Customer 20194,Tirupati,Returning
20195,Customer 20195,Guntur,Returning
20196,Customer 20196,Guntur,Returning
20197,Customer 20197,Guntur,New
20198,Customer 20198,Guntur,Returning
20199,Customer 20199,Tirupati,New
20200,Customer 20200,Anantapur,Returning
20201,Customer 20201,Tirupati,VIP
20202,Customer 20202,Guntur,New
20203,Customer 20203,Visakhapatnam,VIP
20204,Customer 20204,Rajahmundry,New
20205,Customer 20205,Tirupati,Returning
20206,Customer 20206,Nellore,VIP
20207,Customer 20207,Kurnool,Returning
20208,Customer 20208,Kakinada,New
20209,Customer 20209,Tirupati,VIP
20210,Customer 20210,Tirupati,VIP
20211,Customer 20211,Ongole,VIP
20212,Customer 20212,Anantapur,Returning
20213,Customer 20213,Rajahmundry,VIP
20214,Customer 20214,Guntur,Returning
20215,Customer 20215,Nellore,New
20216,Customer 20216,Ongole,Returning
20217,Customer 20217,Rajahmundry,New
20218,Customer 20218,Guntur,VIP
20219,Customer 20219,Anantapur,New
20220,Customer 20220,Ongole,VIP
20221,Customer 20221,Visakhapatnam,VIP
20222,Customer 20222,Rajahmundry,Returning
20223,Customer 20223,Anantapur,VIP
20224,Customer 20224,Visakhapatnam,Returning
20225,Customer 20225,Vijayawada,VIP
20226,Customer 20226,Anantapur,VIP
20227,Customer 20227,Anantapur,Returning
20228,Customer 20228,Rajahmundry,VIP
20229,Customer 20229,Ongole,Returning
20230,Customer 20230,Visakhapatnam,New
20231,Customer 20231,Tirupati,VIP
20232,Customer 20232,Rajahmundry,Returning
20233,Customer 20233,Visakhapatnam,VIP
20234,Customer 20234,Kurnool,Returning
20235,Customer 20235,Tirupati,New
20236,Customer 20236,Nellore,VIP
20237,Customer 20237,Rajahmundry,Returning
20238,Customer 20238,Guntur,New
20239,Customer 20239,Vijayawada,New
20240,Customer 20240,Rajahmundry,New
20241,Customer 20241,Nellore,New
20242,Customer 20242,Vijayawada,VIP
20243,Customer 20243,Ongole,New
20244,Customer 20244,Kakinada,New
20245,Customer 20245,Visakhapatnam,Returning
20246,Customer 20246,Tirupati,New
20247,Customer 20247,Kakinada,VIP
20248,Customer 20248,Ongole,New
20249,Customer 20249,Rajahmundry,Returning
20250,Customer 20250,Rajahmundry,Returning
20251,Customer 20251,Nellore,Returning
20252,Customer 20252,Nellore,Returning
20253,Customer 20253,Vijayawada,Returning
20254,Customer 20254,Tirupati,New
20255,Customer 20255,Ongole,VIP
20256,Customer 20256,Kakinada,VIP
20257,Customer 20257,Guntur,New
20258,Customer 20258,Nellore,VIP
20259,Customer 20259,Tirupati,VIP
20260,Customer 20260,Kakinada,Returning
20261,Customer 20261,Ongole,VIP
20262,Customer 20262,Guntur,New
20263,Customer 20263,Guntur,Returning
20264,Customer 20264,Nellore,New
20265,Customer 20265,Kurnool,New
20266,Customer 20266,Vijayawada,Returning
20267,Customer 20267,Tirupati,VIP
20268,Customer 20268,Vijayawada,New
20269,Customer 20269,Rajahmundry,New
20270,Customer 20270,Rajahmundry,VIP
20271,Customer 20271,Tirupati,Returning
20272,Customer 20272,Rajahmundry,Returning
20273,Customer 20273,Kakinada,Returning
20274,Customer 20274,Nellore,New
20275,Customer 20275,Vijayawada,New
20276,Customer 20276,Anantapur,New
20277,Customer 20277,Rajahmundry,Returning
20278,Customer 20278,Visakhapatnam,Returning
20279,Customer 20279,Tirupati,VIP
20280,Customer 20280,Rajahmundry,VIP
20281,Customer 20281,Vijayawada,New
20282,Customer 20282,Guntur,VIP
20283,Customer 20283,Guntur,VIP
20284,Customer 20284,Visakhapatnam,Returning
20285,Customer 20285,Vijayawada,VIP
20286,Customer 20286,Ongole,VIP
20287,Customer 20287,Tirupati,Returning
20288,Customer 20288,Guntur,New
20289,Customer 20289,Anantapur,Returning
20290,Customer 20290,Rajahmundry,Returning
20291,Customer 20291,Guntur,Returning
20292,Customer 20292,Tirupati,New
20293,Customer 20293,Guntur,VIP
20294,Customer 20294,Kakinada,VIP
20295,Customer 20295,Ongole,New
20296,Customer 20296,Kakinada,Returning
20297,Customer 20297,Ongole,New
20298,Customer 20298,Anantapur,VIP
20299,Customer 20299,Visakhapatnam,VIP
20300,Customer 20300,Ongole,VIP
20301,Customer 20301,Kurnool,New
20302,Customer 20302,Visakhapatnam,Returning
20303,Customer 20303,Anantapur,Returning
20304,Customer 20304,Ongole,Returning
20305,Customer 20305,Rajahmundry,VIP
20306,Customer 20306,Anantapur,Returning
20307,Customer 20307,Visakhapatnam,Returning
20308,Customer 20308,Nellore,VIP
20309,Customer 20309,Anantapur,Returning
20310,Customer 20310,Kakinada,VIP
20311,Customer 20311,Guntur,VIP
20312,Customer 20312,Vijayawada,VIP
20313,Customer 20313,Nellore,VIP
20314,Customer 20314,Vijayawada,VIP
20315,Customer 20315,Ongole,VIP
20316,Customer 20316,Anantapur,VIP
20317,Customer 20317,Nellore,VIP
20318,Customer 20318,Visakhapatnam,Returning
20319,Customer 20319,Nellore,Returning
20320,Customer 20320,Nellore,New
20321,Customer 20321,Kakinada,New
20322,Customer 20322,Tirupati,VIP
20323,Customer 20323,Kurnool,New
20324,Customer 20324,Kakinada,VIP
20325,Customer 20325,Vijayawada,Returning
20326,Customer 20326,Tirupati,VIP
20327,Customer 20327,Kakinada,New
20328,Customer 20328,Ongole,VIP
20329,Customer 20329,Vijayawada,New
20330,Customer 20330,Ongole,Returning
20331,Customer 20331,Tirupati,New
20332,Customer 20332,Anantapur,Returning
20333,Customer 20333,Guntur,Returning
20334,Customer 20334,Visakhapatnam,New
20335,Customer 20335,Tirupati,VIP
20336,Customer 20336,Kakinada,Returning
20337,Customer 20337,Nellore,VIP
20338,Customer 20338,Ongole,New
20339,Customer 20339,Kakinada,Returning
20340,Customer 20340,Nellore,New
20341,Customer 20341,Guntur,New
20342,Customer 20342,Visakhapatnam,Returning
20343,Customer 20343,Kurnool,VIP
20344,Customer 20344,Tirupati,Returning
20345,Customer 20345,Vijayawada,New
20346,Customer 20346,Kakinada,Returning
20347,Customer 20347,Anantapur,VIP
20348,Customer 20348,Rajahmundry,Returning
20349,Customer 20349,Vijayawada,VIP
20350,Customer 20350,Ongole,Returning
20351,Customer 20351,Visakhapatnam,New
20352,Customer 20352,Ongole,New
20353,Customer 20353,Kurnool,Returning
20354,Customer 20354,Visakhapatnam,New
20355,Customer 20355,Kurnool,VIP
20356,Customer 20356,Ongole,Returning
20357,Customer 20357,Guntur,Returning
20358,Customer 20358,Nellore,New
20359,Customer 20359,Kurnool,VIP
20360,Customer 20360,Kakinada,Returning
20361,Customer 20361,Ongole,New
20362,Customer 20362,Ongole,New
20363,Customer 20363,Kurnool,VIP
20364,Customer 20364,Ongole,New
20365,Customer 20365,Visakhapatnam,VIP
20366,Customer 20366,Kakinada,New
20367,Customer 20367,Anantapur,Returning
20368,Customer 20368,Tirupati,Returning
20369,Customer 20369,Kakinada,VIP
20370,Customer 20370,Rajahmundry,Returning
20371,Customer 20371,Tirupati,VIP
20372,Customer 20372,Vijayawada,VIP
20373,Customer 20373,Visakhapatnam,Returning
20374,Customer 20374,Visakhapatnam,New
20375,Customer 20375,Anantapur,New
20376,Customer 20376,Visakhapatnam,VIP
20377,Customer 20377,Ongole,New
20378,Customer 20378,Tirupati,Returning
20379,Customer 20379,Tirupati,VIP
20380,Customer 20380,Visakhapatnam,VIP
20381,Customer 20381,Nellore,Returning
20382,Customer 20382,Visakhapatnam,Returning
20383,Customer 20383,Rajahmundry,Returning
20384,Customer 20384,Ongole,New
20385,Customer 20385,Guntur,VIP
20386,Customer 20386,Rajahmundry,New
20387,Customer 20387,Anantapur,VIP
20388,Customer 20388,Tirupati,Returning
20389,Customer 20389,Anantapur,Returning
20390,Customer 20390,Tirupati,Returning
20391,Customer 20391,Ongole,VIP
20392,Customer 20392,Ongole,New
20393,Customer 20393,Guntur,VIP
20394,Customer 20394,Rajahmundry,VIP
20395,Customer 20395,Visakhapatnam,VIP
20396,Customer 20396,Anantapur,VIP
20397,Customer 20397,Kakinada,VIP
20398,Customer 20398,Rajahmundry,New
20399,Customer 20399,Anantapur,New
20400,Customer 20400,Anantapur,VIP
20401,Customer 20401,Nellore,Returning
20402,Customer 20402,Guntur,Returning
20403,Customer 20403,Visakhapatnam,Returning
20404,Customer 20404,Guntur,New
20405,Customer 20405,Nellore,New
20406,Customer 20406,Tirupati,VIP
20407,Customer 20407,Vijayawada,Returning
20408,Customer 20408,Ongole,New
20409,Customer 20409,Rajahmundry,New
20410,Customer 20410,Kurnool,New
20411,Customer 20411,Kakinada,New
20412,Customer 20412,Kakinada,Returning
20413,Customer 20413,Ongole,VIP
20414,Customer 20414,Kurnool,New
20415,Customer 20415,Nellore,Returning
20416,Customer 20416,Kakinada,New
20417,Customer 20417,Guntur,Returning
20418,Customer 20418,Ongole,VIP
20419,Customer 20419,Guntur,VIP
20420,Customer 20420,Guntur,VIP
20421,Customer 20421,Anantapur,VIP
20422,Customer 20422,Visakhapatnam,New
20423,Customer 20423,Vijayawada,New
20424,Customer 20424,Kurnool,VIP
20425,Customer 20425,Vijayawada,Returning
20426,Customer 20426,Vijayawada,New
20427,Customer 20427,Anantapur,New
20428,Customer 20428,Vijayawada,New
20429,Customer 20429,Kurnool,New
20430,Customer 20430,Tirupati,VIP
20431,Customer 20431,Nellore,Returning
20432,Customer 20432,Vijayawada,Returning
20433,Customer 20433,Rajahmundry,VIP
20434,Customer 20434,Nellore,New
20435,Customer 20435,Tirupati,VIP
20436,Customer 20436,Anantapur,VIP
20437,Customer 20437,Kurnool,New
20438,Customer 20438,Kurnool,New
20439,Customer 20439,Kakinada,New
20440,Customer 20440,Visakhapatnam,New
20441,Customer 20441,Kakinada,New
20442,Customer 20442,Anantapur,New
20443,Customer 20443,Nellore,New
20444,Customer 20444,Anantapur,Returning
20445,Customer 20445,Nellore,New
20446,Customer 20446,Nellore,Returning
20447,Customer 20447,Kurnool,Returning
20448,Customer 20448,Visakhapatnam,New
20449,Customer 20449,Kakinada,Returning
20450,Customer 20450,Kurnool,Returning
20451,Customer 20451,Kakinada,VIP
20452,Customer 20452,Kakinada,VIP
20453,Customer 20453,Kakinada,New
20454,Customer 20454,Anantapur,New
20455,Customer 20455,Anantapur,Returning
20456,Customer 20456,Kurnool,New
20457,Customer 20457,Ongole,Returning
20458,Customer 20458,Kakinada,Returning
20459,Customer 20459,Guntur,Returning
20460,Customer 20460,Guntur,VIP
20461,Customer 20461,Ongole,VIP
20462,Customer 20462,Kurnool,Returning
20463,Customer 20463,Vijayawada,VIP
20464,Customer 20464,Vijayawada,VIP
20465,Customer 20465,Kakinada,VIP
20466,Customer 20466,Ongole,Returning
20467,Customer 20467,Guntur,Returning
20468,Customer 20468,Kurnool,New
20469,Customer 20469,Nellore,VIP
20470,Customer 20470,Visakhapatnam,Returning
20471,Customer 20471,Kurnool,Returning
20472,Customer 20472,Kakinada,VIP
20473,Customer 20473,Tirupati,VIP
20474,Customer 20474,Kurnool,Returning
20475,Customer 20475,Vijayawada,New
20476,Customer 20476,Visakhapatnam,New
20477,Customer 20477,Kakinada,Returning
20478,Customer 20478,Anantapur,New
20479,Customer 20479,Anantapur,New
20480,Customer 20480,Vijayawada,VIP
20481,Customer 20481,Anantapur,New
20482,Customer 20482,Nellore,Returning
20483,Customer 20483,Visakhapatnam,New
20484,Customer 20484,Anantapur,New
20485,Customer 20485,Visakhapatnam,New
20486,Customer 20486,Kakinada,New
20487,Customer 20487,Kakinada,New
20488,Customer 20488,Vijayawada,VIP
20489,Customer 20489,Visakhapatnam,VIP
20490,Customer 20490,Anantapur,Returning
20491,Customer 20491,Anantapur,New
20492,Customer 20492,Kurnool,VIP
20493,Customer 20493,Tirupati,New
20494,Customer 20494,Guntur,Returning
20495,Customer 20495,Guntur,Returning
20496,Customer 20496,Tirupati,Returning
20497,Customer 20497,Nellore,New
20498,Customer 20498,Kurnool,Returning
20499,Customer 20499,Kakinada,VIP
20500,Customer 20500,Visakhapatnam,Returning
20501,Customer 20501,Nellore,VIP
20502,Customer 20502,Guntur,New
20503,Customer 20503,Kakinada,VIP
20504,Customer 20504,Guntur,New
20505,Customer 20505,Visakhapatnam,Returning
20506,Customer 20506,Vijayawada,New
20507,Customer 20507,Rajahmundry,VIP
20508,Customer 20508,Guntur,New
20509,Customer 20509,Visakhapatnam,Returning
20510,Customer 20510,Visakhapatnam,Returning
20511,Customer 20511,Kurnool,Returning
20512,Customer 20512,Anantapur,New
20513,Customer 20513,Rajahmundry,New
20514,Customer 20514,Vijayawada,Returning
20515,Customer 20515,Vijayawada,Returning
20516,Customer 20516,Guntur,Returning
20517,Customer 20517,Anantapur,VIP
20518,Customer 20518,Anantapur,New
20519,Customer 20519,Visakhapatnam,Returning
20520,Customer 20520,Anantapur,VIP
20521,Customer 20521,Nellore,Returning
20522,Customer 20522,Tirupati,New
20523,Customer 20523,Nellore,VIP
20524,Customer 20524,Vijayawada,VIP
20525,Customer 20525,Kurnool,Returning
20526,Customer 20526,Kurnool,Returning
20527,Customer 20527,Kurnool,VIP
20528,Customer 20528,Kakinada,VIP
20529,Customer 20529,Tirupati,New
20530,Customer 20530,Kurnool,VIP
20531,Customer 20531,Tirupati,New
20532,Customer 20532,Vijayawada,VIP
20533,Customer 20533,Kakinada,VIP
20534,Customer 20534,Visakhapatnam,New
20535,Customer 20535,Anantapur,New
20536,Customer 20536,Guntur,New
20537,Customer 20537,Kakinada,Returning
20538,Customer 20538,Tirupati,Returning
20539,Customer 20539,Kakinada,New
20540,Customer 20540,Guntur,Returning
20541,Customer 20541,Kurnool,Returning
20542,Customer 20542,Nellore,New
20543,Customer 20543,Anantapur,VIP
20544,Customer 20544,Anantapur,VIP
20545,Customer 20545,Anantapur,VIP
20546,Customer 20546,Tirupati,Returning
20547,Customer 20547,Anantapur,VIP
20548,Customer 20548,Anantapur,New
20549,Customer 20549,Anantapur,New
20550,Customer 20550,Guntur,VIP
20551,Customer 20551,Nellore,VIP
20552,Customer 20552,Tirupati,New
20553,Customer 20553,Anantapur,New
20554,Customer 20554,Anantapur,New
20555,Customer 20555,Tirupati,Returning
20556,Customer 20556,Rajahmundry,New
20557,Customer 20557,Guntur,VIP
20558,Customer 20558,Ongole,Returning
20559,Customer 20559,Kurnool,Returning
20560,Customer 20560,Rajahmundry,New
20561,Customer 20561,Guntur,VIP
20562,Customer 20562,Visakhapatnam,New
20563,Customer 20563,Tirupati,New
20564,Customer 20564,Kakinada,VIP
20565,Customer 20565,Guntur,VIP
20566,Customer 20566,Anantapur,VIP
20567,Customer 20567,Ongole,Returning
20568,Customer 20568,Tirupati,VIP
20569,Customer 20569,Anantapur,New
20570,Customer 20570,Vijayawada,VIP
20571,Customer 20571,Vijayawada,New
20572,Customer 20572,Tirupati,VIP
20573,Customer 20573,Anantapur,New
20574,Customer 20574,Guntur,Returning
20575,Customer 20575,Vijayawada,VIP
20576,Customer 20576,Nellore,Returning
20577,Customer 20577,Visakhapatnam,New
20578,Customer 20578,Ongole,VIP
20579,Customer 20579,Visakhapatnam,New
20580,Customer 20580,Rajahmundry,New
20581,Customer 20581,Visakhapatnam,VIP
20582,Customer 20582,Nellore,New
20583,Customer 20583,Vijayawada,Returning
20584,Customer 20584,Vijayawada,Returning
20585,Customer 20585,Rajahmundry,New
20586,Customer 20586,Nellore,VIP
20587,Customer 20587,Nellore,VIP
20588,Customer 20588,Guntur,Returning
20589,Customer 20589,Kurnool,New
20590,Customer 20590,Visakhapatnam,New
20591,Customer 20591,Nellore,New
20592,Customer 20592,Kurnool,VIP
20593,Customer 20593,Anantapur,Returning
20594,Customer 20594,Kakinada,Returning
20595,Customer 20595,Ongole,VIP
20596,Customer 20596,Ongole,Returning
20597,Customer 20597,Kakinada,VIP
20598,Customer 20598,Kurnool,New
20599,Customer 20599,Visakhapatnam,VIP
20600,Customer 20600,Tirupati,Returning
20601,Customer 20601,Guntur,VIP
20602,Customer 20602,Visakhapatnam,New
20603,Customer 20603,Rajahmundry,New
20604,Customer 20604,Tirupati,Returning
20605,Customer 20605,Nellore,VIP
20606,Customer 20606,Visakhapatnam,Returning
20607,Customer 20607,Nellore,New
20608,Customer 20608,Anantapur,New
20609,Customer 20609,Visakhapatnam,Returning
20610,Customer 20610,Guntur,Returning
20611,Customer 20611,Ongole,VIP
20612,Customer 20612,Kakinada,VIP
20613,Customer 20613,Guntur,New
20614,Customer 20614,Ongole,Returning
20615,Customer 20615,Kurnool,New
20616,Customer 20616,Kakinada,Returning
20617,Customer 20617,Rajahmundry,New
20618,Customer 20618,Rajahmundry,Returning
20619,Customer 20619,Anantapur,New
20620,Customer 20620,Rajahmundry,Returning
20621,Customer 20621,Anantapur,VIP
20622,Customer 20622,Guntur,VIP
20623,Customer 20623,Kurnool,Returning
20624,Customer 20624,Visakhapatnam,Returning
20625,Customer 20625,Guntur,VIP
20626,Customer 20626,Nellore,New
20627,Customer 20627,Nellore,Returning
20628,Customer 20628,Kurnool,VIP
20629,Customer 20629,Rajahmundry,New
20630,Customer 20630,Ongole,New
20631,Customer 20631,Anantapur,VIP
20632,Customer 20632,Guntur,VIP
20633,Customer 20633,Guntur,VIP
20634,Customer 20634,Kurnool,New
20635,Customer 20635,Guntur,VIP
20636,Customer 20636,Ongole,VIP
20637,Customer 20637,Ongole,Returning
20638,Customer 20638,Rajahmundry,Returning
20639,Customer 20639,Kurnool,VIP
20640,Customer 20640,Guntur,New
20641,Customer 20641,Vijayawada,VIP
20642,Customer 20642,Kurnool,VIP
20643,Customer 20643,Anantapur,Returning
20644,Customer 20644,Kurnool,Returning
20645,Customer 20645,Vijayawada,VIP
20646,Customer 20646,Tirupati,VIP
20647,Customer 20647,Visakhapatnam,VIP
20648,Customer 20648,Tirupati,New
20649,Customer 20649,Ongole,New
20650,Customer 20650,Anantapur,Returning
20651,Customer 20651,Visakhapatnam,VIP
20652,Customer 20652,Kurnool,New
20653,Customer 20653,Visakhapatnam,Returning
20654,Customer 20654,Vijayawada,Returning
20655,Customer 20655,Tirupati,VIP
20656,Customer 20656,Rajahmundry,VIP
20657,Customer 20657,Vijayawada,Returning
20658,Customer 20658,Kurnool,New
20659,Customer 20659,Nellore,Returning
20660,Customer 20660,Ongole,New
20661,Customer 20661,Vijayawada,VIP
20662,Customer 20662,Ongole,VIP
20663,Customer 20663,Kakinada,VIP
20664,Customer 20664,Kurnool,VIP
20665,Customer 20665,Kurnool,New
20666,Customer 20666,Nellore,New
20667,Customer 20667,Kurnool,VIP
20668,Customer 20668,Rajahmundry,VIP
20669,Customer 20669,Rajahmundry,VIP
20670,Customer 20670,Vijayawada,Returning
20671,Customer 20671,Vijayawada,VIP
20672,Customer 20672,Visakhapatnam,Returning
20673,Customer 20673,Kakinada,Returning
20674,Customer 20674,Guntur,VIP
20675,Customer 20675,Anantapur,VIP
20676,Customer 20676,Nellore,VIP
20677,Customer 20677,Guntur,New
20678,Customer 20678,Nellore,VIP
20679,Customer 20679,Anantapur,New
20680,Customer 20680,Kurnool,Returning
20681,Customer 20681,Vijayawada,New
20682,Customer 20682,Nellore,Returning
20683,Customer 20683,Vijayawada,VIP
20684,Customer 20684,Visakhapatnam,VIP
20685,Customer 20685,Vijayawada,New
20686,Customer 20686,Tirupati,VIP
20687,Customer 20687,Rajahmundry,VIP
20688,Customer 20688,Guntur,Returning
20689,Customer 20689,Tirupati,New
20690,Customer 20690,Visakhapatnam,Returning
20691,Customer 20691,Vijayawada,New
20692,Customer 20692,Rajahmundry,VIP
20693,Customer 20693,Rajahmundry,Returning
20694,Customer 20694,Ongole,VIP
20695,Customer 20695,Vijayawada,VIP
20696,Customer 20696,Rajahmundry,New
20697,Customer 20697,Anantapur,Returning
20698,Customer 20698,Rajahmundry,VIP
20699,Customer 20699,Rajahmundry,New
20700,Customer 20700,Guntur,VIP
20701,Customer 20701,Anantapur,New
20702,Customer 20702,Anantapur,VIP
20703,Customer 20703,Vijayawada,New
20704,Customer 20704,Nellore,Returning
20705,Customer 20705,Kurnool,Returning
20706,Customer 20706,Kakinada,Returning
20707,Customer 20707,Kakinada,VIP
20708,Customer 20708,Ongole,VIP
20709,Customer 20709,Visakhapatnam,New
20710,Customer 20710,Guntur,VIP
20711,Customer 20711,Vijayawada,Returning
20712,Customer 20712,Ongole,New
20713,Customer 20713,Nellore,VIP
20714,Customer 20714,Vijayawada,VIP
20715,Customer 20715,Visakhapatnam,New
20716,Customer 20716,Tirupati,New
20717,Customer 20717,Rajahmundry,VIP
20718,Customer 20718,Rajahmundry,Returning
20719,Customer 20719,Nellore,New
20720,Customer 20720,Ongole,VIP
20721,Customer 20721,Guntur,New
20722,Customer 20722,Anantapur,New
20723,Customer 20723,Kakinada,VIP
20724,Customer 20724,Visakhapatnam,Returning
20725,Customer 20725,Ongole,Returning
20726,Customer 20726,Vijayawada,New
20727,Customer 20727,Guntur,New
20728,Customer 20728,Ongole,VIP
20729,Customer 20729,Vijayawada,VIP
20730,Customer 20730,Vijayawada,VIP
20731,Customer 20731,Kurnool,Returning
20732,Customer 20732,Kurnool,VIP
20733,Customer 20733,Nellore,Returning
20734,Customer 20734,Tirupati,New
20735,Customer 20735,Guntur,Returning
20736,Customer 20736,Ongole,Returning
20737,Customer 20737,Rajahmundry,New
20738,Customer 20738,Rajahmundry,New
20739,Customer 20739,Rajahmundry,Returning
20740,Customer 20740,Guntur,Returning
20741,Customer 20741,Rajahmundry,VIP
20742,Customer 20742,Rajahmundry,VIP
20743,Customer 20743,Visakhapatnam,Returning
20744,Customer 20744,Guntur,VIP
20745,Customer 20745,Rajahmundry,New
20746,Customer 20746,Ongole,VIP
20747,Customer 20747,Kakinada,New
20748,Customer 20748,Kurnool,Returning
20749,Customer 20749,Guntur,New
20750,Customer 20750,Guntur,Returning
20751,Customer 20751,Guntur,New
20752,Customer 20752,Guntur,Returning
20753,Customer 20753,Anantapur,Returning
20754,Customer 20754,Visakhapatnam,New
20755,Customer 20755,Kurnool,Returning
20756,Customer 20756,Kakinada,Returning
20757,Customer 20757,Kurnool,VIP
20758,Customer 20758,Rajahmundry,Returning
20759,Customer 20759,Anantapur,Returning
20760,Customer 20760,Vijayawada,Returning
20761,Customer 20761,Nellore,Returning
20762,Customer 20762,Kakinada,Returning
20763,Customer 20763,Kakinada,Returning
20764,Customer 20764,Nellore,New
20765,Customer 20765,Rajahmundry,New
20766,Customer 20766,Guntur,VIP
20767,Customer 20767,Vijayawada,Returning
20768,Customer 20768,Vijayawada,New
20769,Customer 20769,Guntur,Returning
20770,Customer 20770,Nellore,New
20771,Customer 20771,Guntur,New
20772,Customer 20772,Nellore,Returning
20773,Customer 20773,Tirupati,New
20774,Customer 20774,Nellore,VIP
20775,Customer 20775,Kakinada,Returning
20776,Customer 20776,Nellore,Returning
20777,Customer 20777,Nellore,VIP
20778,Customer 20778,Kakinada,New
20779,Customer 20779,Rajahmundry,New
20780,Customer 20780,Kurnool,VIP
20781,Customer 20781,Visakhapatnam,New
20782,Customer 20782,Vijayawada,Returning
20783,Customer 20783,Vijayawada,Returning
20784,Customer 20784,Rajahmundry,VIP
20785,Customer 20785,Rajahmundry,VIP
20786,Customer 20786,Kakinada,VIP
20787,Customer 20787,Visakhapatnam,New
20788,Customer 20788,Guntur,VIP
20789,Customer 20789,Visakhapatnam,VIP
20790,Customer 20790,Anantapur,New
20791,Customer 20791,Ongole,New
20792,Customer 20792,Tirupati,New
20793,Customer 20793,Kurnool,Returning
20794,Customer 20794,Tirupati,New
20795,Customer 20795,Vijayawada,VIP
20796,Customer 20796,Kurnool,New
20797,Customer 20797,Visakhapatnam,VIP
20798,Customer 20798,Rajahmundry,Returning
20799,Customer 20799,Vijayawada,VIP
20800,Customer 20800,Nellore,Returning
20801,Customer 20801,Guntur,Returning
20802,Customer 20802,Guntur,New
20803,Customer 20803,Ongole,Returning
20804,Customer 20804,Kurnool,New
20805,Customer 20805,Kurnool,Returning
20806,Customer 20806,Nellore,Returning
20807,Customer 20807,Rajahmundry,Returning
20808,Customer 20808,Ongole,Returning
20809,Customer 20809,Kakinada,Returning
20810,Customer 20810,Tirupati,Returning
20811,Customer 20811,Tirupati,Returning
20812,Customer 20812,Visakhapatnam,VIP
20813,Customer 20813,Guntur,VIP
20814,Customer 20814,Rajahmundry,Returning
20815,Customer 20815,Guntur,Returning
20816,Customer 20816,Tirupati,Returning
20817,Customer 20817,Kakinada,Returning
20818,Customer 20818,Nellore,New
20819,Customer 20819,Nellore,New
20820,Customer 20820,Visakhapatnam,VIP
20821,Customer 20821,Guntur,VIP
20822,Customer 20822,Ongole,Returning
20823,Customer 20823,Visakhapatnam,VIP
20824,Customer 20824,Nellore,VIP
20825,Customer 20825,Nellore,New
20826,Customer 20826,Kurnool,VIP
20827,Customer 20827,Vijayawada,Returning
20828,Customer 20828,Kakinada,Returning
20829,Customer 20829,Nellore,VIP
20830,Customer 20830,Anantapur,Returning
20831,Customer 20831,Anantapur,VIP
20832,Customer 20832,Guntur,New
20833,Customer 20833,Vijayawada,New
20834,Customer 20834,Guntur,New
20835,Customer 20835,Anantapur,VIP
20836,Customer 20836,Kakinada,Returning
20837,Customer 20837,Kurnool,Returning
20838,Customer 20838,Visakhapatnam,New
20839,Customer 20839,Kakinada,VIP
20840,Customer 20840,Nellore,Returning
20841,Customer 20841,Kakinada,Returning
20842,Customer 20842,Anantapur,Returning
20843,Customer 20843,Guntur,New
20844,Customer 20844,Tirupati,Returning
20845,Customer 20845,Visakhapatnam,Returning
20846,Customer 20846,Vijayawada,New
20847,Customer 20847,Kurnool,Returning
20848,Customer 20848,Anantapur,VIP
20849,Customer 20849,Nellore,VIP
20850,Customer 20850,Anantapur,VIP
20851,Customer 20851,Ongole,Returning
20852,Customer 20852,Vijayawada,Returning
20853,Customer 20853,Nellore,VIP
20854,Customer 20854,Tirupati,VIP
20855,Customer 20855,Anantapur,Returning
20856,Customer 20856,Kurnool,VIP
20857,Customer 20857,Kakinada,Returning
20858,Customer 20858,Guntur,Returning
20859,Customer 20859,Tirupati,Returning
20860,Customer 20860,Tirupati,New
20861,Customer 20861,Kakinada,VIP
20862,Customer 20862,Vijayawada,New
20863,Customer 20863,Nellore,New
20864,Customer 20864,Kurnool,VIP
20865,Customer 20865,Vijayawada,Returning
20866,Customer 20866,Nellore,VIP
20867,Customer 20867,Kakinada,VIP
20868,Customer 20868,Nellore,VIP
20869,Customer 20869,Kurnool,VIP
20870,Customer 20870,Anantapur,Returning
20871,Customer 20871,Nellore,VIP
20872,Customer 20872,Anantapur,New
20873,Customer 20873,Visakhapatnam,New
20874,Customer 20874,Kurnool,Returning
20875,Customer 20875,Nellore,VIP
20876,Customer 20876,Rajahmundry,New
20877,Customer 20877,Rajahmundry,VIP
20878,Customer 20878,Guntur,VIP
20879,Customer 20879,Kakinada,New
20880,Customer 20880,Nellore,VIP
20881,Customer 20881,Nellore,VIP
20882,Customer 20882,Ongole,Returning
20883,Customer 20883,Nellore,Returning
20884,Customer 20884,Vijayawada,New
20885,Customer 20885,Kakinada,VIP
20886,Customer 20886,Vijayawada,Returning
20887,Customer 20887,Vijayawada,VIP
20888,Customer 20888,Ongole,New
20889,Customer 20889,Visakhapatnam,VIP
20890,Customer 20890,Vijayawada,Returning
20891,Customer 20891,Kakinada,VIP
20892,Customer 20892,Nellore,VIP
20893,Customer 20893,Tirupati,New
20894,Customer 20894,Kakinada,Returning
20895,Customer 20895,Tirupati,Returning
20896,Customer 20896,Anantapur,Returning
20897,Customer 20897,Ongole,Returning
20898,Customer 20898,Ongole,VIP
20899,Customer 20899,Tirupati,New
20900,Customer 20900,Ongole,Returning
20901,Customer 20901,Kurnool,VIP
20902,Customer 20902,Vijayawada,VIP
20903,Customer 20903,Kakinada,New
20904,Customer 20904,Visakhapatnam,New
20905,Customer 20905,Tirupati,New
20906,Customer 20906,Anantapur,VIP
20907,Customer 20907,Rajahmundry,VIP
20908,Customer 20908,Visakhapatnam,VIP
20909,Customer 20909,Vijayawada,New
20910,Customer 20910,Tirupati,VIP
20911,Customer 20911,Kurnool,Returning
20912,Customer 20912,Ongole,New
20913,Customer 20913,Anantapur,New
20914,Customer 20914,Vijayawada,VIP
20915,Customer 20915,Kakinada,VIP
20916,Customer 20916,Visakhapatnam,Returning
20917,Customer 20917,Rajahmundry,VIP
20918,Customer 20918,Visakhapatnam,VIP
20919,Customer 20919,Nellore,New
20920,Customer 20920,Visakhapatnam,Returning
20921,Customer 20921,Guntur,New
20922,Customer 20922,Kurnool,Returning
20923,Customer 20923,Tirupati,New
20924,Customer 20924,Guntur,New
20925,Customer 20925,Vijayawada,Returning
20926,Customer 20926,Guntur,New
20927,Customer 20927,Anantapur,New
20928,Customer 20928,Vijayawada,VIP
20929,Customer 20929,Vijayawada,VIP
20930,Customer 20930,Ongole,New
20931,Customer 20931,Rajahmundry,Returning
20932,Customer 20932,Nellore,Returning
20933,Customer 20933,Nellore,Returning
20934,Customer 20934,Rajahmundry,Returning
20935,Customer 20935,Vijayawada,VIP
20936,Customer 20936,Rajahmundry,Returning
20937,Customer 20937,Kakinada,New
20938,Customer 20938,Kurnool,New
20939,Customer 20939,Kurnool,Returning
20940,Customer 20940,Kakinada,New
20941,Customer 20941,Vijayawada,Returning
20942,Customer 20942,Rajahmundry,VIP
20943,Customer 20943,Rajahmundry,VIP
20944,Customer 20944,Ongole,Returning
20945,Customer 20945,Visakhapatnam,VIP
20946,Customer 20946,Anantapur,Returning
20947,Customer 20947,Kurnool,New
20948,Customer 20948,Anantapur,Returning
20949,Customer 20949,Rajahmundry,VIP
20950,Customer 20950,Tirupati,VIP
20951,Customer 20951,Vijayawada,Returning
20952,Customer 20952,Kakinada,New
20953,Customer 20953,Guntur,New
20954,Customer 20954,Visakhapatnam,VIP
20955,Customer 20955,Tirupati,VIP
20956,Customer 20956,Nellore,VIP
20957,Customer 20957,Ongole,Returning
20958,Customer 20958,Anantapur,VIP
20959,Customer 20959,Kakinada,Returning
20960,Customer 20960,Visakhapatnam,New
20961,Customer 20961,Nellore,VIP
20962,Customer 20962,Kurnool,Returning
20963,Customer 20963,Kakinada,Returning
20964,Customer 20964,Tirupati,VIP
20965,Customer 20965,Rajahmundry,VIP
20966,Customer 20966,Visakhapatnam,Returning
20967,Customer 20967,Kakinada,Returning
20968,Customer 20968,Nellore,Returning
20969,Customer 20969,Visakhapatnam,Returning
20970,Customer 20970,Anantapur,Returning
20971,Customer 20971,Kakinada,Returning
20972,Customer 20972,Kakinada,Returning
20973,Customer 20973,Visakhapatnam,New
20974,Customer 20974,Ongole,VIP
20975,Customer 20975,Kakinada,VIP
20976,Customer 20976,Nellore,VIP
20977,Customer 20977,Kakinada,VIP
20978,Customer 20978,Vijayawada,Returning
20979,Customer 20979,Vijayawada,New
20980,Customer 20980,Kakinada,New
20981,Customer 20981,Visakhapatnam,New
20982,Customer 20982,Rajahmundry,New
20983,Customer 20983,Kakinada,VIP
20984,Customer 20984,Ongole,New
20985,Customer 20985,Nellore,Returning
20986,Customer 20986,Tirupati,New
20987,Customer 20987,Kakinada,New
20988,Customer 20988,Tirupati,New
20989,Customer 20989,Rajahmundry,VIP
20990,Customer 20990,Nellore,VIP
20991,Customer 20991,Ongole,Returning
20992,Customer 20992,Guntur,Returning
20993,Customer 20993,Nellore,VIP
20994,Customer 20994,Nellore,Returning
20995,Customer 20995,Kurnool,New
20996,Customer 20996,Nellore,New
20997,Customer 20997,Visakhapatnam,VIP
20998,Customer 20998,Kurnool,VIP
20999,Customer 20999,Kakinada,VIP
21000,Customer 21000,Vijayawada,Returning
21001,Customer 21001,Kakinada,New
21002,Customer 21002,Ongole,Returning
21003,Customer 21003,Anantapur,Returning
21004,Customer 21004,Anantapur,Returning
21005,Customer 21005,Kurnool,VIP
21006,Customer 21006,Vijayawada,VIP
21007,Customer 21007,Rajahmundry,Returning
21008,Customer 21008,Nellore,Returning
21009,Customer 21009,Kurnool,VIP
21010,Customer 21010,Visakhapatnam,Returning
21011,Customer 21011,Anantapur,Returning
21012,Customer 21012,Kakinada,New
21013,Customer 21013,Ongole,VIP
21014,Customer 21014,Guntur,New
21015,Customer 21015,Anantapur,Returning
21016,Customer 21016,Nellore,VIP
21017,Customer 21017,Guntur,Returning
21018,Customer 21018,Visakhapatnam,VIP
21019,Customer 21019,Ongole,New
21020,Customer 21020,Visakhapatnam,VIP
21021,Customer 21021,Anantapur,New
21022,Customer 21022,Visakhapatnam,Returning
21023,Customer 21023,Kakinada,Returning
21024,Customer 21024,Rajahmundry,VIP
21025,Customer 21025,Anantapur,VIP
21026,Customer 21026,Kakinada,New
21027,Customer 21027,Ongole,New
21028,Customer 21028,Guntur,New
21029,Customer 21029,Tirupati,New
21030,Customer 21030,Vijayawada,VIP
21031,Customer 21031,Rajahmundry,New
21032,Customer 21032,Kurnool,VIP
21033,Customer 21033,Visakhapatnam,Returning
21034,Customer 21034,Rajahmundry,Returning
21035,Customer 21035,Ongole,Returning
21036,Customer 21036,Guntur,VIP
21037,Customer 21037,Ongole,Returning
21038,Customer 21038,Anantapur,Returning
21039,Customer 21039,Visakhapatnam,VIP
21040,Customer 21040,Nellore,Returning
21041,Customer 21041,Vijayawada,New
21042,Customer 21042,Visakhapatnam,Returning
21043,Customer 21043,Guntur,Returning
21044,Customer 21044,Guntur,Returning
21045,Customer 21045,Guntur,New
21046,Customer 21046,Vijayawada,VIP
21047,Customer 21047,Kakinada,VIP
21048,Customer 21048,Guntur,Returning
21049,Customer 21049,Kurnool,VIP
21050,Customer 21050,Anantapur,VIP
21051,Customer 21051,Kakinada,VIP
21052,Customer 21052,Rajahmundry,VIP
21053,Customer 21053,Nellore,New
21054,Customer 21054,Guntur,New
21055,Customer 21055,Anantapur,Returning
21056,Customer 21056,Ongole,Returning
21057,Customer 21057,Guntur,VIP
21058,Customer 21058,Nellore,New
21059,Customer 21059,Nellore,Returning
21060,Customer 21060,Kakinada,New
21061,Customer 21061,Kakinada,VIP
21062,Customer 21062,Guntur,New
21063,Customer 21063,Kakinada,Returning
21064,Customer 21064,Tirupati,VIP
21065,Customer 21065,Kakinada,VIP
21066,Customer 21066,Kakinada,VIP
21067,Customer 21067,Ongole,New
21068,Customer 21068,Visakhapatnam,VIP
21069,Customer 21069,Vijayawada,Returning
21070,Customer 21070,Vijayawada,New
21071,Customer 21071,Ongole,New
21072,Customer 21072,Nellore,New
21073,Customer 21073,Tirupati,Returning
21074,Customer 21074,Tirupati,New
21075,Customer 21075,Vijayawada,VIP
21076,Customer 21076,Rajahmundry,Returning
21077,Customer 21077,Guntur,New
21078,Customer 21078,Ongole,VIP
21079,Customer 21079,Anantapur,Returning
21080,Customer 21080,Ongole,Returning
21081,Customer 21081,Kurnool,New
21082,Customer 21082,Visakhapatnam,Returning
21083,Customer 21083,Anantapur,VIP
21084,Customer 21084,Kakinada,VIP
21085,Customer 21085,Nellore,New
21086,Customer 21086,Ongole,Returning
21087,Customer 21087,Rajahmundry,VIP
21088,Customer 21088,Vijayawada,New
21089,Customer 21089,Visakhapatnam,Returning
21090,Customer 21090,Anantapur,New
21091,Customer 21091,Ongole,VIP
21092,Customer 21092,Kurnool,New
21093,Customer 21093,Anantapur,New
21094,Customer 21094,Guntur,VIP
21095,Customer 21095,Guntur,Returning
21096,Customer 21096,Tirupati,VIP
21097,Customer 21097,Kakinada,VIP
21098,Customer 21098,Rajahmundry,New
21099,Customer 21099,Tirupati,VIP
21100,Customer 21100,Kakinada,VIP
21101,Customer 21101,Kakinada,VIP
21102,Customer 21102,Visakhapatnam,VIP
21103,Customer 21103,Tirupati,New
21104,Customer 21104,Rajahmundry,New
21105,Customer 21105,Vijayawada,Returning
21106,Customer 21106,Guntur,VIP
21107,Customer 21107,Ongole,New
21108,Customer 21108,Guntur,VIP
21109,Customer 21109,Anantapur,VIP
21110,Customer 21110,Ongole,New
21111,Customer 21111,Rajahmundry,VIP
21112,Customer 21112,Rajahmundry,New
21113,Customer 21113,Nellore,VIP
21114,Customer 21114,Visakhapatnam,Returning
21115,Customer 21115,Visakhapatnam,Returning
21116,Customer 21116,Nellore,Returning
21117,Customer 21117,Visakhapatnam,New
21118,Customer 21118,Kakinada,Returning
21119,Customer 21119,Ongole,New
21120,Customer 21120,Guntur,VIP
21121,Customer 21121,Ongole,VIP
21122,Customer 21122,Visakhapatnam,New
21123,Customer 21123,Kurnool,VIP
21124,Customer 21124,Ongole,New
21125,Customer 21125,Ongole,New
21126,Customer 21126,Rajahmundry,Returning
21127,Customer 21127,Visakhapatnam,New
21128,Customer 21128,Anantapur,Returning
21129,Customer 21129,Kakinada,VIP
21130,Customer 21130,Guntur,Returning
21131,Customer 21131,Guntur,VIP
21132,Customer 21132,Kakinada,VIP
21133,Customer 21133,Rajahmundry,New
21134,Customer 21134,Kakinada,VIP
21135,Customer 21135,Anantapur,New
21136,Customer 21136,Kurnool,VIP
21137,Customer 21137,Visakhapatnam,Returning
21138,Customer 21138,Visakhapatnam,New
21139,Customer 21139,Kakinada,VIP
21140,Customer 21140,Ongole,New
21141,Customer 21141,Ongole,Returning
21142,Customer 21142,Vijayawada,VIP
21143,Customer 21143,Anantapur,Returning
21144,Customer 21144,Tirupati,New
21145,Customer 21145,Guntur,Returning
21146,Customer 21146,Tirupati,New
21147,Customer 21147,Nellore,VIP
21148,Customer 21148,Nellore,Returning
21149,Customer 21149,Anantapur,Returning
21150,Customer 21150,Kakinada,VIP
21151,Customer 21151,Nellore,Returning
21152,Customer 21152,Ongole,New
21153,Customer 21153,Nellore,VIP
21154,Customer 21154,Visakhapatnam,Returning
21155,Customer 21155,Anantapur,Returning
21156,Customer 21156,Tirupati,VIP
21157,Customer 21157,Vijayawada,Returning
21158,Customer 21158,Visakhapatnam,VIP
21159,Customer 21159,Kurnool,VIP
21160,Customer 21160,Nellore,VIP
21161,Customer 21161,Nellore,New
21162,Customer 21162,Anantapur,New
21163,Customer 21163,Kurnool,New
21164,Customer 21164,Visakhapatnam,Returning
21165,Customer 21165,Vijayawada,VIP
21166,Customer 21166,Kurnool,Returning
21167,Customer 21167,Rajahmundry,New
21168,Customer 21168,Tirupati,VIP
21169,Customer 21169,Kurnool,Returning
21170,Customer 21170,Kakinada,New
21171,Customer 21171,Anantapur,VIP
21172,Customer 21172,Rajahmundry,New
21173,Customer 21173,Anantapur,Returning
21174,Customer 21174,Guntur,VIP
21175,Customer 21175,Anantapur,New
21176,Customer 21176,Ongole,Returning
21177,Customer 21177,Anantapur,New
21178,Customer 21178,Nellore,New
21179,Customer 21179,Kakinada,VIP
21180,Customer 21180,Kakinada,Returning
21181,Customer 21181,Visakhapatnam,New
21182,Customer 21182,Tirupati,VIP
21183,Customer 21183,Nellore,New
21184,Customer 21184,Ongole,VIP
21185,Customer 21185,Guntur,Returning
21186,Customer 21186,Ongole,Returning
21187,Customer 21187,Tirupati,New
21188,Customer 21188,Anantapur,New
21189,Customer 21189,Guntur,New
21190,Customer 21190,Kurnool,VIP
21191,Customer 21191,Visakhapatnam,New
21192,Customer 21192,Guntur,Returning
21193,Customer 21193,Anantapur,Returning
21194,Customer 21194,Nellore,Returning
21195,Customer 21195,Kurnool,New
21196,Customer 21196,Vijayawada,New
21197,Customer 21197,Nellore,New
21198,Customer 21198,Guntur,VIP
21199,Customer 21199,Vijayawada,VIP
21200,Customer 21200,Nellore,New
21201,Customer 21201,Visakhapatnam,VIP
21202,Customer 21202,Rajahmundry,Returning
21203,Customer 21203,Kurnool,Returning
21204,Customer 21204,Kakinada,VIP
21205,Customer 21205,Kakinada,New
21206,Customer 21206,Anantapur,New
21207,Customer 21207,Visakhapatnam,New
21208,Customer 21208,Kurnool,New
21209,Customer 21209,Kakinada,Returning
21210,Customer 21210,Ongole,VIP
21211,Customer 21211,Rajahmundry,VIP
21212,Customer 21212,Visakhapatnam,Returning
21213,Customer 21213,Anantapur,Returning
21214,Customer 21214,Tirupati,VIP
21215,Customer 21215,Visakhapatnam,Returning
21216,Customer 21216,Kurnool,New
21217,Customer 21217,Anantapur,VIP
21218,Customer 21218,Ongole,New
21219,Customer 21219,Visakhapatnam,Returning
21220,Customer 21220,Visakhapatnam,New
21221,Customer 21221,Vijayawada,New
21222,Customer 21222,Anantapur,New
21223,Customer 21223,Nellore,Returning
21224,Customer 21224,Anantapur,Returning
21225,Customer 21225,Visakhapatnam,New
21226,Customer 21226,Anantapur,New
21227,Customer 21227,Vijayawada,VIP
21228,Customer 21228,Tirupati,Returning
21229,Customer 21229,Tirupati,Returning
21230,Customer 21230,Guntur,VIP
21231,Customer 21231,Visakhapatnam,VIP
21232,Customer 21232,Anantapur,Returning
21233,Customer 21233,Rajahmundry,Returning
21234,Customer 21234,Kurnool,VIP
21235,Customer 21235,Kakinada,VIP
21236,Customer 21236,Visakhapatnam,New
21237,Customer 21237,Rajahmundry,VIP
21238,Customer 21238,Guntur,VIP
21239,Customer 21239,Kakinada,VIP
21240,Customer 21240,Guntur,VIP
21241,Customer 21241,Ongole,New
21242,Customer 21242,Tirupati,VIP
21243,Customer 21243,Kakinada,VIP
21244,Customer 21244,Nellore,VIP
21245,Customer 21245,Guntur,New
21246,Customer 21246,Kakinada,New
21247,Customer 21247,Kakinada,Returning
21248,Customer 21248,Vijayawada,Returning
21249,Customer 21249,Visakhapatnam,Returning
21250,Customer 21250,Kurnool,New
21251,Customer 21251,Anantapur,New
21252,Customer 21252,Vijayawada,Returning
21253,Customer 21253,Guntur,Returning
21254,Customer 21254,Kurnool,VIP
21255,Customer 21255,Rajahmundry,VIP
21256,Customer 21256,Nellore,VIP
21257,Customer 21257,Vijayawada,VIP
21258,Customer 21258,Vijayawada,New
21259,Customer 21259,Kurnool,New
21260,Customer 21260,Guntur,Returning
21261,Customer 21261,Kurnool,Returning
21262,Customer 21262,Kurnool,Returning
21263,Customer 21263,Ongole,New
21264,Customer 21264,Visakhapatnam,Returning
21265,Customer 21265,Anantapur,VIP
21266,Customer 21266,Ongole,Returning
21267,Customer 21267,Rajahmundry,Returning
21268,Customer 21268,Tirupati,VIP
21269,Customer 21269,Visakhapatnam,VIP
21270,Customer 21270,Tirupati,VIP
21271,Customer 21271,Rajahmundry,VIP
21272,Customer 21272,Nellore,Returning
21273,Customer 21273,Vijayawada,Returning
21274,Customer 21274,Tirupati,VIP
21275,Customer 21275,Tirupati,New
21276,Customer 21276,Guntur,Returning
21277,Customer 21277,Visakhapatnam,New
21278,Customer 21278,Tirupati,Returning
21279,Customer 21279,Visakhapatnam,VIP
21280,Customer 21280,Rajahmundry,New
21281,Customer 21281,Vijayawada,VIP
21282,Customer 21282,Guntur,New
21283,Customer 21283,Rajahmundry,New
21284,Customer 21284,Kakinada,VIP
21285,Customer 21285,Rajahmundry,Returning
21286,Customer 21286,Ongole,New
21287,Customer 21287,Kurnool,Returning
21288,Customer 21288,Vijayawada,VIP
21289,Customer 21289,Kurnool,New
21290,Customer 21290,Nellore,New
21291,Customer 21291,Ongole,VIP
21292,Customer 21292,Tirupati,New
21293,Customer 21293,Visakhapatnam,Returning
21294,Customer 21294,Guntur,Returning
21295,Customer 21295,Rajahmundry,Returning
21296,Customer 21296,Vijayawada,Returning
21297,Customer 21297,Nellore,VIP
21298,Customer 21298,Nellore,Returning
21299,Customer 21299,Vijayawada,Returning
21300,Customer 21300,Guntur,New
21301,Customer 21301,Anantapur,Returning
21302,Customer 21302,Kakinada,VIP
21303,Customer 21303,Nellore,Returning
21304,Customer 21304,Tirupati,New
21305,Customer 21305,Vijayawada,Returning
21306,Customer 21306,Kakinada,VIP
21307,Customer 21307,Nellore,VIP
21308,Customer 21308,Guntur,New
21309,Customer 21309,Nellore,VIP
21310,Customer 21310,Ongole,New
21311,Customer 21311,Kurnool,Returning
21312,Customer 21312,Visakhapatnam,Returning
21313,Customer 21313,Vijayawada,VIP
21314,Customer 21314,Tirupati,New
21315,Customer 21315,Anantapur,New
21316,Customer 21316,Rajahmundry,New
21317,Customer 21317,Anantapur,VIP
21318,Customer 21318,Guntur,New
21319,Customer 21319,Anantapur,VIP
21320,Customer 21320,Tirupati,VIP
21321,Customer 21321,Nellore,New
21322,Customer 21322,Vijayawada,New
21323,Customer 21323,Anantapur,Returning
21324,Customer 21324,Guntur,Returning
21325,Customer 21325,Ongole,New
21326,Customer 21326,Visakhapatnam,VIP
21327,Customer 21327,Kurnool,VIP
21328,Customer 21328,Kakinada,VIP
21329,Customer 21329,Visakhapatnam,New
21330,Customer 21330,Nellore,VIP
21331,Customer 21331,Nellore,New
21332,Customer 21332,Visakhapatnam,New
21333,Customer 21333,Rajahmundry,VIP
21334,Customer 21334,Nellore,VIP
21335,Customer 21335,Guntur,VIP
21336,Customer 21336,Rajahmundry,Returning
21337,Customer 21337,Visakhapatnam,Returning
21338,Customer 21338,Kakinada,New
21339,Customer 21339,Anantapur,VIP
21340,Customer 21340,Guntur,VIP
21341,Customer 21341,Nellore,VIP
21342,Customer 21342,Anantapur,New
21343,Customer 21343,Kurnool,New
21344,Customer 21344,Visakhapatnam,VIP
21345,Customer 21345,Anantapur,VIP
21346,Customer 21346,Anantapur,Returning
21347,Customer 21347,Nellore,New
21348,Customer 21348,Kurnool,Returning
21349,Customer 21349,Nellore,VIP
21350,Customer 21350,Tirupati,New
21351,Customer 21351,Tirupati,New
21352,Customer 21352,Kakinada,Returning
21353,Customer 21353,Tirupati,New
21354,Customer 21354,Kakinada,Returning
21355,Customer 21355,Rajahmundry,New
21356,Customer 21356,Kakinada,New
21357,Customer 21357,Vijayawada,New
21358,Customer 21358,Ongole,New
21359,Customer 21359,Ongole,Returning
21360,Customer 21360,Vijayawada,New
21361,Customer 21361,Vijayawada,VIP
21362,Customer 21362,Vijayawada,VIP
21363,Customer 21363,Visakhapatnam,VIP
21364,Customer 21364,Visakhapatnam,VIP
21365,Customer 21365,Nellore,VIP
21366,Customer 21366,Nellore,VIP
21367,Customer 21367,Nellore,Returning
21368,Customer 21368,Nellore,VIP
21369,Customer 21369,Nellore,New
21370,Customer 21370,Tirupati,VIP
21371,Customer 21371,Visakhapatnam,Returning
21372,Customer 21372,Guntur,New
21373,Customer 21373,Visakhapatnam,VIP
21374,Customer 21374,Guntur,VIP
21375,Customer 21375,Tirupati,Returning
21376,Customer 21376,Nellore,VIP
21377,Customer 21377,Anantapur,VIP
21378,Customer 21378,Guntur,Returning
21379,Customer 21379,Rajahmundry,VIP
21380,Customer 21380,Anantapur,Returning
21381,Customer 21381,Tirupati,New
21382,Customer 21382,Kurnool,Returning
21383,Customer 21383,Rajahmundry,New
21384,Customer 21384,Ongole,New
21385,Customer 21385,Guntur,VIP
21386,Customer 21386,Tirupati,New
21387,Customer 21387,Visakhapatnam,New
21388,Customer 21388,Tirupati,Returning
21389,Customer 21389,Tirupati,Returning
21390,Customer 21390,Nellore,New
21391,Customer 21391,Visakhapatnam,VIP
21392,Customer 21392,Anantapur,New
21393,Customer 21393,Visakhapatnam,New
21394,Customer 21394,Guntur,VIP
21395,Customer 21395,Vijayawada,VIP
21396,Customer 21396,Vijayawada,New
21397,Customer 21397,Kakinada,New
21398,Customer 21398,Tirupati,Returning
21399,Customer 21399,Vijayawada,New
21400,Customer 21400,Kakinada,New
21401,Customer 21401,Kakinada,VIP
21402,Customer 21402,Tirupati,New
21403,Customer 21403,Guntur,New
21404,Customer 21404,Vijayawada,Returning
21405,Customer 21405,Kurnool,VIP
21406,Customer 21406,Nellore,VIP
21407,Customer 21407,Tirupati,VIP
21408,Customer 21408,Guntur,VIP
21409,Customer 21409,Anantapur,Returning
21410,Customer 21410,Kakinada,VIP
21411,Customer 21411,Kakinada,New
21412,Customer 21412,Guntur,New
21413,Customer 21413,Visakhapatnam,VIP
21414,Customer 21414,Ongole,Returning
21415,Customer 21415,Vijayawada,VIP
21416,Customer 21416,Nellore,VIP
21417,Customer 21417,Ongole,New
21418,Customer 21418,Kakinada,New
21419,Customer 21419,Ongole,VIP
21420,Customer 21420,Kurnool,Returning
21421,Customer 21421,Kakinada,Returning
21422,Customer 21422,Anantapur,VIP
21423,Customer 21423,Rajahmundry,VIP
21424,Customer 21424,Ongole,Returning
21425,Customer 21425,Nellore,New
21426,Customer 21426,Guntur,VIP
21427,Customer 21427,Ongole,New
21428,Customer 21428,Tirupati,New
21429,Customer 21429,Kakinada,Returning
21430,Customer 21430,Rajahmundry,New
21431,Customer 21431,Nellore,VIP
21432,Customer 21432,Anantapur,New
21433,Customer 21433,Guntur,VIP
21434,Customer 21434,Kurnool,VIP
21435,Customer 21435,Anantapur,VIP
21436,Customer 21436,Kakinada,VIP
21437,Customer 21437,Tirupati,VIP
21438,Customer 21438,Vijayawada,VIP
21439,Customer 21439,Kakinada,Returning
21440,Customer 21440,Nellore,New
21441,Customer 21441,Rajahmundry,VIP
21442,Customer 21442,Visakhapatnam,VIP
21443,Customer 21443,Guntur,VIP
21444,Customer 21444,Tirupati,Returning
21445,Customer 21445,Kakinada,New
21446,Customer 21446,Nellore,Returning
21447,Customer 21447,Guntur,VIP
21448,Customer 21448,Rajahmundry,VIP
21449,Customer 21449,Guntur,New
21450,Customer 21450,Vijayawada,Returning
21451,Customer 21451,Kurnool,New
21452,Customer 21452,Visakhapatnam,VIP
21453,Customer 21453,Anantapur,New
21454,Customer 21454,Kakinada,New
21455,Customer 21455,Rajahmundry,Returning
21456,Customer 21456,Vijayawada,Returning
21457,Customer 21457,Rajahmundry,Returning
21458,Customer 21458,Nellore,Returning
21459,Customer 21459,Tirupati,Returning
21460,Customer 21460,Nellore,Returning
21461,Customer 21461,Guntur,New
21462,Customer 21462,Nellore,Returning
21463,Customer 21463,Visakhapatnam,VIP
21464,Customer 21464,Tirupati,Returning
21465,Customer 21465,Rajahmundry,New
21466,Customer 21466,Guntur,New
21467,Customer 21467,Tirupati,VIP
21468,Customer 21468,Rajahmundry,New
21469,Customer 21469,Kakinada,Returning
21470,Customer 21470,Guntur,VIP
21471,Customer 21471,Rajahmundry,Returning
21472,Customer 21472,Kurnool,VIP
21473,Customer 21473,Ongole,VIP
21474,Customer 21474,Guntur,VIP
21475,Customer 21475,Kurnool,VIP
21476,Customer 21476,Kakinada,New
21477,Customer 21477,Visakhapatnam,Returning
21478,Customer 21478,Rajahmundry,Returning
21479,Customer 21479,Tirupati,New
21480,Customer 21480,Tirupati,New
21481,Customer 21481,Nellore,Returning
21482,Customer 21482,Tirupati,Returning
21483,Customer 21483,Anantapur,VIP
21484,Customer 21484,Rajahmundry,VIP
21485,Customer 21485,Kurnool,Returning
21486,Customer 21486,Rajahmundry,Returning
21487,Customer 21487,Ongole,VIP
21488,Customer 21488,Nellore,VIP
21489,Customer 21489,Kakinada,VIP
21490,Customer 21490,Kurnool,New
21491,Customer 21491,Kurnool,New
21492,Customer 21492,Anantapur,Returning
21493,Customer 21493,Kakinada,Returning
21494,Customer 21494,Visakhapatnam,New
21495,Customer 21495,Ongole,Returning
21496,Customer 21496,Anantapur,New
21497,Customer 21497,Kakinada,Returning
21498,Customer 21498,Tirupati,VIP
21499,Customer 21499,Guntur,Returning
21500,Customer 21500,Vijayawada,VIP
21501,Customer 21501,Rajahmundry,New
21502,Customer 21502,Guntur,VIP
21503,Customer 21503,Guntur,VIP
21504,Customer 21504,Tirupati,Returning
21505,Customer 21505,Tirupati,VIP
21506,Customer 21506,Ongole,New
21507,Customer 21507,Rajahmundry,Returning
21508,Customer 21508,Nellore,VIP
21509,Customer 21509,Ongole,New
21510,Customer 21510,Vijayawada,New
21511,Customer 21511,Nellore,New
21512,Customer 21512,Nellore,New
21513,Customer 21513,Ongole,Returning
21514,Customer 21514,Anantapur,New
21515,Customer 21515,Rajahmundry,New
21516,Customer 21516,Vijayawada,New
21517,Customer 21517,Tirupati,New
21518,Customer 21518,Rajahmundry,VIP
21519,Customer 21519,Kakinada,New
21520,Customer 21520,Kakinada,VIP
21521,Customer 21521,Anantapur,Returning
21522,Customer 21522,Ongole,Returning
21523,Customer 21523,Visakhapatnam,New
21524,Customer 21524,Visakhapatnam,VIP
21525,Customer 21525,Anantapur,Returning
21526,Customer 21526,Kakinada,VIP
21527,Customer 21527,Anantapur,VIP
21528,Customer 21528,Visakhapatnam,New
21529,Customer 21529,Vijayawada,VIP
21530,Customer 21530,Tirupati,VIP
21531,Customer 21531,Kurnool,Returning
21532,Customer 21532,Tirupati,Returning
21533,Customer 21533,Visakhapatnam,VIP
21534,Customer 21534,Kakinada,VIP
21535,Customer 21535,Kurnool,New
21536,Customer 21536,Kakinada,New
21537,Customer 21537,Tirupati,VIP
21538,Customer 21538,Vijayawada,Returning
21539,Customer 21539,Guntur,Returning
21540,Customer 21540,Rajahmundry,Returning
21541,Customer 21541,Kakinada,Returning
21542,Customer 21542,Anantapur,New
21543,Customer 21543,Tirupati,VIP
21544,Customer 21544,Guntur,VIP
21545,Customer 21545,Visakhapatnam,New
21546,Customer 21546,Visakhapatnam,VIP
21547,Customer 21547,Vijayawada,Returning
21548,Customer 21548,Rajahmundry,New
21549,Customer 21549,Tirupati,New
21550,Customer 21550,Ongole,Returning
21551,Customer 21551,Kurnool,New
21552,Customer 21552,Vijayawada,Returning
21553,Customer 21553,Kurnool,New
21554,Customer 21554,Ongole,Returning
21555,Customer 21555,Ongole,New
21556,Customer 21556,Anantapur,VIP
21557,Customer 21557,Ongole,New
21558,Customer 21558,Ongole,New
21559,Customer 21559,Nellore,VIP
21560,Customer 21560,Kakinada,New
21561,Customer 21561,Tirupati,VIP
21562,Customer 21562,Ongole,VIP
21563,Customer 21563,Guntur,VIP
21564,Customer 21564,Vijayawada,Returning
21565,Customer 21565,Kakinada,New
21566,Customer 21566,Vijayawada,New
21567,Customer 21567,Kurnool,Returning
21568,Customer 21568,Ongole,VIP
21569,Customer 21569,Rajahmundry,New
21570,Customer 21570,Rajahmundry,Returning
21571,Customer 21571,Visakhapatnam,Returning
21572,Customer 21572,Tirupati,VIP
21573,Customer 21573,Anantapur,New
21574,Customer 21574,Visakhapatnam,New
21575,Customer 21575,Vijayawada,VIP
21576,Customer 21576,Vijayawada,VIP
21577,Customer 21577,Anantapur,New
21578,Customer 21578,Tirupati,New
21579,Customer 21579,Ongole,Returning
21580,Customer 21580,Kakinada,VIP
21581,Customer 21581,Vijayawada,New
21582,Customer 21582,Kakinada,New
21583,Customer 21583,Ongole,New
21584,Customer 21584,Kurnool,New
21585,Customer 21585,Kakinada,Returning
21586,Customer 21586,Anantapur,New
21587,Customer 21587,Nellore,Returning
21588,Customer 21588,Visakhapatnam,VIP
21589,Customer 21589,Tirupati,New
21590,Customer 21590,Vijayawada,VIP
21591,Customer 21591,Anantapur,VIP
21592,Customer 21592,Ongole,New
21593,Customer 21593,Vijayawada,New
21594,Customer 21594,Vijayawada,New
21595,Customer 21595,Guntur,Returning
21596,Customer 21596,Guntur,VIP
21597,Customer 21597,Anantapur,VIP
21598,Customer 21598,Kakinada,Returning
21599,Customer 21599,Kurnool,New
21600,Customer 21600,Visakhapatnam,New
21601,Customer 21601,Rajahmundry,VIP
21602,Customer 21602,Tirupati,New
21603,Customer 21603,Rajahmundry,Returning
21604,Customer 21604,Vijayawada,New
21605,Customer 21605,Tirupati,Returning
21606,Customer 21606,Vijayawada,VIP
21607,Customer 21607,Kakinada,VIP
21608,Customer 21608,Kurnool,New
21609,Customer 21609,Anantapur,New
21610,Customer 21610,Tirupati,New
21611,Customer 21611,Kakinada,New
21612,Customer 21612,Kakinada,VIP
21613,Customer 21613,Rajahmundry,VIP
21614,Customer 21614,Tirupati,Returning
21615,Customer 21615,Vijayawada,VIP
21616,Customer 21616,Guntur,Returning
21617,Customer 21617,Kurnool,Returning
21618,Customer 21618,Rajahmundry,Returning
21619,Customer 21619,Vijayawada,VIP
21620,Customer 21620,Vijayawada,Returning
21621,Customer 21621,Anantapur,New
21622,Customer 21622,Anantapur,Returning
21623,Customer 21623,Visakhapatnam,New
21624,Customer 21624,Guntur,VIP
21625,Customer 21625,Anantapur,New
21626,Customer 21626,Guntur,VIP
21627,Customer 21627,Nellore,VIP
21628,Customer 21628,Nellore,Returning
21629,Customer 21629,Anantapur,VIP
21630,Customer 21630,Anantapur,New
21631,Customer 21631,Vijayawada,New
21632,Customer 21632,Ongole,VIP
21633,Customer 21633,Ongole,Returning
21634,Customer 21634,Ongole,VIP
21635,Customer 21635,Visakhapatnam,New
21636,Customer 21636,Visakhapatnam,Returning
21637,Customer 21637,Guntur,Returning
21638,Customer 21638,Tirupati,Returning
21639,Customer 21639,Vijayawada,VIP
21640,Customer 21640,Kurnool,Returning
21641,Customer 21641,Anantapur,Returning
21642,Customer 21642,Anantapur,Returning
21643,Customer 21643,Tirupati,Returning
21644,Customer 21644,Rajahmundry,Returning
21645,Customer 21645,Visakhapatnam,Returning
21646,Customer 21646,Guntur,VIP
21647,Customer 21647,Kurnool,Returning
21648,Customer 21648,Anantapur,New
21649,Customer 21649,Anantapur,New
21650,Customer 21650,Kurnool,Returning
21651,Customer 21651,Ongole,VIP
21652,Customer 21652,Guntur,Returning
21653,Customer 21653,Anantapur,New
21654,Customer 21654,Nellore,VIP
21655,Customer 21655,Rajahmundry,VIP
21656,Customer 21656,Rajahmundry,Returning
21657,Customer 21657,Ongole,VIP
21658,Customer 21658,Ongole,Returning
21659,Customer 21659,Rajahmundry,New
21660,Customer 21660,Guntur,Returning
21661,Customer 21661,Visakhapatnam,VIP
21662,Customer 21662,Guntur,VIP
21663,Customer 21663,Ongole,New
21664,Customer 21664,Guntur,Returning
21665,Customer 21665,Anantapur,New
21666,Customer 21666,Nellore,VIP
21667,Customer 21667,Vijayawada,New
21668,Customer 21668,Nellore,New
21669,Customer 21669,Anantapur,New
21670,Customer 21670,Kakinada,VIP
21671,Customer 21671,Nellore,Returning
21672,Customer 21672,Kurnool,VIP
21673,Customer 21673,Tirupati,Returning
21674,Customer 21674,Tirupati,New
21675,Customer 21675,Visakhapatnam,New
21676,Customer 21676,Rajahmundry,VIP
21677,Customer 21677,Tirupati,VIP
21678,Customer 21678,Nellore,New
21679,Customer 21679,Ongole,New
21680,Customer 21680,Nellore,Returning
21681,Customer 21681,Kurnool,VIP
21682,Customer 21682,Anantapur,VIP
21683,Customer 21683,Kakinada,VIP
21684,Customer 21684,Kakinada,VIP
21685,Customer 21685,Visakhapatnam,Returning
21686,Customer 21686,Guntur,New
21687,Customer 21687,Vijayawada,VIP
21688,Customer 21688,Visakhapatnam,Returning
21689,Customer 21689,Ongole,VIP
21690,Customer 21690,Guntur,VIP
21691,Customer 21691,Rajahmundry,New
21692,Customer 21692,Ongole,Returning
21693,Customer 21693,Tirupati,VIP
21694,Customer 21694,Visakhapatnam,VIP
21695,Customer 21695,Guntur,New
21696,Customer 21696,Ongole,Returning
21697,Customer 21697,Kakinada,Returning
21698,Customer 21698,Kakinada,New
21699,Customer 21699,Ongole,Returning
21700,Customer 21700,Nellore,VIP
21701,Customer 21701,Tirupati,Returning
21702,Customer 21702,Rajahmundry,VIP
21703,Customer 21703,Nellore,VIP
21704,Customer 21704,Vijayawada,VIP
21705,Customer 21705,Tirupati,New
21706,Customer 21706,Anantapur,Returning
21707,Customer 21707,Anantapur,Returning
21708,Customer 21708,Ongole,New
21709,Customer 21709,Kurnool,VIP
21710,Customer 21710,Nellore,Returning
21711,Customer 21711,Tirupati,Returning
21712,Customer 21712,Nellore,Returning
21713,Customer 21713,Kakinada,New
21714,Customer 21714,Nellore,Returning
21715,Customer 21715,Kakinada,VIP
21716,Customer 21716,Guntur,Returning
21717,Customer 21717,Tirupati,VIP
21718,Customer 21718,Rajahmundry,Returning
21719,Customer 21719,Kakinada,Returning
21720,Customer 21720,Vijayawada,VIP
21721,Customer 21721,Guntur,New
21722,Customer 21722,Anantapur,New
21723,Customer 21723,Ongole,New
21724,Customer 21724,Nellore,VIP
21725,Customer 21725,Ongole,Returning
21726,Customer 21726,Anantapur,VIP
21727,Customer 21727,Ongole,New
21728,Customer 21728,Nellore,VIP
21729,Customer 21729,Visakhapatnam,VIP
21730,Customer 21730,Guntur,VIP
21731,Customer 21731,Nellore,New
21732,Customer 21732,Visakhapatnam,New
21733,Customer 21733,Visakhapatnam,Returning
21734,Customer 21734,Vijayawada,New
21735,Customer 21735,Vijayawada,VIP
21736,Customer 21736,Vijayawada,VIP
21737,Customer 21737,Vijayawada,Returning
21738,Customer 21738,Visakhapatnam,New
21739,Customer 21739,Kakinada,New
21740,Customer 21740,Ongole,Returning
21741,Customer 21741,Vijayawada,Returning
21742,Customer 21742,Guntur,Returning
21743,Customer 21743,Visakhapatnam,Returning
21744,Customer 21744,Visakhapatnam,Returning
21745,Customer 21745,Rajahmundry,New
21746,Customer 21746,Kakinada,New
21747,Customer 21747,Kurnool,New
21748,Customer 21748,Rajahmundry,VIP
21749,Customer 21749,Kakinada,Returning
21750,Customer 21750,Ongole,VIP
21751,Customer 21751,Visakhapatnam,Returning
21752,Customer 21752,Anantapur,New
21753,Customer 21753,Vijayawada,VIP
21754,Customer 21754,Anantapur,Returning
21755,Customer 21755,Nellore,New
21756,Customer 21756,Anantapur,Returning
21757,Customer 21757,Tirupati,VIP
21758,Customer 21758,Ongole,VIP
21759,Customer 21759,Rajahmundry,Returning
21760,Customer 21760,Ongole,New
21761,Customer 21761,Nellore,VIP
21762,Customer 21762,Rajahmundry,VIP
21763,Customer 21763,Vijayawada,Returning
21764,Customer 21764,Visakhapatnam,VIP
21765,Customer 21765,Vijayawada,Returning
21766,Customer 21766,Visakhapatnam,New
21767,Customer 21767,Nellore,New
21768,Customer 21768,Tirupati,VIP
21769,Customer 21769,Visakhapatnam,New
21770,Customer 21770,Vijayawada,VIP
21771,Customer 21771,Tirupati,New
21772,Customer 21772,Kakinada,New
21773,Customer 21773,Visakhapatnam,VIP
21774,Customer 21774,Anantapur,Returning
21775,Customer 21775,Vijayawada,VIP
21776,Customer 21776,Anantapur,VIP
21777,Customer 21777,Kakinada,New
21778,Customer 21778,Kakinada,Returning
21779,Customer 21779,Nellore,VIP
21780,Customer 21780,Ongole,VIP
21781,Customer 21781,Visakhapatnam,New
21782,Customer 21782,Rajahmundry,Returning
21783,Customer 21783,Kakinada,VIP
21784,Customer 21784,Rajahmundry,Returning
21785,Customer 21785,Ongole,Returning
21786,Customer 21786,Ongole,New
21787,Customer 21787,Guntur,New
21788,Customer 21788,Tirupati,New
21789,Customer 21789,Guntur,New
21790,Customer 21790,Guntur,VIP
21791,Customer 21791,Ongole,VIP
21792,Customer 21792,Anantapur,Returning
21793,Customer 21793,Anantapur,VIP
21794,Customer 21794,Rajahmundry,VIP
21795,Customer 21795,Tirupati,Returning
21796,Customer 21796,Kurnool,Returning
21797,Customer 21797,Tirupati,VIP
21798,Customer 21798,Nellore,VIP
21799,Customer 21799,Kakinada,New
21800,Customer 21800,Tirupati,Returning
21801,Customer 21801,Vijayawada,New
21802,Customer 21802,Rajahmundry,New
21803,Customer 21803,Guntur,New
21804,Customer 21804,Visakhapatnam,New
21805,Customer 21805,Visakhapatnam,VIP
21806,Customer 21806,Vijayawada,VIP
21807,Customer 21807,Kurnool,Returning
21808,Customer 21808,Vijayawada,VIP
21809,Customer 21809,Kurnool,New
21810,Customer 21810,Ongole,Returning
21811,Customer 21811,Nellore,Returning
21812,Customer 21812,Kurnool,VIP
21813,Customer 21813,Anantapur,VIP
21814,Customer 21814,Vijayawada,Returning
21815,Customer 21815,Guntur,New
21816,Customer 21816,Anantapur,Returning
21817,Customer 21817,Visakhapatnam,VIP
21818,Customer 21818,Kakinada,VIP
21819,Customer 21819,Nellore,VIP
21820,Customer 21820,Kurnool,Returning
21821,Customer 21821,Rajahmundry,New
21822,Customer 21822,Kurnool,VIP
21823,Customer 21823,Kurnool,New
21824,Customer 21824,Kakinada,Returning
21825,Customer 21825,Anantapur,Returning
21826,Customer 21826,Vijayawada,Returning
21827,Customer 21827,Kakinada,Returning
21828,Customer 21828,Visakhapatnam,Returning
21829,Customer 21829,Nellore,New
21830,Customer 21830,Tirupati,New
21831,Customer 21831,Kurnool,Returning
21832,Customer 21832,Guntur,New
21833,Customer 21833,Kurnool,New
21834,Customer 21834,Tirupati,New
21835,Customer 21835,Ongole,Returning
21836,Customer 21836,Visakhapatnam,VIP
21837,Customer 21837,Nellore,VIP
21838,Customer 21838,Tirupati,VIP
21839,Customer 21839,Visakhapatnam,New
21840,Customer 21840,Tirupati,Returning
21841,Customer 21841,Vijayawada,VIP
21842,Customer 21842,Ongole,Returning
21843,Customer 21843,Tirupati,New
21844,Customer 21844,Tirupati,New
21845,Customer 21845,Kurnool,VIP
21846,Customer 21846,Anantapur,Returning
21847,Customer 21847,Vijayawada,New
21848,Customer 21848,Vijayawada,New
21849,Customer 21849,Rajahmundry,Returning
21850,Customer 21850,Guntur,New
21851,Customer 21851,Anantapur,New
21852,Customer 21852,Anantapur,Returning
21853,Customer 21853,Nellore,VIP
21854,Customer 21854,Guntur,VIP
21855,Customer 21855,Kurnool,New
21856,Customer 21856,Kakinada,Returning
21857,Customer 21857,Kurnool,VIP
21858,Customer 21858,Tirupati,VIP
21859,Customer 21859,Vijayawada,New
21860,Customer 21860,Kakinada,VIP
21861,Customer 21861,Ongole,Returning
21862,Customer 21862,Nellore,VIP
21863,Customer 21863,Visakhapatnam,Returning
21864,Customer 21864,Visakhapatnam,New
21865,Customer 21865,Visakhapatnam,Returning
21866,Customer 21866,Anantapur,Returning
21867,Customer 21867,Nellore,VIP
21868,Customer 21868,Ongole,Returning
21869,Customer 21869,Vijayawada,New
21870,Customer 21870,Tirupati,VIP
21871,Customer 21871,Guntur,VIP
21872,Customer 21872,Kakinada,VIP
21873,Customer 21873,Ongole,Returning
21874,Customer 21874,Kurnool,VIP
21875,Customer 21875,Rajahmundry,New
21876,Customer 21876,Kurnool,New
21877,Customer 21877,Tirupati,VIP
21878,Customer 21878,Tirupati,Returning
21879,Customer 21879,Tirupati,New
21880,Customer 21880,Ongole,VIP
21881,Customer 21881,Kurnool,Returning
21882,Customer 21882,Nellore,New
21883,Customer 21883,Kurnool,New
21884,Customer 21884,Ongole,Returning
21885,Customer 21885,Nellore,VIP
21886,Customer 21886,Kakinada,VIP
21887,Customer 21887,Rajahmundry,Returning
21888,Customer 21888,Anantapur,VIP
21889,Customer 21889,Nellore,Returning
21890,Customer 21890,Kakinada,Returning
21891,Customer 21891,Nellore,Returning
21892,Customer 21892,Tirupati,VIP
21893,Customer 21893,Guntur,Returning
21894,Customer 21894,Rajahmundry,Returning
21895,Customer 21895,Vijayawada,VIP
21896,Customer 21896,Nellore,Returning
21897,Customer 21897,Tirupati,VIP
21898,Customer 21898,Kakinada,VIP
21899,Customer 21899,Kurnool,VIP
21900,Customer 21900,Nellore,Returning
21901,Customer 21901,Visakhapatnam,New
21902,Customer 21902,Kakinada,Returning
21903,Customer 21903,Kakinada,New
21904,Customer 21904,Tirupati,Returning
21905,Customer 21905,Anantapur,Returning
21906,Customer 21906,Tirupati,Returning
21907,Customer 21907,Rajahmundry,Returning
21908,Customer 21908,Kakinada,New
21909,Customer 21909,Nellore,New
21910,Customer 21910,Kurnool,VIP
21911,Customer 21911,Guntur,VIP
21912,Customer 21912,Tirupati,VIP
21913,Customer 21913,Tirupati,Returning
21914,Customer 21914,Vijayawada,Returning
21915,Customer 21915,Guntur,VIP
21916,Customer 21916,Guntur,New
21917,Customer 21917,Ongole,Returning
21918,Customer 21918,Kurnool,New
21919,Customer 21919,Visakhapatnam,VIP
21920,Customer 21920,Anantapur,Returning
21921,Customer 21921,Kurnool,VIP
21922,Customer 21922,Kurnool,Returning
21923,Customer 21923,Tirupati,New
21924,Customer 21924,Vijayawada,Returning
21925,Customer 21925,Kakinada,Returning
21926,Customer 21926,Nellore,Returning
21927,Customer 21927,Rajahmundry,VIP
21928,Customer 21928,Visakhapatnam,New
21929,Customer 21929,Kakinada,Returning
21930,Customer 21930,Tirupati,New
21931,Customer 21931,Ongole,VIP
21932,Customer 21932,Kakinada,Returning
21933,Customer 21933,Anantapur,VIP
21934,Customer 21934,Ongole,Returning
21935,Customer 21935,Rajahmundry,VIP
21936,Customer 21936,Visakhapatnam,New
21937,Customer 21937,Rajahmundry,New
21938,Customer 21938,Guntur,New
21939,Customer 21939,Guntur,VIP
21940,Customer 21940,Kakinada,Returning
21941,Customer 21941,Rajahmundry,VIP
21942,Customer 21942,Vijayawada,Returning
21943,Customer 21943,Anantapur,New
21944,Customer 21944,Kurnool,New
21945,Customer 21945,Kakinada,VIP
21946,Customer 21946,Anantapur,VIP
21947,Customer 21947,Anantapur,VIP
21948,Customer 21948,Nellore,Returning
21949,Customer 21949,Guntur,New
21950,Customer 21950,Rajahmundry,New
21951,Customer 21951,Kakinada,New
21952,Customer 21952,Vijayawada,Returning
21953,Customer 21953,Visakhapatnam,VIP
21954,Customer 21954,Anantapur,New
21955,Customer 21955,Tirupati,New
21956,Customer 21956,Nellore,New
21957,Customer 21957,Nellore,New
21958,Customer 21958,Nellore,VIP
21959,Customer 21959,Guntur,New
21960,Customer 21960,Rajahmundry,New
21961,Customer 21961,Anantapur,New
21962,Customer 21962,Kakinada,New
21963,Customer 21963,Guntur,New
21964,Customer 21964,Guntur,Returning
21965,Customer 21965,Tirupati,Returning
21966,Customer 21966,Guntur,Returning
21967,Customer 21967,Visakhapatnam,VIP
21968,Customer 21968,Ongole,VIP
21969,Customer 21969,Visakhapatnam,Returning
21970,Customer 21970,Tirupati,VIP
21971,Customer 21971,Nellore,New
21972,Customer 21972,Vijayawada,Returning
21973,Customer 21973,Nellore,Returning
21974,Customer 21974,Vijayawada,New
21975,Customer 21975,Visakhapatnam,Returning
21976,Customer 21976,Vijayawada,New
21977,Customer 21977,Nellore,New
21978,Customer 21978,Vijayawada,Returning
21979,Customer 21979,Tirupati,New
21980,Customer 21980,Visakhapatnam,Returning
21981,Customer 21981,Guntur,VIP
21982,Customer 21982,Kakinada,Returning
21983,Customer 21983,Tirupati,VIP
21984,Customer 21984,Tirupati,New
21985,Customer 21985,Tirupati,New
21986,Customer 21986,Anantapur,VIP
21987,Customer 21987,Vijayawada,New
21988,Customer 21988,Visakhapatnam,Returning
21989,Customer 21989,Ongole,VIP
21990,Customer 21990,Nellore,New
21991,Customer 21991,Vijayawada,Returning
21992,Customer 21992,Nellore,Returning
21993,Customer 21993,Rajahmundry,Returning
21994,Customer 21994,Nellore,Returning
21995,Customer 21995,Kurnool,New
21996,Customer 21996,Anantapur,VIP
21997,Customer 21997,Anantapur,New
21998,Customer 21998,Kurnool,Returning
21999,Customer 21999,Tirupati,New
22000,Customer 22000,Kakinada,New
22001,Customer 22001,Guntur,VIP
22002,Customer 22002,Anantapur,VIP
22003,Customer 22003,Tirupati,New
22004,Customer 22004,Kurnool,VIP
22005,Customer 22005,Nellore,Returning
22006,Customer 22006,Tirupati,New
22007,Customer 22007,Kakinada,New
22008,Customer 22008,Rajahmundry,New
22009,Customer 22009,Vijayawada,Returning
22010,Customer 22010,Visakhapatnam,VIP
22011,Customer 22011,Anantapur,VIP
22012,Customer 22012,Visakhapatnam,New
22013,Customer 22013,Rajahmundry,Returning
22014,Customer 22014,Vijayawada,Returning
22015,Customer 22015,Kakinada,VIP
22016,Customer 22016,Visakhapatnam,VIP
22017,Customer 22017,Kurnool,New
22018,Customer 22018,Visakhapatnam,VIP
22019,Customer 22019,Vijayawada,Returning
22020,Customer 22020,Kurnool,VIP
22021,Customer 22021,Guntur,Returning
22022,Customer 22022,Anantapur,Returning
22023,Customer 22023,Guntur,Returning
22024,Customer 22024,Nellore,Returning
22025,Customer 22025,Tirupati,New
22026,Customer 22026,Vijayawada,VIP
22027,Customer 22027,Ongole,VIP
22028,Customer 22028,Guntur,New
22029,Customer 22029,Tirupati,New
22030,Customer 22030,Anantapur,VIP
22031,Customer 22031,Guntur,Returning
22032,Customer 22032,Ongole,VIP
22033,Customer 22033,Vijayawada,VIP
22034,Customer 22034,Rajahmundry,VIP
22035,Customer 22035,Rajahmundry,VIP
22036,Customer 22036,Vijayawada,VIP
22037,Customer 22037,Visakhapatnam,New
22038,Customer 22038,Tirupati,New
22039,Customer 22039,Guntur,VIP
22040,Customer 22040,Guntur,Returning
22041,Customer 22041,Kakinada,Returning
22042,Customer 22042,Ongole,VIP
22043,Customer 22043,Vijayawada,New
22044,Customer 22044,Kurnool,VIP
22045,Customer 22045,Tirupati,Returning
22046,Customer 22046,Tirupati,New
22047,Customer 22047,Kurnool,New
22048,Customer 22048,Kurnool,New
22049,Customer 22049,Guntur,VIP
22050,Customer 22050,Vijayawada,New
22051,Customer 22051,Visakhapatnam,Returning
22052,Customer 22052,Kakinada,Returning
22053,Customer 22053,Vijayawada,New
22054,Customer 22054,Tirupati,New
22055,Customer 22055,Kakinada,Returning
22056,Customer 22056,Visakhapatnam,New
22057,Customer 22057,Guntur,New
22058,Customer 22058,Vijayawada,Returning
22059,Customer 22059,Guntur,New
22060,Customer 22060,Kakinada,New
22061,Customer 22061,Rajahmundry,VIP
22062,Customer 22062,Rajahmundry,VIP
22063,Customer 22063,Visakhapatnam,New
22064,Customer 22064,Vijayawada,New
22065,Customer 22065,Kakinada,Returning
22066,Customer 22066,Guntur,New
22067,Customer 22067,Kakinada,Returning
22068,Customer 22068,Anantapur,New
22069,Customer 22069,Guntur,New
22070,Customer 22070,Vijayawada,VIP
22071,Customer 22071,Nellore,VIP
22072,Customer 22072,Visakhapatnam,New
22073,Customer 22073,Kakinada,New
22074,Customer 22074,Vijayawada,VIP
22075,Customer 22075,Vijayawada,VIP
22076,Customer 22076,Guntur,Returning
22077,Customer 22077,Guntur,VIP
22078,Customer 22078,Rajahmundry,Returning
22079,Customer 22079,Tirupati,Returning
22080,Customer 22080,Vijayawada,Returning
22081,Customer 22081,Kurnool,VIP
22082,Customer 22082,Rajahmundry,Returning
22083,Customer 22083,Nellore,VIP
22084,Customer 22084,Kurnool,VIP
22085,Customer 22085,Kakinada,VIP
22086,Customer 22086,Anantapur,Returning
22087,Customer 22087,Kakinada,VIP
22088,Customer 22088,Rajahmundry,VIP
22089,Customer 22089,Tirupati,New
22090,Customer 22090,Nellore,VIP
22091,Customer 22091,Nellore,New
22092,Customer 22092,Nellore,VIP
22093,Customer 22093,Rajahmundry,VIP
22094,Customer 22094,Kurnool,VIP
22095,Customer 22095,Tirupati,New
22096,Customer 22096,Nellore,Returning
22097,Customer 22097,Tirupati,Returning
22098,Customer 22098,Kurnool,VIP
22099,Customer 22099,Ongole,VIP
22100,Customer 22100,Rajahmundry,Returning
22101,Customer 22101,Guntur,VIP
22102,Customer 22102,Vijayawada,New
22103,Customer 22103,Kakinada,Returning
22104,Customer 22104,Guntur,New
22105,Customer 22105,Vijayawada,New
22106,Customer 22106,Nellore,New
22107,Customer 22107,Nellore,Returning
22108,Customer 22108,Anantapur,Returning
22109,Customer 22109,Vijayawada,VIP
22110,Customer 22110,Kakinada,Returning
22111,Customer 22111,Kakinada,Returning
22112,Customer 22112,Rajahmundry,VIP
22113,Customer 22113,Guntur,VIP
22114,Customer 22114,Kakinada,New
22115,Customer 22115,Guntur,New
22116,Customer 22116,Kurnool,Returning
22117,Customer 22117,Kurnool,Returning
22118,Customer 22118,Visakhapatnam,New
22119,Customer 22119,Guntur,VIP
22120,Customer 22120,Tirupati,New
22121,Customer 22121,Kurnool,VIP
22122,Customer 22122,Kakinada,Returning
22123,Customer 22123,Vijayawada,New
22124,Customer 22124,Kakinada,Returning
22125,Customer 22125,Ongole,Returning
22126,Customer 22126,Rajahmundry,VIP
22127,Customer 22127,Nellore,New
22128,Customer 22128,Guntur,VIP
22129,Customer 22129,Guntur,VIP
22130,Customer 22130,Nellore,New
22131,Customer 22131,Ongole,New
22132,Customer 22132,Rajahmundry,VIP
22133,Customer 22133,Tirupati,Returning
22134,Customer 22134,Kakinada,VIP
22135,Customer 22135,Anantapur,New
22136,Customer 22136,Tirupati,New
22137,Customer 22137,Guntur,Returning
22138,Customer 22138,Anantapur,New
22139,Customer 22139,Anantapur,New
22140,Customer 22140,Nellore,VIP
22141,Customer 22141,Rajahmundry,VIP
22142,Customer 22142,Rajahmundry,VIP
22143,Customer 22143,Visakhapatnam,Returning
22144,Customer 22144,Vijayawada,VIP
22145,Customer 22145,Rajahmundry,VIP
22146,Customer 22146,Tirupati,Returning
22147,Customer 22147,Visakhapatnam,Returning
22148,Customer 22148,Kakinada,New
22149,Customer 22149,Vijayawada,Returning
22150,Customer 22150,Nellore,Returning
22151,Customer 22151,Kurnool,New
22152,Customer 22152,Tirupati,Returning
22153,Customer 22153,Vijayawada,Returning
22154,Customer 22154,Visakhapatnam,VIP
22155,Customer 22155,Ongole,VIP
22156,Customer 22156,Guntur,New
22157,Customer 22157,Guntur,New
22158,Customer 22158,Kakinada,New
22159,Customer 22159,Visakhapatnam,New
22160,Customer 22160,Kurnool,VIP
22161,Customer 22161,Tirupati,New
22162,Customer 22162,Visakhapatnam,Returning
22163,Customer 22163,Tirupati,Returning
22164,Customer 22164,Kurnool,New
22165,Customer 22165,Kakinada,Returning
22166,Customer 22166,Guntur,New
22167,Customer 22167,Anantapur,New
22168,Customer 22168,Anantapur,New
22169,Customer 22169,Tirupati,VIP
22170,Customer 22170,Guntur,VIP
22171,Customer 22171,Kurnool,New
22172,Customer 22172,Vijayawada,VIP
22173,Customer 22173,Rajahmundry,New
22174,Customer 22174,Tirupati,New
22175,Customer 22175,Vijayawada,Returning
22176,Customer 22176,Tirupati,VIP
22177,Customer 22177,Vijayawada,New
22178,Customer 22178,Kurnool,New
22179,Customer 22179,Visakhapatnam,New
22180,Customer 22180,Kurnool,VIP
22181,Customer 22181,Visakhapatnam,VIP
22182,Customer 22182,Tirupati,Returning
22183,Customer 22183,Kakinada,VIP
22184,Customer 22184,Vijayawada,VIP
22185,Customer 22185,Ongole,New
22186,Customer 22186,Vijayawada,Returning
22187,Customer 22187,Ongole,VIP
22188,Customer 22188,Ongole,VIP
22189,Customer 22189,Kurnool,VIP
22190,Customer 22190,Kakinada,Returning
22191,Customer 22191,Rajahmundry,VIP
22192,Customer 22192,Vijayawada,Returning
22193,Customer 22193,Kurnool,VIP
22194,Customer 22194,Rajahmundry,New
22195,Customer 22195,Rajahmundry,Returning
22196,Customer 22196,Guntur,Returning
22197,Customer 22197,Vijayawada,VIP
22198,Customer 22198,Nellore,VIP
22199,Customer 22199,Anantapur,VIP
22200,Customer 22200,Kurnool,Returning
22201,Customer 22201,Tirupati,VIP
22202,Customer 22202,Visakhapatnam,VIP
22203,Customer 22203,Kurnool,Returning
22204,Customer 22204,Kakinada,New
22205,Customer 22205,Anantapur,Returning
22206,Customer 22206,Rajahmundry,New
22207,Customer 22207,Visakhapatnam,New
22208,Customer 22208,Kurnool,New
22209,Customer 22209,Kakinada,VIP
22210,Customer 22210,Visakhapatnam,Returning
22211,Customer 22211,Nellore,New
22212,Customer 22212,Ongole,VIP
22213,Customer 22213,Nellore,New
22214,Customer 22214,Tirupati,VIP
22215,Customer 22215,Rajahmundry,Returning
22216,Customer 22216,Nellore,Returning
22217,Customer 22217,Ongole,New
22218,Customer 22218,Kurnool,New
22219,Customer 22219,Visakhapatnam,Returning
22220,Customer 22220,Kurnool,New
22221,Customer 22221,Anantapur,New
22222,Customer 22222,Kakinada,Returning
22223,Customer 22223,Rajahmundry,New
22224,Customer 22224,Anantapur,VIP
22225,Customer 22225,Rajahmundry,Returning
22226,Customer 22226,Guntur,VIP
22227,Customer 22227,Nellore,VIP
22228,Customer 22228,Anantapur,Returning
22229,Customer 22229,Vijayawada,VIP
22230,Customer 22230,Vijayawada,VIP
22231,Customer 22231,Anantapur,VIP
22232,Customer 22232,Kakinada,VIP
22233,Customer 22233,Vijayawada,VIP
22234,Customer 22234,Ongole,New
22235,Customer 22235,Rajahmundry,Returning
22236,Customer 22236,Kurnool,VIP
22237,Customer 22237,Vijayawada,New
22238,Customer 22238,Ongole,New
22239,Customer 22239,Vijayawada,Returning
22240,Customer 22240,Kakinada,New
22241,Customer 22241,Rajahmundry,Returning
22242,Customer 22242,Visakhapatnam,Returning
22243,Customer 22243,Tirupati,Returning
22244,Customer 22244,Nellore,VIP
22245,Customer 22245,Tirupati,Returning
22246,Customer 22246,Tirupati,New
22247,Customer 22247,Rajahmundry,New
22248,Customer 22248,Ongole,New
22249,Customer 22249,Visakhapatnam,VIP
22250,Customer 22250,Kurnool,VIP
22251,Customer 22251,Ongole,Returning
22252,Customer 22252,Guntur,Returning
22253,Customer 22253,Rajahmundry,New
22254,Customer 22254,Ongole,VIP
22255,Customer 22255,Nellore,New
22256,Customer 22256,Tirupati,New
22257,Customer 22257,Ongole,VIP
22258,Customer 22258,Kakinada,VIP
22259,Customer 22259,Nellore,New
22260,Customer 22260,Visakhapatnam,VIP
22261,Customer 22261,Ongole,VIP
22262,Customer 22262,Tirupati,Returning
22263,Customer 22263,Visakhapatnam,Returning
22264,Customer 22264,Kurnool,Returning
22265,Customer 22265,Guntur,VIP
22266,Customer 22266,Ongole,New
22267,Customer 22267,Ongole,New
22268,Customer 22268,Anantapur,VIP
22269,Customer 22269,Guntur,New
22270,Customer 22270,Visakhapatnam,VIP
22271,Customer 22271,Rajahmundry,New
22272,Customer 22272,Rajahmundry,Returning
22273,Customer 22273,Guntur,Returning
22274,Customer 22274,Kurnool,Returning
22275,Customer 22275,Nellore,Returning
22276,Customer 22276,Nellore,New
22277,Customer 22277,Visakhapatnam,VIP
22278,Customer 22278,Guntur,Returning
22279,Customer 22279,Guntur,New
22280,Customer 22280,Rajahmundry,New
22281,Customer 22281,Nellore,VIP
22282,Customer 22282,Visakhapatnam,Returning
22283,Customer 22283,Vijayawada,VIP
22284,Customer 22284,Vijayawada,New
22285,Customer 22285,Kakinada,Returning
22286,Customer 22286,Kurnool,New
22287,Customer 22287,Kakinada,VIP
22288,Customer 22288,Ongole,Returning
22289,Customer 22289,Kurnool,Returning
22290,Customer 22290,Anantapur,Returning
22291,Customer 22291,Guntur,VIP
22292,Customer 22292,Kurnool,New
22293,Customer 22293,Visakhapatnam,Returning
22294,Customer 22294,Anantapur,Returning
22295,Customer 22295,Ongole,New
22296,Customer 22296,Kakinada,VIP
22297,Customer 22297,Kakinada,New
22298,Customer 22298,Vijayawada,New
22299,Customer 22299,Vijayawada,New
22300,Customer 22300,Guntur,VIP
22301,Customer 22301,Visakhapatnam,VIP
22302,Customer 22302,Tirupati,New
22303,Customer 22303,Kakinada,Returning
22304,Customer 22304,Tirupati,VIP
22305,Customer 22305,Visakhapatnam,Returning
22306,Customer 22306,Ongole,Returning
22307,Customer 22307,Kakinada,VIP
22308,Customer 22308,Ongole,Returning
22309,Customer 22309,Ongole,VIP
22310,Customer 22310,Ongole,Returning
22311,Customer 22311,Vijayawada,VIP
22312,Customer 22312,Nellore,Returning
22313,Customer 22313,Nellore,Returning
22314,Customer 22314,Tirupati,Returning
22315,Customer 22315,Nellore,VIP
22316,Customer 22316,Kakinada,VIP
22317,Customer 22317,Visakhapatnam,New
22318,Customer 22318,Rajahmundry,VIP
22319,Customer 22319,Visakhapatnam,VIP
22320,Customer 22320,Guntur,VIP
22321,Customer 22321,Visakhapatnam,New
22322,Customer 22322,Guntur,VIP
22323,Customer 22323,Nellore,VIP
22324,Customer 22324,Kakinada,Returning
22325,Customer 22325,Visakhapatnam,VIP
22326,Customer 22326,Vijayawada,New
22327,Customer 22327,Vijayawada,VIP
22328,Customer 22328,Vijayawada,VIP
22329,Customer 22329,Vijayawada,VIP
22330,Customer 22330,Kurnool,Returning
22331,Customer 22331,Tirupati,New
22332,Customer 22332,Kurnool,VIP
22333,Customer 22333,Kurnool,New
22334,Customer 22334,Kurnool,New
22335,Customer 22335,Tirupati,New
22336,Customer 22336,Kakinada,New
22337,Customer 22337,Nellore,New
22338,Customer 22338,Kakinada,VIP
22339,Customer 22339,Visakhapatnam,New
22340,Customer 22340,Ongole,New
22341,Customer 22341,Guntur,Returning
22342,Customer 22342,Ongole,Returning
22343,Customer 22343,Guntur,Returning
22344,Customer 22344,Anantapur,VIP
22345,Customer 22345,Nellore,Returning
22346,Customer 22346,Visakhapatnam,VIP
22347,Customer 22347,Kakinada,Returning
22348,Customer 22348,Ongole,New
22349,Customer 22349,Kakinada,VIP
22350,Customer 22350,Guntur,VIP
22351,Customer 22351,Vijayawada,VIP
22352,Customer 22352,Kakinada,New
22353,Customer 22353,Anantapur,VIP
22354,Customer 22354,Rajahmundry,New
22355,Customer 22355,Tirupati,VIP
22356,Customer 22356,Rajahmundry,New
22357,Customer 22357,Ongole,Returning
22358,Customer 22358,Tirupati,New
22359,Customer 22359,Kakinada,New
22360,Customer 22360,Ongole,Returning
22361,Customer 22361,Nellore,VIP
22362,Customer 22362,Nellore,VIP
22363,Customer 22363,Ongole,New
22364,Customer 22364,Visakhapatnam,Returning
22365,Customer 22365,Kakinada,VIP
22366,Customer 22366,Nellore,VIP
22367,Customer 22367,Nellore,New
22368,Customer 22368,Vijayawada,Returning
22369,Customer 22369,Nellore,New
22370,Customer 22370,Ongole,VIP
22371,Customer 22371,Nellore,VIP
22372,Customer 22372,Tirupati,VIP
22373,Customer 22373,Guntur,Returning
22374,Customer 22374,Guntur,Returning
22375,Customer 22375,Kakinada,New
22376,Customer 22376,Visakhapatnam,VIP
22377,Customer 22377,Kakinada,Returning
22378,Customer 22378,Kakinada,New
22379,Customer 22379,Guntur,New
22380,Customer 22380,Tirupati,VIP
22381,Customer 22381,Nellore,VIP
22382,Customer 22382,Kakinada,VIP
22383,Customer 22383,Guntur,New
22384,Customer 22384,Vijayawada,New
22385,Customer 22385,Tirupati,New
22386,Customer 22386,Vijayawada,Returning
22387,Customer 22387,Nellore,New
22388,Customer 22388,Guntur,VIP
22389,Customer 22389,Ongole,New
22390,Customer 22390,Anantapur,Returning
22391,Customer 22391,Tirupati,VIP
22392,Customer 22392,Tirupati,Returning
22393,Customer 22393,Kakinada,Returning
22394,Customer 22394,Nellore,VIP
22395,Customer 22395,Vijayawada,New
22396,Customer 22396,Anantapur,New
22397,Customer 22397,Kakinada,Returning
22398,Customer 22398,Vijayawada,New
22399,Customer 22399,Kakinada,New
22400,Customer 22400,Nellore,Returning
22401,Customer 22401,Rajahmundry,VIP
22402,Customer 22402,Rajahmundry,New
22403,Customer 22403,Tirupati,VIP
22404,Customer 22404,Guntur,VIP
22405,Customer 22405,Visakhapatnam,VIP
22406,Customer 22406,Nellore,Returning
22407,Customer 22407,Ongole,VIP
22408,Customer 22408,Guntur,Returning
22409,Customer 22409,Tirupati,New
22410,Customer 22410,Rajahmundry,New
22411,Customer 22411,Kakinada,VIP
22412,Customer 22412,Visakhapatnam,New
22413,Customer 22413,Kakinada,Returning
22414,Customer 22414,Nellore,New
22415,Customer 22415,Tirupati,Returning
22416,Customer 22416,Rajahmundry,VIP
22417,Customer 22417,Vijayawada,Returning
22418,Customer 22418,Tirupati,VIP
22419,Customer 22419,Visakhapatnam,VIP
22420,Customer 22420,Kurnool,New
22421,Customer 22421,Vijayawada,VIP
22422,Customer 22422,Rajahmundry,Returning
22423,Customer 22423,Nellore,Returning
22424,Customer 22424,Ongole,VIP
22425,Customer 22425,Vijayawada,Returning
22426,Customer 22426,Rajahmundry,New
22427,Customer 22427,Vijayawada,VIP
22428,Customer 22428,Rajahmundry,VIP
22429,Customer 22429,Rajahmundry,VIP
22430,Customer 22430,Rajahmundry,New
22431,Customer 22431,Tirupati,VIP
22432,Customer 22432,Tirupati,VIP
22433,Customer 22433,Visakhapatnam,VIP
22434,Customer 22434,Anantapur,New
22435,Customer 22435,Kakinada,VIP
22436,Customer 22436,Anantapur,Returning
22437,Customer 22437,Kakinada,Returning
22438,Customer 22438,Visakhapatnam,New
22439,Customer 22439,Tirupati,Returning
22440,Customer 22440,Vijayawada,VIP
22441,Customer 22441,Kakinada,Returning
22442,Customer 22442,Guntur,New
22443,Customer 22443,Tirupati,New
22444,Customer 22444,Vijayawada,New
22445,Customer 22445,Guntur,Returning
22446,Customer 22446,Nellore,Returning
22447,Customer 22447,Ongole,VIP
22448,Customer 22448,Rajahmundry,New
22449,Customer 22449,Visakhapatnam,VIP
22450,Customer 22450,Kakinada,Returning
22451,Customer 22451,Visakhapatnam,VIP
22452,Customer 22452,Visakhapatnam,VIP
22453,Customer 22453,Guntur,New
22454,Customer 22454,Anantapur,VIP
22455,Customer 22455,Ongole,VIP
22456,Customer 22456,Tirupati,Returning
22457,Customer 22457,Kurnool,Returning
22458,Customer 22458,Kakinada,VIP
22459,Customer 22459,Kakinada,New
22460,Customer 22460,Rajahmundry,Returning
22461,Customer 22461,Guntur,Returning
22462,Customer 22462,Vijayawada,Returning
22463,Customer 22463,Nellore,VIP
22464,Customer 22464,Nellore,New
22465,Customer 22465,Tirupati,Returning
22466,Customer 22466,Tirupati,VIP
22467,Customer 22467,Tirupati,New
22468,Customer 22468,Visakhapatnam,Returning
22469,Customer 22469,Kurnool,New
22470,Customer 22470,Guntur,VIP
22471,Customer 22471,Guntur,Returning
22472,Customer 22472,Visakhapatnam,New
22473,Customer 22473,Guntur,Returning
22474,Customer 22474,Guntur,VIP
22475,Customer 22475,Anantapur,VIP
22476,Customer 22476,Kakinada,Returning
22477,Customer 22477,Kurnool,New
22478,Customer 22478,Nellore,New
22479,Customer 22479,Vijayawada,Returning
22480,Customer 22480,Vijayawada,New
22481,Customer 22481,Rajahmundry,Returning
22482,Customer 22482,Kurnool,Returning
22483,Customer 22483,Vijayawada,VIP
22484,Customer 22484,Anantapur,VIP
22485,Customer 22485,Anantapur,New
22486,Customer 22486,Rajahmundry,Returning
22487,Customer 22487,Visakhapatnam,New
22488,Customer 22488,Kurnool,Returning
22489,Customer 22489,Anantapur,New
22490,Customer 22490,Kurnool,New
22491,Customer 22491,Kurnool,New
22492,Customer 22492,Visakhapatnam,Returning
22493,Customer 22493,Anantapur,Returning
22494,Customer 22494,Ongole,New
22495,Customer 22495,Ongole,New
22496,Customer 22496,Guntur,VIP
22497,Customer 22497,Rajahmundry,Returning
22498,Customer 22498,Vijayawada,New
22499,Customer 22499,Rajahmundry,New
22500,Customer 22500,Ongole,Returning
22501,Customer 22501,Rajahmundry,VIP
22502,Customer 22502,Vijayawada,VIP
22503,Customer 22503,Tirupati,New
22504,Customer 22504,Kakinada,VIP
22505,Customer 22505,Nellore,VIP
22506,Customer 22506,Guntur,VIP
22507,Customer 22507,Kurnool,Returning
22508,Customer 22508,Nellore,New
22509,Customer 22509,Visakhapatnam,New
22510,Customer 22510,Rajahmundry,New
22511,Customer 22511,Kurnool,New
22512,Customer 22512,Nellore,Returning
22513,Customer 22513,Visakhapatnam,Returning
22514,Customer 22514,Tirupati,Returning
22515,Customer 22515,Tirupati,VIP
22516,Customer 22516,Visakhapatnam,VIP
22517,Customer 22517,Anantapur,VIP
22518,Customer 22518,Kurnool,New
22519,Customer 22519,Kakinada,New
22520,Customer 22520,Nellore,VIP
22521,Customer 22521,Visakhapatnam,New
22522,Customer 22522,Kurnool,Returning
22523,Customer 22523,Ongole,VIP
22524,Customer 22524,Ongole,VIP
22525,Customer 22525,Nellore,VIP
22526,Customer 22526,Vijayawada,VIP
22527,Customer 22527,Rajahmundry,New
22528,Customer 22528,Vijayawada,VIP
22529,Customer 22529,Rajahmundry,New
22530,Customer 22530,Visakhapatnam,VIP
22531,Customer 22531,Visakhapatnam,VIP
22532,Customer 22532,Kurnool,New
22533,Customer 22533,Visakhapatnam,New
22534,Customer 22534,Guntur,Returning
22535,Customer 22535,Ongole,Returning
22536,Customer 22536,Tirupati,Returning
22537,Customer 22537,Kurnool,Returning
22538,Customer 22538,Vijayawada,New
22539,Customer 22539,Anantapur,New
22540,Customer 22540,Nellore,Returning
22541,Customer 22541,Guntur,New
22542,Customer 22542,Guntur,VIP
22543,Customer 22543,Anantapur,New
22544,Customer 22544,Ongole,Returning
22545,Customer 22545,Visakhapatnam,New
22546,Customer 22546,Vijayawada,Returning
22547,Customer 22547,Nellore,VIP
22548,Customer 22548,Ongole,New
22549,Customer 22549,Kakinada,VIP
22550,Customer 22550,Rajahmundry,Returning
22551,Customer 22551,Nellore,New
22552,Customer 22552,Ongole,New
22553,Customer 22553,Visakhapatnam,New
22554,Customer 22554,Tirupati,Returning
22555,Customer 22555,Rajahmundry,VIP
22556,Customer 22556,Vijayawada,VIP
22557,Customer 22557,Rajahmundry,VIP
22558,Customer 22558,Tirupati,Returning
22559,Customer 22559,Rajahmundry,New
22560,Customer 22560,Anantapur,VIP
22561,Customer 22561,Guntur,New
22562,Customer 22562,Rajahmundry,New
22563,Customer 22563,Nellore,VIP
22564,Customer 22564,Nellore,New
22565,Customer 22565,Tirupati,New
22566,Customer 22566,Visakhapatnam,Returning
22567,Customer 22567,Kakinada,VIP
22568,Customer 22568,Tirupati,Returning
22569,Customer 22569,Visakhapatnam,Returning
22570,Customer 22570,Ongole,Returning
22571,Customer 22571,Nellore,New
22572,Customer 22572,Kurnool,New
22573,Customer 22573,Kurnool,VIP
22574,Customer 22574,Guntur,New
22575,Customer 22575,Visakhapatnam,VIP
22576,Customer 22576,Ongole,New
22577,Customer 22577,Tirupati,VIP
22578,Customer 22578,Kurnool,New
22579,Customer 22579,Tirupati,VIP
22580,Customer 22580,Rajahmundry,New
22581,Customer 22581,Vijayawada,New
22582,Customer 22582,Visakhapatnam,Returning
22583,Customer 22583,Visakhapatnam,VIP
22584,Customer 22584,Rajahmundry,New
22585,Customer 22585,Rajahmundry,Returning
22586,Customer 22586,Ongole,New
22587,Customer 22587,Ongole,New
22588,Customer 22588,Guntur,Returning
22589,Customer 22589,Anantapur,Returning
22590,Customer 22590,Visakhapatnam,VIP
22591,Customer 22591,Ongole,VIP
22592,Customer 22592,Kakinada,Returning
22593,Customer 22593,Vijayawada,New
22594,Customer 22594,Tirupati,VIP
22595,Customer 22595,Rajahmundry,New
22596,Customer 22596,Vijayawada,Returning
22597,Customer 22597,Vijayawada,Returning
22598,Customer 22598,Nellore,VIP
22599,Customer 22599,Rajahmundry,Returning
22600,Customer 22600,Vijayawada,VIP
22601,Customer 22601,Visakhapatnam,Returning
22602,Customer 22602,Ongole,VIP
22603,Customer 22603,Ongole,VIP
22604,Customer 22604,Visakhapatnam,VIP
22605,Customer 22605,Nellore,Returning
22606,Customer 22606,Visakhapatnam,New
22607,Customer 22607,Anantapur,New
22608,Customer 22608,Anantapur,New
22609,Customer 22609,Tirupati,Returning
22610,Customer 22610,Visakhapatnam,Returning
22611,Customer 22611,Ongole,VIP
22612,Customer 22612,Visakhapatnam,New
22613,Customer 22613,Ongole,VIP
22614,Customer 22614,Anantapur,Returning
22615,Customer 22615,Ongole,Returning
22616,Customer 22616,Guntur,VIP
22617,Customer 22617,Vijayawada,New
22618,Customer 22618,Tirupati,VIP
22619,Customer 22619,Tirupati,Returning
22620,Customer 22620,Nellore,VIP
22621,Customer 22621,Vijayawada,Returning
22622,Customer 22622,Ongole,Returning
22623,Customer 22623,Rajahmundry,New
22624,Customer 22624,Nellore,VIP
22625,Customer 22625,Visakhapatnam,New
22626,Customer 22626,Kurnool,Returning
22627,Customer 22627,Visakhapatnam,VIP
22628,Customer 22628,Rajahmundry,VIP
22629,Customer 22629,Nellore,Returning
22630,Customer 22630,Ongole,Returning
22631,Customer 22631,Guntur,Returning
22632,Customer 22632,Guntur,Returning
22633,Customer 22633,Nellore,New
22634,Customer 22634,Tirupati,New
22635,Customer 22635,Ongole,VIP
22636,Customer 22636,Nellore,New
22637,Customer 22637,Kurnool,VIP
22638,Customer 22638,Kakinada,Returning
22639,Customer 22639,Nellore,VIP
22640,Customer 22640,Visakhapatnam,Returning
22641,Customer 22641,Nellore,New
22642,Customer 22642,Ongole,New
22643,Customer 22643,Kurnool,Returning
22644,Customer 22644,Kurnool,New
22645,Customer 22645,Ongole,VIP
22646,Customer 22646,Guntur,VIP
22647,Customer 22647,Visakhapatnam,New
22648,Customer 22648,Anantapur,Returning
22649,Customer 22649,Guntur,New
22650,Customer 22650,Guntur,Returning
22651,Customer 22651,Vijayawada,Returning
22652,Customer 22652,Visakhapatnam,Returning
22653,Customer 22653,Anantapur,New
22654,Customer 22654,Kurnool,Returning
22655,Customer 22655,Rajahmundry,Returning
22656,Customer 22656,Vijayawada,New
22657,Customer 22657,Visakhapatnam,VIP
22658,Customer 22658,Kurnool,VIP
22659,Customer 22659,Vijayawada,VIP
22660,Customer 22660,Anantapur,VIP
22661,Customer 22661,Visakhapatnam,Returning
22662,Customer 22662,Ongole,New
22663,Customer 22663,Visakhapatnam,VIP
22664,Customer 22664,Kurnool,Returning
22665,Customer 22665,Kakinada,VIP
22666,Customer 22666,Guntur,New
22667,Customer 22667,Tirupati,VIP
22668,Customer 22668,Ongole,VIP
22669,Customer 22669,Vijayawada,New
22670,Customer 22670,Tirupati,Returning
22671,Customer 22671,Anantapur,New
22672,Customer 22672,Visakhapatnam,VIP
22673,Customer 22673,Ongole,VIP
22674,Customer 22674,Tirupati,New
22675,Customer 22675,Ongole,New
22676,Customer 22676,Visakhapatnam,New
22677,Customer 22677,Rajahmundry,VIP
22678,Customer 22678,Guntur,New
22679,Customer 22679,Ongole,Returning
22680,Customer 22680,Rajahmundry,VIP
22681,Customer 22681,Rajahmundry,New
22682,Customer 22682,Guntur,Returning
22683,Customer 22683,Ongole,New
22684,Customer 22684,Kurnool,VIP
22685,Customer 22685,Vijayawada,VIP
22686,Customer 22686,Nellore,Returning
22687,Customer 22687,Nellore,New
22688,Customer 22688,Tirupati,New
22689,Customer 22689,Nellore,VIP
22690,Customer 22690,Ongole,Returning
22691,Customer 22691,Visakhapatnam,Returning
22692,Customer 22692,Nellore,Returning
22693,Customer 22693,Nellore,VIP
22694,Customer 22694,Kakinada,VIP
22695,Customer 22695,Anantapur,VIP
22696,Customer 22696,Tirupati,New
22697,Customer 22697,Visakhapatnam,New
22698,Customer 22698,Guntur,Returning
22699,Customer 22699,Ongole,Returning
22700,Customer 22700,Nellore,VIP
22701,Customer 22701,Ongole,Returning
22702,Customer 22702,Ongole,Returning
22703,Customer 22703,Kakinada,New
22704,Customer 22704,Anantapur,Returning
22705,Customer 22705,Vijayawada,New
22706,Customer 22706,Nellore,New
22707,Customer 22707,Anantapur,VIP
22708,Customer 22708,Ongole,Returning
22709,Customer 22709,Visakhapatnam,VIP
22710,Customer 22710,Guntur,Returning
22711,Customer 22711,Vijayawada,VIP
22712,Customer 22712,Ongole,New
22713,Customer 22713,Kakinada,New
22714,Customer 22714,Guntur,Returning
22715,Customer 22715,Rajahmundry,VIP
22716,Customer 22716,Visakhapatnam,New
22717,Customer 22717,Kurnool,New
22718,Customer 22718,Visakhapatnam,Returning
22719,Customer 22719,Rajahmundry,Returning
22720,Customer 22720,Visakhapatnam,New
22721,Customer 22721,Ongole,New
22722,Customer 22722,Kakinada,VIP
22723,Customer 22723,Vijayawada,New
22724,Customer 22724,Kakinada,New
22725,Customer 22725,Nellore,Returning
22726,Customer 22726,Anantapur,VIP
22727,Customer 22727,Visakhapatnam,New
22728,Customer 22728,Kurnool,New
22729,Customer 22729,Kurnool,VIP
22730,Customer 22730,Kakinada,Returning
22731,Customer 22731,Kakinada,VIP
22732,Customer 22732,Vijayawada,VIP
22733,Customer 22733,Kakinada,New
22734,Customer 22734,Tirupati,VIP
22735,Customer 22735,Guntur,VIP
22736,Customer 22736,Tirupati,Returning
22737,Customer 22737,Anantapur,VIP
22738,Customer 22738,Anantapur,New
22739,Customer 22739,Tirupati,New
22740,Customer 22740,Ongole,Returning
22741,Customer 22741,Tirupati,Returning
22742,Customer 22742,Kurnool,Returning
22743,Customer 22743,Tirupati,New
22744,Customer 22744,Anantapur,VIP
22745,Customer 22745,Anantapur,Returning
22746,Customer 22746,Nellore,Returning
22747,Customer 22747,Visakhapatnam,Returning
22748,Customer 22748,Kurnool,Returning
22749,Customer 22749,Nellore,Returning
22750,Customer 22750,Vijayawada,New
22751,Customer 22751,Tirupati,VIP
22752,Customer 22752,Vijayawada,Returning
22753,Customer 22753,Kurnool,VIP
22754,Customer 22754,Tirupati,Returning
22755,Customer 22755,Kakinada,New
22756,Customer 22756,Guntur,VIP
22757,Customer 22757,Vijayawada,New
22758,Customer 22758,Anantapur,VIP
22759,Customer 22759,Ongole,Returning
22760,Customer 22760,Anantapur,New
22761,Customer 22761,Ongole,Returning
22762,Customer 22762,Anantapur,Returning
22763,Customer 22763,Tirupati,New
22764,Customer 22764,Ongole,Returning
22765,Customer 22765,Nellore,New
22766,Customer 22766,Rajahmundry,Returning
22767,Customer 22767,Kurnool,Returning
22768,Customer 22768,Rajahmundry,VIP
22769,Customer 22769,Kakinada,New
22770,Customer 22770,Ongole,VIP
22771,Customer 22771,Visakhapatnam,VIP
22772,Customer 22772,Rajahmundry,New
22773,Customer 22773,Anantapur,New
22774,Customer 22774,Tirupati,Returning
22775,Customer 22775,Anantapur,VIP
22776,Customer 22776,Ongole,VIP
22777,Customer 22777,Ongole,New
22778,Customer 22778,Vijayawada,Returning
22779,Customer 22779,Ongole,Returning
22780,Customer 22780,Vijayawada,Returning
22781,Customer 22781,Rajahmundry,Returning
22782,Customer 22782,Vijayawada,New
22783,Customer 22783,Kakinada,New
22784,Customer 22784,Kurnool,New
22785,Customer 22785,Visakhapatnam,VIP
22786,Customer 22786,Nellore,Returning
22787,Customer 22787,Rajahmundry,New
22788,Customer 22788,Visakhapatnam,Returning
22789,Customer 22789,Vijayawada,New
22790,Customer 22790,Anantapur,New
22791,Customer 22791,Tirupati,VIP
22792,Customer 22792,Visakhapatnam,VIP
22793,Customer 22793,Vijayawada,Returning
22794,Customer 22794,Kakinada,New
22795,Customer 22795,Vijayawada,New
22796,Customer 22796,Visakhapatnam,New
22797,Customer 22797,Visakhapatnam,Returning
22798,Customer 22798,Visakhapatnam,Returning
22799,Customer 22799,Visakhapatnam,VIP
22800,Customer 22800,Visakhapatnam,Returning
22801,Customer 22801,Ongole,Returning
22802,Customer 22802,Visakhapatnam,New
22803,Customer 22803,Tirupati,Returning
22804,Customer 22804,Kakinada,Returning
22805,Customer 22805,Nellore,VIP
22806,Customer 22806,Vijayawada,Returning
22807,Customer 22807,Rajahmundry,Returning
22808,Customer 22808,Kurnool,New
22809,Customer 22809,Tirupati,VIP
22810,Customer 22810,Nellore,New
22811,Customer 22811,Visakhapatnam,VIP
22812,Customer 22812,Tirupati,VIP
22813,Customer 22813,Guntur,VIP
22814,Customer 22814,Tirupati,Returning
22815,Customer 22815,Tirupati,New
22816,Customer 22816,Vijayawada,Returning
22817,Customer 22817,Rajahmundry,VIP
22818,Customer 22818,Visakhapatnam,New
22819,Customer 22819,Nellore,Returning
22820,Customer 22820,Kurnool,Returning
22821,Customer 22821,Ongole,New
22822,Customer 22822,Tirupati,Returning
22823,Customer 22823,Tirupati,Returning
22824,Customer 22824,Vijayawada,Returning
22825,Customer 22825,Tirupati,New
22826,Customer 22826,Kurnool,VIP
22827,Customer 22827,Vijayawada,New
22828,Customer 22828,Anantapur,New
22829,Customer 22829,Rajahmundry,VIP
22830,Customer 22830,Tirupati,VIP
22831,Customer 22831,Visakhapatnam,New
22832,Customer 22832,Anantapur,New
22833,Customer 22833,Guntur,New
22834,Customer 22834,Vijayawada,Returning
22835,Customer 22835,Tirupati,Returning
22836,Customer 22836,Vijayawada,New
22837,Customer 22837,Kakinada,VIP
22838,Customer 22838,Rajahmundry,VIP
22839,Customer 22839,Kakinada,VIP
22840,Customer 22840,Guntur,Returning
22841,Customer 22841,Tirupati,VIP
22842,Customer 22842,Guntur,New
22843,Customer 22843,Kurnool,Returning
22844,Customer 22844,Guntur,VIP
22845,Customer 22845,Ongole,Returning
22846,Customer 22846,Visakhapatnam,Returning
22847,Customer 22847,Nellore,VIP
22848,Customer 22848,Vijayawada,VIP
22849,Customer 22849,Kurnool,Returning
22850,Customer 22850,Visakhapatnam,New
22851,Customer 22851,Rajahmundry,New
22852,Customer 22852,Guntur,VIP
22853,Customer 22853,Anantapur,New
22854,Customer 22854,Kurnool,New
22855,Customer 22855,Guntur,New
22856,Customer 22856,Kurnool,Returning
22857,Customer 22857,Visakhapatnam,Returning
22858,Customer 22858,Kurnool,New
22859,Customer 22859,Rajahmundry,Returning
22860,Customer 22860,Kakinada,New
22861,Customer 22861,Nellore,New
22862,Customer 22862,Kurnool,New
22863,Customer 22863,Vijayawada,VIP
22864,Customer 22864,Nellore,VIP
22865,Customer 22865,Kurnool,New
22866,Customer 22866,Nellore,VIP
22867,Customer 22867,Vijayawada,Returning
22868,Customer 22868,Nellore,VIP
22869,Customer 22869,Tirupati,New
22870,Customer 22870,Guntur,Returning
22871,Customer 22871,Vijayawada,New
22872,Customer 22872,Guntur,New
22873,Customer 22873,Kurnool,VIP
22874,Customer 22874,Tirupati,Returning
22875,Customer 22875,Visakhapatnam,VIP
22876,Customer 22876,Visakhapatnam,New
22877,Customer 22877,Tirupati,New
22878,Customer 22878,Rajahmundry,New
22879,Customer 22879,Nellore,Returning
22880,Customer 22880,Rajahmundry,Returning
22881,Customer 22881,Anantapur,New
22882,Customer 22882,Vijayawada,Returning
22883,Customer 22883,Tirupati,Returning
22884,Customer 22884,Kurnool,Returning
22885,Customer 22885,Visakhapatnam,VIP
22886,Customer 22886,Visakhapatnam,New
22887,Customer 22887,Nellore,Returning
22888,Customer 22888,Kakinada,Returning
22889,Customer 22889,Nellore,Returning
22890,Customer 22890,Ongole,New
22891,Customer 22891,Visakhapatnam,Returning
22892,Customer 22892,Visakhapatnam,VIP
22893,Customer 22893,Kurnool,New
22894,Customer 22894,Visakhapatnam,Returning
22895,Customer 22895,Nellore,Returning
22896,Customer 22896,Tirupati,VIP
22897,Customer 22897,Ongole,Returning
22898,Customer 22898,Anantapur,VIP
22899,Customer 22899,Nellore,Returning
22900,Customer 22900,Anantapur,New
22901,Customer 22901,Anantapur,VIP
22902,Customer 22902,Nellore,New
22903,Customer 22903,Visakhapatnam,New
22904,Customer 22904,Anantapur,VIP
22905,Customer 22905,Guntur,VIP
22906,Customer 22906,Ongole,New
22907,Customer 22907,Nellore,Returning
22908,Customer 22908,Anantapur,Returning
22909,Customer 22909,Tirupati,VIP
22910,Customer 22910,Kakinada,Returning
22911,Customer 22911,Nellore,Returning
22912,Customer 22912,Visakhapatnam,VIP
22913,Customer 22913,Visakhapatnam,New
22914,Customer 22914,Tirupati,VIP
22915,Customer 22915,Anantapur,VIP
22916,Customer 22916,Guntur,VIP
22917,Customer 22917,Anantapur,New
22918,Customer 22918,Rajahmundry,VIP
22919,Customer 22919,Rajahmundry,New
22920,Customer 22920,Kurnool,New
22921,Customer 22921,Nellore,VIP
22922,Customer 22922,Visakhapatnam,Returning
22923,Customer 22923,Rajahmundry,New
22924,Customer 22924,Vijayawada,New
22925,Customer 22925,Vijayawada,VIP
22926,Customer 22926,Kakinada,New
22927,Customer 22927,Rajahmundry,New
22928,Customer 22928,Ongole,VIP
22929,Customer 22929,Kakinada,New
22930,Customer 22930,Ongole,Returning
22931,Customer 22931,Kakinada,VIP
22932,Customer 22932,Nellore,New
22933,Customer 22933,Kurnool,Returning
22934,Customer 22934,Kurnool,VIP
22935,Customer 22935,Anantapur,Returning
22936,Customer 22936,Visakhapatnam,New
22937,Customer 22937,Kurnool,VIP
22938,Customer 22938,Vijayawada,New
22939,Customer 22939,Ongole,Returning
22940,Customer 22940,Nellore,Returning
22941,Customer 22941,Guntur,New
22942,Customer 22942,Nellore,VIP
22943,Customer 22943,Visakhapatnam,New
22944,Customer 22944,Ongole,New
22945,Customer 22945,Kurnool,New
22946,Customer 22946,Rajahmundry,VIP
22947,Customer 22947,Ongole,VIP
22948,Customer 22948,Visakhapatnam,New
22949,Customer 22949,Rajahmundry,Returning
22950,Customer 22950,Ongole,VIP
22951,Customer 22951,Vijayawada,New
22952,Customer 22952,Tirupati,Returning
22953,Customer 22953,Kurnool,New
22954,Customer 22954,Anantapur,VIP
22955,Customer 22955,Vijayawada,Returning
22956,Customer 22956,Ongole,VIP
22957,Customer 22957,Anantapur,Returning
22958,Customer 22958,Kakinada,VIP
22959,Customer 22959,Anantapur,Returning
22960,Customer 22960,Nellore,VIP
22961,Customer 22961,Anantapur,New
22962,Customer 22962,Visakhapatnam,Returning
22963,Customer 22963,Vijayawada,Returning
22964,Customer 22964,Ongole,VIP
22965,Customer 22965,Kakinada,VIP
22966,Customer 22966,Tirupati,New
22967,Customer 22967,Anantapur,Returning
22968,Customer 22968,Nellore,Returning
22969,Customer 22969,Ongole,VIP
22970,Customer 22970,Anantapur,VIP
22971,Customer 22971,Vijayawada,VIP
22972,Customer 22972,Kurnool,VIP
22973,Customer 22973,Ongole,Returning
22974,Customer 22974,Visakhapatnam,Returning
22975,Customer 22975,Rajahmundry,New
22976,Customer 22976,Tirupati,VIP
22977,Customer 22977,Vijayawada,VIP
22978,Customer 22978,Ongole,VIP
22979,Customer 22979,Anantapur,VIP
22980,Customer 22980,Ongole,Returning
22981,Customer 22981,Ongole,Returning
22982,Customer 22982,Anantapur,New
22983,Customer 22983,Vijayawada,New
22984,Customer 22984,Guntur,Returning
22985,Customer 22985,Anantapur,Returning
22986,Customer 22986,Guntur,Returning
22987,Customer 22987,Nellore,Returning
22988,Customer 22988,Anantapur,VIP
22989,Customer 22989,Kakinada,New
22990,Customer 22990,Guntur,New
22991,Customer 22991,Anantapur,VIP
22992,Customer 22992,Ongole,New
22993,Customer 22993,Vijayawada,Returning
22994,Customer 22994,Guntur,New
22995,Customer 22995,Ongole,New
22996,Customer 22996,Nellore,Returning
22997,Customer 22997,Guntur,New
22998,Customer 22998,Nellore,New
22999,Customer 22999,Ongole,New
23000,Customer 23000,Kakinada,New
23001,Customer 23001,Guntur,New
23002,Customer 23002,Ongole,Returning
23003,Customer 23003,Kakinada,New
23004,Customer 23004,Rajahmundry,New
23005,Customer 23005,Anantapur,Returning
23006,Customer 23006,Kakinada,Returning
23007,Customer 23007,Nellore,VIP
23008,Customer 23008,Visakhapatnam,VIP
23009,Customer 23009,Ongole,New
23010,Customer 23010,Nellore,VIP
23011,Customer 23011,Kakinada,New
23012,Customer 23012,Visakhapatnam,VIP
23013,Customer 23013,Kakinada,Returning
23014,Customer 23014,Kakinada,Returning
23015,Customer 23015,Nellore,VIP
23016,Customer 23016,Rajahmundry,Returning
23017,Customer 23017,Kurnool,New
23018,Customer 23018,Guntur,New
23019,Customer 23019,Vijayawada,Returning
23020,Customer 23020,Ongole,VIP
23021,Customer 23021,Kurnool,New
23022,Customer 23022,Visakhapatnam,New
23023,Customer 23023,Tirupati,New
23024,Customer 23024,Nellore,Returning
23025,Customer 23025,Kakinada,VIP
23026,Customer 23026,Tirupati,VIP
23027,Customer 23027,Kakinada,VIP
23028,Customer 23028,Kakinada,Returning
23029,Customer 23029,Nellore,New
23030,Customer 23030,Kakinada,Returning
23031,Customer 23031,Anantapur,VIP
23032,Customer 23032,Anantapur,VIP
23033,Customer 23033,Rajahmundry,Returning
23034,Customer 23034,Kakinada,New
23035,Customer 23035,Vijayawada,VIP
23036,Customer 23036,Nellore,Returning
23037,Customer 23037,Tirupati,Returning
23038,Customer 23038,Anantapur,New
23039,Customer 23039,Rajahmundry,VIP
23040,Customer 23040,Visakhapatnam,Returning
23041,Customer 23041,Tirupati,VIP
23042,Customer 23042,Kurnool,VIP
23043,Customer 23043,Nellore,New
23044,Customer 23044,Guntur,VIP
23045,Customer 23045,Kakinada,New
23046,Customer 23046,Visakhapatnam,New
23047,Customer 23047,Vijayawada,VIP
23048,Customer 23048,Guntur,VIP
23049,Customer 23049,Guntur,VIP
23050,Customer 23050,Tirupati,Returning
23051,Customer 23051,Guntur,VIP
23052,Customer 23052,Nellore,Returning
23053,Customer 23053,Visakhapatnam,VIP
23054,Customer 23054,Guntur,New
23055,Customer 23055,Vijayawada,New
23056,Customer 23056,Anantapur,Returning
23057,Customer 23057,Kakinada,VIP
23058,Customer 23058,Rajahmundry,Returning
23059,Customer 23059,Anantapur,New
23060,Customer 23060,Rajahmundry,Returning
23061,Customer 23061,Kakinada,Returning
23062,Customer 23062,Kakinada,VIP
23063,Customer 23063,Kurnool,New
23064,Customer 23064,Kurnool,New
23065,Customer 23065,Nellore,VIP
23066,Customer 23066,Nellore,Returning
23067,Customer 23067,Anantapur,VIP
23068,Customer 23068,Kakinada,New
23069,Customer 23069,Guntur,Returning
23070,Customer 23070,Anantapur,New
23071,Customer 23071,Nellore,New
23072,Customer 23072,Kurnool,VIP
23073,Customer 23073,Visakhapatnam,Returning
23074,Customer 23074,Kakinada,New
23075,Customer 23075,Kakinada,VIP
23076,Customer 23076,Nellore,New
23077,Customer 23077,Tirupati,New
23078,Customer 23078,Kurnool,VIP
23079,Customer 23079,Tirupati,New
23080,Customer 23080,Guntur,New
23081,Customer 23081,Rajahmundry,New
23082,Customer 23082,Kurnool,VIP
23083,Customer 23083,Tirupati,New
23084,Customer 23084,Visakhapatnam,New
23085,Customer 23085,Guntur,Returning
23086,Customer 23086,Rajahmundry,VIP
23087,Customer 23087,Visakhapatnam,Returning
23088,Customer 23088,Anantapur,Returning
23089,Customer 23089,Nellore,Returning
23090,Customer 23090,Visakhapatnam,VIP
23091,Customer 23091,Kurnool,New
23092,Customer 23092,Ongole,New
23093,Customer 23093,Rajahmundry,New
23094,Customer 23094,Visakhapatnam,VIP
23095,Customer 23095,Rajahmundry,VIP
23096,Customer 23096,Kurnool,VIP
23097,Customer 23097,Rajahmundry,New
23098,Customer 23098,Kakinada,VIP
23099,Customer 23099,Vijayawada,New
23100,Customer 23100,Ongole,Returning
23101,Customer 23101,Kurnool,VIP
23102,Customer 23102,Guntur,Returning
23103,Customer 23103,Ongole,VIP
23104,Customer 23104,Vijayawada,Returning
23105,Customer 23105,Kakinada,New
23106,Customer 23106,Tirupati,New
23107,Customer 23107,Tirupati,Returning
23108,Customer 23108,Vijayawada,New
23109,Customer 23109,Visakhapatnam,Returning
23110,Customer 23110,Anantapur,New
23111,Customer 23111,Tirupati,Returning
23112,Customer 23112,Visakhapatnam,New
23113,Customer 23113,Visakhapatnam,VIP
23114,Customer 23114,Tirupati,New
23115,Customer 23115,Vijayawada,VIP
23116,Customer 23116,Vijayawada,VIP
23117,Customer 23117,Vijayawada,New
23118,Customer 23118,Guntur,New
23119,Customer 23119,Anantapur,Returning
23120,Customer 23120,Anantapur,VIP
23121,Customer 23121,Anantapur,VIP
23122,Customer 23122,Anantapur,New
23123,Customer 23123,Kakinada,New
23124,Customer 23124,Anantapur,Returning
23125,Customer 23125,Tirupati,New
23126,Customer 23126,Visakhapatnam,Returning
23127,Customer 23127,Kakinada,New
23128,Customer 23128,Kurnool,New
23129,Customer 23129,Vijayawada,VIP
23130,Customer 23130,Anantapur,Returning
23131,Customer 23131,Anantapur,Returning
23132,Customer 23132,Vijayawada,VIP
23133,Customer 23133,Visakhapatnam,New
23134,Customer 23134,Guntur,New
23135,Customer 23135,Vijayawada,New
23136,Customer 23136,Kakinada,VIP
23137,Customer 23137,Ongole,VIP
23138,Customer 23138,Ongole,Returning
23139,Customer 23139,Kurnool,New
23140,Customer 23140,Guntur,Returning
23141,Customer 23141,Ongole,Returning
23142,Customer 23142,Tirupati,VIP
23143,Customer 23143,Kakinada,New
23144,Customer 23144,Vijayawada,VIP
23145,Customer 23145,Rajahmundry,VIP
23146,Customer 23146,Guntur,Returning
23147,Customer 23147,Anantapur,Returning
23148,Customer 23148,Nellore,Returning
23149,Customer 23149,Tirupati,New
23150,Customer 23150,Nellore,Returning
23151,Customer 23151,Rajahmundry,Returning
23152,Customer 23152,Nellore,VIP
23153,Customer 23153,Tirupati,Returning
23154,Customer 23154,Kurnool,Returning
23155,Customer 23155,Guntur,Returning
23156,Customer 23156,Anantapur,New
23157,Customer 23157,Anantapur,VIP
23158,Customer 23158,Visakhapatnam,New
23159,Customer 23159,Tirupati,Returning
23160,Customer 23160,Ongole,Returning
23161,Customer 23161,Ongole,New
23162,Customer 23162,Ongole,Returning
23163,Customer 23163,Vijayawada,Returning
23164,Customer 23164,Tirupati,Returning
23165,Customer 23165,Ongole,VIP
23166,Customer 23166,Anantapur,New
23167,Customer 23167,Kurnool,New
23168,Customer 23168,Visakhapatnam,VIP
23169,Customer 23169,Vijayawada,Returning
23170,Customer 23170,Visakhapatnam,VIP
23171,Customer 23171,Rajahmundry,VIP
23172,Customer 23172,Kurnool,VIP
23173,Customer 23173,Tirupati,VIP
23174,Customer 23174,Kakinada,New
23175,Customer 23175,Tirupati,New
23176,Customer 23176,Kakinada,Returning
23177,Customer 23177,Guntur,VIP
23178,Customer 23178,Rajahmundry,Returning
23179,Customer 23179,Rajahmundry,VIP
23180,Customer 23180,Kurnool,New
23181,Customer 23181,Vijayawada,Returning
23182,Customer 23182,Nellore,Returning
23183,Customer 23183,Tirupati,VIP
23184,Customer 23184,Tirupati,Returning
23185,Customer 23185,Kakinada,Returning
23186,Customer 23186,Kakinada,New
23187,Customer 23187,Nellore,VIP
23188,Customer 23188,Kurnool,VIP
23189,Customer 23189,Vijayawada,Returning
23190,Customer 23190,Rajahmundry,VIP
23191,Customer 23191,Tirupati,VIP
23192,Customer 23192,Rajahmundry,New
23193,Customer 23193,Ongole,Returning
23194,Customer 23194,Tirupati,VIP
23195,Customer 23195,Visakhapatnam,New
23196,Customer 23196,Nellore,New
23197,Customer 23197,Rajahmundry,New
23198,Customer 23198,Kurnool,New
23199,Customer 23199,Tirupati,Returning
23200,Customer 23200,Vijayawada,New
23201,Customer 23201,Rajahmundry,New
23202,Customer 23202,Guntur,New
23203,Customer 23203,Visakhapatnam,VIP
23204,Customer 23204,Kurnool,New
23205,Customer 23205,Guntur,New
23206,Customer 23206,Nellore,VIP
23207,Customer 23207,Anantapur,VIP
23208,Customer 23208,Vijayawada,VIP
23209,Customer 23209,Vijayawada,Returning
23210,Customer 23210,Visakhapatnam,Returning
23211,Customer 23211,Kakinada,New
23212,Customer 23212,Nellore,VIP
23213,Customer 23213,Kakinada,VIP
23214,Customer 23214,Visakhapatnam,New
23215,Customer 23215,Nellore,VIP
23216,Customer 23216,Kakinada,New
23217,Customer 23217,Anantapur,New
23218,Customer 23218,Tirupati,New
23219,Customer 23219,Kurnool,VIP
23220,Customer 23220,Rajahmundry,New
23221,Customer 23221,Kurnool,VIP
23222,Customer 23222,Nellore,New
23223,Customer 23223,Tirupati,New
23224,Customer 23224,Rajahmundry,Returning
23225,Customer 23225,Ongole,Returning
23226,Customer 23226,Kakinada,Returning
23227,Customer 23227,Kurnool,VIP
23228,Customer 23228,Tirupati,New
23229,Customer 23229,Nellore,Returning
23230,Customer 23230,Anantapur,New
23231,Customer 23231,Ongole,Returning
23232,Customer 23232,Nellore,VIP
23233,Customer 23233,Kakinada,New
23234,Customer 23234,Kurnool,VIP
23235,Customer 23235,Visakhapatnam,New
23236,Customer 23236,Nellore,Returning
23237,Customer 23237,Tirupati,Returning
23238,Customer 23238,Guntur,New
23239,Customer 23239,Anantapur,VIP
23240,Customer 23240,Tirupati,VIP
23241,Customer 23241,Nellore,Returning
23242,Customer 23242,Anantapur,New
23243,Customer 23243,Rajahmundry,Returning
23244,Customer 23244,Kakinada,VIP
23245,Customer 23245,Kakinada,VIP
23246,Customer 23246,Anantapur,VIP
23247,Customer 23247,Kakinada,VIP
23248,Customer 23248,Kurnool,VIP
23249,Customer 23249,Rajahmundry,VIP
23250,Customer 23250,Tirupati,Returning
23251,Customer 23251,Ongole,VIP
23252,Customer 23252,Tirupati,VIP
23253,Customer 23253,Kurnool,New
23254,Customer 23254,Anantapur,VIP
23255,Customer 23255,Anantapur,New
23256,Customer 23256,Rajahmundry,Returning
23257,Customer 23257,Kakinada,VIP
23258,Customer 23258,Rajahmundry,Returning
23259,Customer 23259,Kurnool,New
23260,Customer 23260,Kakinada,VIP
23261,Customer 23261,Visakhapatnam,New
23262,Customer 23262,Guntur,New
23263,Customer 23263,Tirupati,Returning
23264,Customer 23264,Guntur,Returning
23265,Customer 23265,Guntur,Returning
23266,Customer 23266,Rajahmundry,VIP
23267,Customer 23267,Visakhapatnam,Returning
23268,Customer 23268,Nellore,Returning
23269,Customer 23269,Guntur,New
23270,Customer 23270,Kurnool,New
23271,Customer 23271,Nellore,Returning
23272,Customer 23272,Guntur,VIP
23273,Customer 23273,Tirupati,VIP
23274,Customer 23274,Nellore,Returning
23275,Customer 23275,Nellore,VIP
23276,Customer 23276,Rajahmundry,Returning
23277,Customer 23277,Kakinada,New
23278,Customer 23278,Visakhapatnam,Returning
23279,Customer 23279,Anantapur,New
23280,Customer 23280,Anantapur,VIP
23281,Customer 23281,Visakhapatnam,VIP
23282,Customer 23282,Guntur,New
23283,Customer 23283,Visakhapatnam,Returning
23284,Customer 23284,Nellore,Returning
23285,Customer 23285,Rajahmundry,VIP
23286,Customer 23286,Tirupati,VIP
23287,Customer 23287,Kurnool,Returning
23288,Customer 23288,Anantapur,VIP
23289,Customer 23289,Guntur,Returning
23290,Customer 23290,Anantapur,Returning
23291,Customer 23291,Kurnool,Returning
23292,Customer 23292,Vijayawada,New
23293,Customer 23293,Visakhapatnam,Returning
23294,Customer 23294,Ongole,New
23295,Customer 23295,Guntur,VIP
23296,Customer 23296,Anantapur,New
23297,Customer 23297,Kurnool,VIP
23298,Customer 23298,Vijayawada,New
23299,Customer 23299,Guntur,VIP
23300,Customer 23300,Vijayawada,Returning
23301,Customer 23301,Anantapur,New
23302,Customer 23302,Anantapur,Returning
23303,Customer 23303,Vijayawada,VIP
23304,Customer 23304,Nellore,New
23305,Customer 23305,Tirupati,Returning
23306,Customer 23306,Anantapur,Returning
23307,Customer 23307,Vijayawada,New
23308,Customer 23308,Guntur,New
23309,Customer 23309,Visakhapatnam,VIP
23310,Customer 23310,Tirupati,New
23311,Customer 23311,Nellore,New
23312,Customer 23312,Ongole,New
23313,Customer 23313,Kurnool,Returning
23314,Customer 23314,Ongole,New
23315,Customer 23315,Vijayawada,New
23316,Customer 23316,Nellore,New
23317,Customer 23317,Guntur,Returning
23318,Customer 23318,Kurnool,Returning
23319,Customer 23319,Nellore,New
23320,Customer 23320,Nellore,New
23321,Customer 23321,Ongole,VIP
23322,Customer 23322,Nellore,New
23323,Customer 23323,Anantapur,New
23324,Customer 23324,Visakhapatnam,New
23325,Customer 23325,Kakinada,Returning
23326,Customer 23326,Nellore,New
23327,Customer 23327,Anantapur,New
23328,Customer 23328,Ongole,New
23329,Customer 23329,Guntur,New
23330,Customer 23330,Kakinada,Returning
23331,Customer 23331,Visakhapatnam,VIP
23332,Customer 23332,Kurnool,Returning
23333,Customer 23333,Guntur,VIP
23334,Customer 23334,Kakinada,Returning
23335,Customer 23335,Anantapur,VIP
23336,Customer 23336,Kakinada,New
23337,Customer 23337,Visakhapatnam,VIP
23338,Customer 23338,Rajahmundry,New
23339,Customer 23339,Guntur,VIP
23340,Customer 23340,Vijayawada,VIP
23341,Customer 23341,Guntur,VIP
23342,Customer 23342,Tirupati,New
23343,Customer 23343,Anantapur,New
23344,Customer 23344,Kakinada,VIP
23345,Customer 23345,Visakhapatnam,VIP
23346,Customer 23346,Nellore,New
23347,Customer 23347,Visakhapatnam,New
23348,Customer 23348,Kurnool,VIP
23349,Customer 23349,Tirupati,Returning
23350,Customer 23350,Anantapur,VIP
23351,Customer 23351,Rajahmundry,VIP
23352,Customer 23352,Kurnool,Returning
23353,Customer 23353,Rajahmundry,Returning
23354,Customer 23354,Vijayawada,VIP
23355,Customer 23355,Visakhapatnam,VIP
23356,Customer 23356,Guntur,New
23357,Customer 23357,Kurnool,VIP
23358,Customer 23358,Visakhapatnam,New
23359,Customer 23359,Vijayawada,VIP
23360,Customer 23360,Kakinada,New
23361,Customer 23361,Rajahmundry,VIP
23362,Customer 23362,Anantapur,VIP
23363,Customer 23363,Kakinada,Returning
23364,Customer 23364,Vijayawada,VIP
23365,Customer 23365,Ongole,New
23366,Customer 23366,Tirupati,Returning
23367,Customer 23367,Kakinada,New
23368,Customer 23368,Kakinada,Returning
23369,Customer 23369,Guntur,Returning
23370,Customer 23370,Kurnool,VIP
23371,Customer 23371,Anantapur,Returning
23372,Customer 23372,Ongole,VIP
23373,Customer 23373,Kakinada,Returning
23374,Customer 23374,Nellore,VIP
23375,Customer 23375,Vijayawada,VIP
23376,Customer 23376,Visakhapatnam,New
23377,Customer 23377,Anantapur,VIP
23378,Customer 23378,Anantapur,Returning
23379,Customer 23379,Kurnool,New
23380,Customer 23380,Kurnool,Returning
23381,Customer 23381,Anantapur,Returning
23382,Customer 23382,Tirupati,VIP
23383,Customer 23383,Vijayawada,Returning
23384,Customer 23384,Rajahmundry,VIP
23385,Customer 23385,Kakinada,VIP
23386,Customer 23386,Tirupati,New
23387,Customer 23387,Ongole,New
23388,Customer 23388,Guntur,New
23389,Customer 23389,Nellore,New
23390,Customer 23390,Ongole,New
23391,Customer 23391,Kurnool,New
23392,Customer 23392,Vijayawada,Returning
23393,Customer 23393,Guntur,VIP
23394,Customer 23394,Ongole,New
23395,Customer 23395,Rajahmundry,VIP
23396,Customer 23396,Vijayawada,Returning
23397,Customer 23397,Ongole,Returning
23398,Customer 23398,Guntur,New
23399,Customer 23399,Guntur,Returning
23400,Customer 23400,Rajahmundry,New
23401,Customer 23401,Vijayawada,VIP
23402,Customer 23402,Guntur,VIP
23403,Customer 23403,Visakhapatnam,Returning
23404,Customer 23404,Rajahmundry,Returning
23405,Customer 23405,Vijayawada,VIP
23406,Customer 23406,Guntur,Returning
23407,Customer 23407,Visakhapatnam,Returning
23408,Customer 23408,Vijayawada,VIP
23409,Customer 23409,Vijayawada,VIP
23410,Customer 23410,Vijayawada,Returning
23411,Customer 23411,Anantapur,VIP
23412,Customer 23412,Rajahmundry,VIP
23413,Customer 23413,Kurnool,Returning
23414,Customer 23414,Vijayawada,VIP
23415,Customer 23415,Guntur,VIP
23416,Customer 23416,Tirupati,New
23417,Customer 23417,Tirupati,New
23418,Customer 23418,Kurnool,Returning
23419,Customer 23419,Rajahmundry,Returning
23420,Customer 23420,Guntur,Returning
23421,Customer 23421,Tirupati,Returning
23422,Customer 23422,Kurnool,Returning
23423,Customer 23423,Nellore,New
23424,Customer 23424,Kakinada,New
23425,Customer 23425,Kakinada,New
23426,Customer 23426,Kurnool,New
23427,Customer 23427,Kurnool,New
23428,Customer 23428,Tirupati,Returning
23429,Customer 23429,Vijayawada,VIP
23430,Customer 23430,Vijayawada,New
23431,Customer 23431,Rajahmundry,VIP
23432,Customer 23432,Tirupati,VIP
23433,Customer 23433,Anantapur,New
23434,Customer 23434,Anantapur,Returning
23435,Customer 23435,Nellore,New
23436,Customer 23436,Nellore,Returning
23437,Customer 23437,Kurnool,VIP
23438,Customer 23438,Tirupati,VIP
23439,Customer 23439,Tirupati,VIP
23440,Customer 23440,Guntur,New
23441,Customer 23441,Anantapur,Returning
23442,Customer 23442,Ongole,New
23443,Customer 23443,Ongole,New
23444,Customer 23444,Visakhapatnam,New
23445,Customer 23445,Nellore,Returning
23446,Customer 23446,Tirupati,VIP
23447,Customer 23447,Tirupati,New
23448,Customer 23448,Tirupati,Returning
23449,Customer 23449,Ongole,Returning
23450,Customer 23450,Ongole,Returning
23451,Customer 23451,Guntur,Returning
23452,Customer 23452,Ongole,Returning
23453,Customer 23453,Kurnool,VIP
23454,Customer 23454,Kurnool,Returning
23455,Customer 23455,Rajahmundry,New
23456,Customer 23456,Anantapur,Returning
23457,Customer 23457,Anantapur,New
23458,Customer 23458,Vijayawada,Returning
23459,Customer 23459,Anantapur,Returning
23460,Customer 23460,Rajahmundry,Returning
23461,Customer 23461,Anantapur,New
23462,Customer 23462,Ongole,VIP
23463,Customer 23463,Anantapur,Returning
23464,Customer 23464,Visakhapatnam,Returning
23465,Customer 23465,Guntur,Returning
23466,Customer 23466,Rajahmundry,New
23467,Customer 23467,Visakhapatnam,New
23468,Customer 23468,Rajahmundry,New
23469,Customer 23469,Vijayawada,New
23470,Customer 23470,Rajahmundry,Returning
23471,Customer 23471,Guntur,VIP
23472,Customer 23472,Ongole,Returning
23473,Customer 23473,Kakinada,New
23474,Customer 23474,Rajahmundry,Returning
23475,Customer 23475,Nellore,New
23476,Customer 23476,Kurnool,VIP
23477,Customer 23477,Guntur,New
23478,Customer 23478,Guntur,Returning
23479,Customer 23479,Tirupati,New
23480,Customer 23480,Kakinada,Returning
23481,Customer 23481,Vijayawada,Returning
23482,Customer 23482,Tirupati,New
23483,Customer 23483,Tirupati,New
23484,Customer 23484,Nellore,New
23485,Customer 23485,Vijayawada,New
23486,Customer 23486,Nellore,Returning
23487,Customer 23487,Nellore,Returning
23488,Customer 23488,Nellore,Returning
23489,Customer 23489,Rajahmundry,VIP
23490,Customer 23490,Vijayawada,Returning
23491,Customer 23491,Nellore,Returning
23492,Customer 23492,Kurnool,VIP
23493,Customer 23493,Visakhapatnam,Returning
23494,Customer 23494,Guntur,Returning
23495,Customer 23495,Ongole,Returning
23496,Customer 23496,Guntur,VIP
23497,Customer 23497,Ongole,Returning
23498,Customer 23498,Anantapur,New
23499,Customer 23499,Visakhapatnam,New
23500,Customer 23500,Ongole,Returning
23501,Customer 23501,Kakinada,New
23502,Customer 23502,Vijayawada,VIP
23503,Customer 23503,Visakhapatnam,Returning
23504,Customer 23504,Guntur,Returning
23505,Customer 23505,Anantapur,Returning
23506,Customer 23506,Rajahmundry,Returning
23507,Customer 23507,Vijayawada,Returning
23508,Customer 23508,Kakinada,New
23509,Customer 23509,Tirupati,New
23510,Customer 23510,Tirupati,Returning
23511,Customer 23511,Rajahmundry,New
23512,Customer 23512,Anantapur,Returning
23513,Customer 23513,Guntur,VIP
23514,Customer 23514,Guntur,New
23515,Customer 23515,Guntur,VIP
23516,Customer 23516,Anantapur,Returning
23517,Customer 23517,Nellore,VIP
23518,Customer 23518,Rajahmundry,New
23519,Customer 23519,Tirupati,Returning
23520,Customer 23520,Ongole,New
23521,Customer 23521,Rajahmundry,Returning
23522,Customer 23522,Vijayawada,New
23523,Customer 23523,Guntur,New
23524,Customer 23524,Rajahmundry,New
23525,Customer 23525,Vijayawada,New
23526,Customer 23526,Ongole,New
23527,Customer 23527,Rajahmundry,Returning
23528,Customer 23528,Vijayawada,VIP
23529,Customer 23529,Nellore,Returning
23530,Customer 23530,Rajahmundry,Returning
23531,Customer 23531,Kakinada,New
23532,Customer 23532,Rajahmundry,VIP
23533,Customer 23533,Ongole,New
23534,Customer 23534,Vijayawada,VIP
23535,Customer 23535,Anantapur,New
23536,Customer 23536,Tirupati,New
23537,Customer 23537,Tirupati,VIP
23538,Customer 23538,Tirupati,VIP
23539,Customer 23539,Kurnool,VIP
23540,Customer 23540,Tirupati,New
23541,Customer 23541,Guntur,Returning
23542,Customer 23542,Rajahmundry,Returning
23543,Customer 23543,Tirupati,VIP
23544,Customer 23544,Rajahmundry,New
23545,Customer 23545,Kurnool,Returning
23546,Customer 23546,Rajahmundry,Returning
23547,Customer 23547,Anantapur,VIP
23548,Customer 23548,Kurnool,New
23549,Customer 23549,Tirupati,New
23550,Customer 23550,Rajahmundry,Returning
23551,Customer 23551,Vijayawada,Returning
23552,Customer 23552,Kurnool,VIP
23553,Customer 23553,Anantapur,New
23554,Customer 23554,Rajahmundry,New
23555,Customer 23555,Visakhapatnam,Returning
23556,Customer 23556,Vijayawada,Returning
23557,Customer 23557,Kurnool,New
23558,Customer 23558,Vijayawada,VIP
23559,Customer 23559,Kakinada,VIP
23560,Customer 23560,Visakhapatnam,New
23561,Customer 23561,Anantapur,VIP
23562,Customer 23562,Vijayawada,VIP
23563,Customer 23563,Rajahmundry,New
23564,Customer 23564,Guntur,VIP
23565,Customer 23565,Tirupati,Returning
23566,Customer 23566,Kurnool,New
23567,Customer 23567,Ongole,Returning
23568,Customer 23568,Nellore,New
23569,Customer 23569,Guntur,New
23570,Customer 23570,Visakhapatnam,Returning
23571,Customer 23571,Nellore,New
23572,Customer 23572,Guntur,VIP
23573,Customer 23573,Rajahmundry,VIP
23574,Customer 23574,Kakinada,VIP
23575,Customer 23575,Vijayawada,Returning
23576,Customer 23576,Vijayawada,New
23577,Customer 23577,Tirupati,Returning
23578,Customer 23578,Anantapur,Returning
23579,Customer 23579,Nellore,VIP
23580,Customer 23580,Kakinada,Returning
23581,Customer 23581,Anantapur,Returning
23582,Customer 23582,Tirupati,VIP
23583,Customer 23583,Nellore,VIP
23584,Customer 23584,Anantapur,Returning
23585,Customer 23585,Ongole,New
23586,Customer 23586,Rajahmundry,Returning
23587,Customer 23587,Guntur,Returning
23588,Customer 23588,Rajahmundry,New
23589,Customer 23589,Guntur,Returning
23590,Customer 23590,Guntur,VIP
23591,Customer 23591,Nellore,Returning
23592,Customer 23592,Rajahmundry,New
23593,Customer 23593,Tirupati,Returning
23594,Customer 23594,Vijayawada,New
23595,Customer 23595,Vijayawada,New
23596,Customer 23596,Ongole,VIP
23597,Customer 23597,Kurnool,Returning
23598,Customer 23598,Visakhapatnam,New
23599,Customer 23599,Anantapur,Returning
23600,Customer 23600,Visakhapatnam,New
23601,Customer 23601,Kakinada,VIP
23602,Customer 23602,Anantapur,Returning
23603,Customer 23603,Guntur,Returning
23604,Customer 23604,Visakhapatnam,VIP
23605,Customer 23605,Vijayawada,VIP
23606,Customer 23606,Rajahmundry,New
23607,Customer 23607,Kurnool,Returning
23608,Customer 23608,Visakhapatnam,Returning
23609,Customer 23609,Guntur,Returning
23610,Customer 23610,Guntur,VIP
23611,Customer 23611,Vijayawada,Returning
23612,Customer 23612,Nellore,New
23613,Customer 23613,Vijayawada,Returning
23614,Customer 23614,Guntur,VIP
23615,Customer 23615,Anantapur,New
23616,Customer 23616,Guntur,New
23617,Customer 23617,Rajahmundry,Returning
23618,Customer 23618,Kurnool,Returning
23619,Customer 23619,Kakinada,New
23620,Customer 23620,Visakhapatnam,VIP
23621,Customer 23621,Vijayawada,VIP
23622,Customer 23622,Guntur,New
23623,Customer 23623,Guntur,New
23624,Customer 23624,Nellore,VIP
23625,Customer 23625,Nellore,VIP
23626,Customer 23626,Visakhapatnam,New
23627,Customer 23627,Nellore,Returning
23628,Customer 23628,Kakinada,New
23629,Customer 23629,Ongole,VIP
23630,Customer 23630,Rajahmundry,Returning
23631,Customer 23631,Vijayawada,VIP
23632,Customer 23632,Guntur,VIP
23633,Customer 23633,Anantapur,VIP
23634,Customer 23634,Kurnool,New
23635,Customer 23635,Kurnool,Returning
23636,Customer 23636,Nellore,Returning
23637,Customer 23637,Vijayawada,Returning
23638,Customer 23638,Kurnool,VIP
23639,Customer 23639,Rajahmundry,VIP
23640,Customer 23640,Anantapur,Returning
23641,Customer 23641,Vijayawada,VIP
23642,Customer 23642,Kurnool,VIP
23643,Customer 23643,Guntur,VIP
23644,Customer 23644,Visakhapatnam,VIP
23645,Customer 23645,Rajahmundry,Returning
23646,Customer 23646,Ongole,Returning
23647,Customer 23647,Kakinada,New
23648,Customer 23648,Rajahmundry,New
23649,Customer 23649,Visakhapatnam,Returning
23650,Customer 23650,Nellore,VIP
23651,Customer 23651,Guntur,VIP
23652,Customer 23652,Kurnool,Returning
23653,Customer 23653,Rajahmundry,VIP
23654,Customer 23654,Anantapur,New
23655,Customer 23655,Anantapur,VIP
23656,Customer 23656,Tirupati,Returning
23657,Customer 23657,Kakinada,VIP
23658,Customer 23658,Nellore,New
23659,Customer 23659,Vijayawada,Returning
23660,Customer 23660,Ongole,New
23661,Customer 23661,Ongole,VIP
23662,Customer 23662,Visakhapatnam,New
23663,Customer 23663,Kakinada,Returning
23664,Customer 23664,Visakhapatnam,VIP
23665,Customer 23665,Ongole,VIP
23666,Customer 23666,Vijayawada,VIP
23667,Customer 23667,Kakinada,VIP
23668,Customer 23668,Visakhapatnam,New
23669,Customer 23669,Nellore,VIP
23670,Customer 23670,Kakinada,Returning
23671,Customer 23671,Guntur,VIP
23672,Customer 23672,Rajahmundry,New
23673,Customer 23673,Tirupati,Returning
23674,Customer 23674,Ongole,New
23675,Customer 23675,Kurnool,VIP
23676,Customer 23676,Kurnool,VIP
23677,Customer 23677,Nellore,VIP
23678,Customer 23678,Tirupati,Returning
23679,Customer 23679,Ongole,New
23680,Customer 23680,Guntur,Returning
23681,Customer 23681,Guntur,New
23682,Customer 23682,Vijayawada,Returning
23683,Customer 23683,Anantapur,Returning
23684,Customer 23684,Kakinada,VIP
23685,Customer 23685,Visakhapatnam,New
23686,Customer 23686,Kakinada,Returning
23687,Customer 23687,Ongole,New
23688,Customer 23688,Anantapur,Returning
23689,Customer 23689,Tirupati,New
23690,Customer 23690,Nellore,Returning
23691,Customer 23691,Tirupati,VIP
23692,Customer 23692,Rajahmundry,VIP
23693,Customer 23693,Tirupati,New
23694,Customer 23694,Kurnool,New
23695,Customer 23695,Vijayawada,Returning
23696,Customer 23696,Tirupati,VIP
23697,Customer 23697,Vijayawada,VIP
23698,Customer 23698,Nellore,New
23699,Customer 23699,Tirupati,VIP
23700,Customer 23700,Ongole,Returning
23701,Customer 23701,Guntur,Returning
23702,Customer 23702,Vijayawada,New
23703,Customer 23703,Vijayawada,New
23704,Customer 23704,Vijayawada,Returning
23705,Customer 23705,Guntur,VIP
23706,Customer 23706,Kurnool,Returning
23707,Customer 23707,Ongole,VIP
23708,Customer 23708,Guntur,VIP
23709,Customer 23709,Vijayawada,New
23710,Customer 23710,Visakhapatnam,VIP
23711,Customer 23711,Tirupati,Returning
23712,Customer 23712,Kurnool,VIP
23713,Customer 23713,Tirupati,New
23714,Customer 23714,Anantapur,Returning
23715,Customer 23715,Rajahmundry,VIP
23716,Customer 23716,Ongole,VIP
23717,Customer 23717,Ongole,VIP
23718,Customer 23718,Anantapur,New
23719,Customer 23719,Vijayawada,VIP
23720,Customer 23720,Kakinada,New
23721,Customer 23721,Kakinada,VIP
23722,Customer 23722,Tirupati,New
23723,Customer 23723,Vijayawada,New
23724,Customer 23724,Guntur,New
23725,Customer 23725,Tirupati,Returning
23726,Customer 23726,Kakinada,Returning
23727,Customer 23727,Tirupati,VIP
23728,Customer 23728,Tirupati,Returning
23729,Customer 23729,Vijayawada,VIP
23730,Customer 23730,Kakinada,New
23731,Customer 23731,Guntur,VIP
23732,Customer 23732,Tirupati,Returning
23733,Customer 23733,Kurnool,New
23734,Customer 23734,Tirupati,VIP
23735,Customer 23735,Anantapur,VIP
23736,Customer 23736,Ongole,New
23737,Customer 23737,Guntur,Returning
23738,Customer 23738,Guntur,New
23739,Customer 23739,Kakinada,VIP
23740,Customer 23740,Anantapur,New
23741,Customer 23741,Visakhapatnam,Returning
23742,Customer 23742,Tirupati,New
23743,Customer 23743,Kurnool,VIP
23744,Customer 23744,Ongole,New
23745,Customer 23745,Vijayawada,Returning
23746,Customer 23746,Anantapur,VIP
23747,Customer 23747,Visakhapatnam,VIP
23748,Customer 23748,Anantapur,VIP
23749,Customer 23749,Guntur,New
23750,Customer 23750,Guntur,Returning
23751,Customer 23751,Guntur,Returning
23752,Customer 23752,Kakinada,VIP
23753,Customer 23753,Ongole,VIP
23754,Customer 23754,Ongole,New
23755,Customer 23755,Kakinada,VIP
23756,Customer 23756,Ongole,New
23757,Customer 23757,Rajahmundry,Returning
23758,Customer 23758,Tirupati,Returning
23759,Customer 23759,Vijayawada,VIP
23760,Customer 23760,Ongole,Returning
23761,Customer 23761,Visakhapatnam,Returning
23762,Customer 23762,Rajahmundry,New
23763,Customer 23763,Nellore,Returning
23764,Customer 23764,Kurnool,VIP
23765,Customer 23765,Kakinada,New
23766,Customer 23766,Guntur,VIP
23767,Customer 23767,Anantapur,VIP
23768,Customer 23768,Rajahmundry,Returning
23769,Customer 23769,Nellore,Returning
23770,Customer 23770,Rajahmundry,Returning
23771,Customer 23771,Guntur,New
23772,Customer 23772,Kurnool,VIP
23773,Customer 23773,Vijayawada,New
23774,Customer 23774,Tirupati,Returning
23775,Customer 23775,Anantapur,VIP
23776,Customer 23776,Ongole,New
23777,Customer 23777,Guntur,Returning
23778,Customer 23778,Ongole,New
23779,Customer 23779,Tirupati,Returning
23780,Customer 23780,Anantapur,VIP
23781,Customer 23781,Vijayawada,VIP
23782,Customer 23782,Tirupati,VIP
23783,Customer 23783,Anantapur,VIP
23784,Customer 23784,Kurnool,Returning
23785,Customer 23785,Tirupati,VIP
23786,Customer 23786,Tirupati,New
23787,Customer 23787,Rajahmundry,New
23788,Customer 23788,Ongole,New
23789,Customer 23789,Anantapur,New
23790,Customer 23790,Ongole,VIP
23791,Customer 23791,Visakhapatnam,VIP
23792,Customer 23792,Visakhapatnam,VIP
23793,Customer 23793,Guntur,VIP
23794,Customer 23794,Vijayawada,New
23795,Customer 23795,Kakinada,VIP
23796,Customer 23796,Rajahmundry,New
23797,Customer 23797,Kurnool,New
23798,Customer 23798,Guntur,VIP
23799,Customer 23799,Ongole,New
23800,Customer 23800,Visakhapatnam,Returning
23801,Customer 23801,Kakinada,Returning
23802,Customer 23802,Rajahmundry,New
23803,Customer 23803,Tirupati,VIP
23804,Customer 23804,Kurnool,New
23805,Customer 23805,Kurnool,Returning
23806,Customer 23806,Guntur,VIP
23807,Customer 23807,Visakhapatnam,New
23808,Customer 23808,Anantapur,New
23809,Customer 23809,Kakinada,New
23810,Customer 23810,Tirupati,New
23811,Customer 23811,Guntur,VIP
23812,Customer 23812,Ongole,New
23813,Customer 23813,Vijayawada,VIP
23814,Customer 23814,Guntur,New
23815,Customer 23815,Kakinada,New
23816,Customer 23816,Vijayawada,Returning
23817,Customer 23817,Rajahmundry,New
23818,Customer 23818,Guntur,Returning
23819,Customer 23819,Rajahmundry,VIP
23820,Customer 23820,Visakhapatnam,Returning
23821,Customer 23821,Nellore,New
23822,Customer 23822,Kurnool,Returning
23823,Customer 23823,Kurnool,VIP
23824,Customer 23824,Guntur,VIP
23825,Customer 23825,Kakinada,Returning
23826,Customer 23826,Kurnool,New
23827,Customer 23827,Ongole,New
23828,Customer 23828,Kurnool,VIP
23829,Customer 23829,Kurnool,Returning
23830,Customer 23830,Guntur,VIP
23831,Customer 23831,Kurnool,Returning
23832,Customer 23832,Vijayawada,VIP
23833,Customer 23833,Tirupati,New
23834,Customer 23834,Rajahmundry,VIP
23835,Customer 23835,Tirupati,VIP
23836,Customer 23836,Anantapur,VIP
23837,Customer 23837,Anantapur,Returning
23838,Customer 23838,Kurnool,New
23839,Customer 23839,Kakinada,New
23840,Customer 23840,Nellore,Returning
23841,Customer 23841,Kakinada,New
23842,Customer 23842,Tirupati,Returning
23843,Customer 23843,Guntur,New
23844,Customer 23844,Vijayawada,Returning
23845,Customer 23845,Nellore,Returning
23846,Customer 23846,Tirupati,VIP
23847,Customer 23847,Nellore,VIP
23848,Customer 23848,Anantapur,Returning
23849,Customer 23849,Rajahmundry,VIP
23850,Customer 23850,Guntur,New
23851,Customer 23851,Tirupati,Returning
23852,Customer 23852,Visakhapatnam,VIP
23853,Customer 23853,Kakinada,VIP
23854,Customer 23854,Guntur,VIP
23855,Customer 23855,Visakhapatnam,New
23856,Customer 23856,Visakhapatnam,VIP
23857,Customer 23857,Nellore,New
23858,Customer 23858,Tirupati,VIP
23859,Customer 23859,Kurnool,Returning
23860,Customer 23860,Nellore,New
23861,Customer 23861,Anantapur,Returning
23862,Customer 23862,Rajahmundry,VIP
23863,Customer 23863,Tirupati,VIP
23864,Customer 23864,Vijayawada,New
23865,Customer 23865,Visakhapatnam,New
23866,Customer 23866,Kurnool,VIP
23867,Customer 23867,Visakhapatnam,Returning
23868,Customer 23868,Kakinada,VIP
23869,Customer 23869,Kurnool,VIP
23870,Customer 23870,Visakhapatnam,Returning
23871,Customer 23871,Ongole,New
23872,Customer 23872,Vijayawada,New
23873,Customer 23873,Kurnool,VIP
23874,Customer 23874,Nellore,Returning
23875,Customer 23875,Vijayawada,New
23876,Customer 23876,Kurnool,Returning
23877,Customer 23877,Rajahmundry,Returning
23878,Customer 23878,Guntur,Returning
23879,Customer 23879,Guntur,New
23880,Customer 23880,Anantapur,VIP
23881,Customer 23881,Tirupati,VIP
23882,Customer 23882,Ongole,New
23883,Customer 23883,Kurnool,New
23884,Customer 23884,Kakinada,Returning
23885,Customer 23885,Rajahmundry,New
23886,Customer 23886,Guntur,Returning
23887,Customer 23887,Tirupati,VIP
23888,Customer 23888,Nellore,New
23889,Customer 23889,Nellore,VIP
23890,Customer 23890,Vijayawada,VIP
23891,Customer 23891,Visakhapatnam,VIP
23892,Customer 23892,Vijayawada,New
23893,Customer 23893,Kakinada,New
23894,Customer 23894,Guntur,New
23895,Customer 23895,Ongole,New
23896,Customer 23896,Ongole,Returning
23897,Customer 23897,Nellore,VIP
23898,Customer 23898,Rajahmundry,VIP
23899,Customer 23899,Nellore,New
23900,Customer 23900,Visakhapatnam,New
23901,Customer 23901,Nellore,New
23902,Customer 23902,Anantapur,VIP
23903,Customer 23903,Kakinada,Returning
23904,Customer 23904,Nellore,VIP
23905,Customer 23905,Visakhapatnam,VIP
23906,Customer 23906,Ongole,New
23907,Customer 23907,Tirupati,VIP
23908,Customer 23908,Visakhapatnam,New
23909,Customer 23909,Ongole,New
23910,Customer 23910,Guntur,VIP
23911,Customer 23911,Vijayawada,Returning
23912,Customer 23912,Kurnool,New
23913,Customer 23913,Anantapur,Returning
23914,Customer 23914,Anantapur,VIP
23915,Customer 23915,Rajahmundry,Returning
23916,Customer 23916,Vijayawada,Returning
23917,Customer 23917,Ongole,VIP
23918,Customer 23918,Anantapur,VIP
23919,Customer 23919,Nellore,New
23920,Customer 23920,Anantapur,VIP
23921,Customer 23921,Kurnool,VIP
23922,Customer 23922,Tirupati,VIP
23923,Customer 23923,Vijayawada,New
23924,Customer 23924,Vijayawada,New
23925,Customer 23925,Ongole,Returning
23926,Customer 23926,Guntur,Returning
23927,Customer 23927,Kurnool,VIP
23928,Customer 23928,Kurnool,Returning
23929,Customer 23929,Guntur,VIP
23930,Customer 23930,Guntur,VIP
23931,Customer 23931,Anantapur,VIP
23932,Customer 23932,Rajahmundry,New
23933,Customer 23933,Rajahmundry,VIP
23934,Customer 23934,Ongole,New
23935,Customer 23935,Guntur,Returning
23936,Customer 23936,Tirupati,Returning
23937,Customer 23937,Rajahmundry,VIP
23938,Customer 23938,Kurnool,Returning
23939,Customer 23939,Visakhapatnam,VIP
23940,Customer 23940,Tirupati,VIP
23941,Customer 23941,Rajahmundry,Returning
23942,Customer 23942,Vijayawada,Returning
23943,Customer 23943,Rajahmundry,Returning
23944,Customer 23944,Rajahmundry,VIP
23945,Customer 23945,Rajahmundry,Returning
23946,Customer 23946,Kakinada,Returning
23947,Customer 23947,Kakinada,VIP
23948,Customer 23948,Rajahmundry,Returning
23949,Customer 23949,Rajahmundry,New
23950,Customer 23950,Anantapur,New
23951,Customer 23951,Rajahmundry,New
23952,Customer 23952,Vijayawada,Returning
23953,Customer 23953,Ongole,VIP
23954,Customer 23954,Visakhapatnam,VIP
23955,Customer 23955,Guntur,VIP
23956,Customer 23956,Vijayawada,New
23957,Customer 23957,Guntur,Returning
23958,Customer 23958,Anantapur,VIP
23959,Customer 23959,Ongole,New
23960,Customer 23960,Kakinada,VIP
23961,Customer 23961,Rajahmundry,New
23962,Customer 23962,Ongole,New
23963,Customer 23963,Rajahmundry,Returning
23964,Customer 23964,Kakinada,New
23965,Customer 23965,Visakhapatnam,VIP
23966,Customer 23966,Anantapur,New
23967,Customer 23967,Anantapur,VIP
23968,Customer 23968,Vijayawada,VIP
23969,Customer 23969,Nellore,Returning
23970,Customer 23970,Visakhapatnam,Returning
23971,Customer 23971,Visakhapatnam,New
23972,Customer 23972,Visakhapatnam,VIP
23973,Customer 23973,Visakhapatnam,VIP
23974,Customer 23974,Ongole,New
23975,Customer 23975,Ongole,New
23976,Customer 23976,Visakhapatnam,Returning
23977,Customer 23977,Guntur,Returning
23978,Customer 23978,Vijayawada,New
23979,Customer 23979,Anantapur,VIP
23980,Customer 23980,Kurnool,New
23981,Customer 23981,Anantapur,Returning
23982,Customer 23982,Vijayawada,VIP
23983,Customer 23983,Vijayawada,VIP
23984,Customer 23984,Guntur,New
23985,Customer 23985,Visakhapatnam,VIP
23986,Customer 23986,Ongole,VIP
23987,Customer 23987,Ongole,Returning
23988,Customer 23988,Vijayawada,Returning
23989,Customer 23989,Kurnool,Returning
23990,Customer 23990,Rajahmundry,Returning
23991,Customer 23991,Tirupati,Returning
23992,Customer 23992,Kurnool,VIP
23993,Customer 23993,Tirupati,VIP
23994,Customer 23994,Vijayawada,Returning
23995,Customer 23995,Visakhapatnam,New
23996,Customer 23996,Visakhapatnam,New
23997,Customer 23997,Ongole,New
23998,Customer 23998,Guntur,Returning
23999,Customer 23999,Guntur,New
24000,Customer 24000,Rajahmundry,VIP
24001,Customer 24001,Nellore,VIP
24002,Customer 24002,Tirupati,New
24003,Customer 24003,Anantapur,VIP
24004,Customer 24004,Guntur,Returning
24005,Customer 24005,Guntur,VIP
24006,Customer 24006,Tirupati,Returning
24007,Customer 24007,Nellore,New
24008,Customer 24008,Tirupati,Returning
24009,Customer 24009,Rajahmundry,New
24010,Customer 24010,Kurnool,New
24011,Customer 24011,Anantapur,VIP
24012,Customer 24012,Visakhapatnam,VIP
24013,Customer 24013,Guntur,Returning
24014,Customer 24014,Ongole,Returning
24015,Customer 24015,Rajahmundry,VIP
24016,Customer 24016,Rajahmundry,Returning
24017,Customer 24017,Nellore,New
24018,Customer 24018,Ongole,Returning
24019,Customer 24019,Anantapur,VIP
24020,Customer 24020,Vijayawada,New
24021,Customer 24021,Vijayawada,VIP
24022,Customer 24022,Guntur,Returning
24023,Customer 24023,Kakinada,VIP
24024,Customer 24024,Ongole,New
24025,Customer 24025,Kurnool,New
24026,Customer 24026,Vijayawada,Returning
24027,Customer 24027,Visakhapatnam,New
24028,Customer 24028,Rajahmundry,New
24029,Customer 24029,Ongole,New
24030,Customer 24030,Kurnool,Returning
24031,Customer 24031,Guntur,Returning
24032,Customer 24032,Tirupati,VIP
24033,Customer 24033,Guntur,New
24034,Customer 24034,Rajahmundry,New
24035,Customer 24035,Vijayawada,Returning
24036,Customer 24036,Guntur,VIP
24037,Customer 24037,Tirupati,Returning
24038,Customer 24038,Tirupati,Returning
24039,Customer 24039,Kurnool,VIP
24040,Customer 24040,Kakinada,VIP
24041,Customer 24041,Ongole,VIP
24042,Customer 24042,Anantapur,VIP
24043,Customer 24043,Tirupati,VIP
24044,Customer 24044,Visakhapatnam,VIP
24045,Customer 24045,Kakinada,New
24046,Customer 24046,Visakhapatnam,VIP
24047,Customer 24047,Anantapur,Returning
24048,Customer 24048,Nellore,VIP
24049,Customer 24049,Guntur,New
24050,Customer 24050,Tirupati,New
24051,Customer 24051,Anantapur,Returning
24052,Customer 24052,Rajahmundry,VIP
24053,Customer 24053,Rajahmundry,VIP
24054,Customer 24054,Ongole,VIP
24055,Customer 24055,Tirupati,New
24056,Customer 24056,Kurnool,New
24057,Customer 24057,Anantapur,New
24058,Customer 24058,Rajahmundry,Returning
24059,Customer 24059,Tirupati,New
24060,Customer 24060,Ongole,Returning
24061,Customer 24061,Anantapur,VIP
24062,Customer 24062,Vijayawada,VIP
24063,Customer 24063,Vijayawada,New
24064,Customer 24064,Ongole,VIP
24065,Customer 24065,Ongole,VIP
24066,Customer 24066,Ongole,Returning
24067,Customer 24067,Guntur,Returning
24068,Customer 24068,Visakhapatnam,VIP
24069,Customer 24069,Ongole,VIP
24070,Customer 24070,Kakinada,Returning
24071,Customer 24071,Tirupati,New
24072,Customer 24072,Kurnool,New
24073,Customer 24073,Tirupati,New
24074,Customer 24074,Rajahmundry,Returning
24075,Customer 24075,Rajahmundry,New
24076,Customer 24076,Tirupati,Returning
24077,Customer 24077,Tirupati,VIP
24078,Customer 24078,Nellore,New
24079,Customer 24079,Rajahmundry,Returning
24080,Customer 24080,Anantapur,Returning
24081,Customer 24081,Ongole,New
24082,Customer 24082,Ongole,Returning
24083,Customer 24083,Tirupati,VIP
24084,Customer 24084,Visakhapatnam,Returning
24085,Customer 24085,Ongole,Returning
24086,Customer 24086,Kakinada,VIP
24087,Customer 24087,Guntur,VIP
24088,Customer 24088,Visakhapatnam,VIP
24089,Customer 24089,Kurnool,VIP
24090,Customer 24090,Ongole,VIP
24091,Customer 24091,Kurnool,Returning
24092,Customer 24092,Rajahmundry,New
24093,Customer 24093,Rajahmundry,Returning
24094,Customer 24094,Vijayawada,Returning
24095,Customer 24095,Vijayawada,Returning
24096,Customer 24096,Vijayawada,New
24097,Customer 24097,Ongole,Returning
24098,Customer 24098,Anantapur,VIP
24099,Customer 24099,Tirupati,Returning
24100,Customer 24100,Rajahmundry,VIP
24101,Customer 24101,Kurnool,Returning
24102,Customer 24102,Anantapur,VIP
24103,Customer 24103,Kurnool,New
24104,Customer 24104,Guntur,Returning
24105,Customer 24105,Kakinada,Returning
24106,Customer 24106,Guntur,VIP
24107,Customer 24107,Kurnool,VIP
24108,Customer 24108,Visakhapatnam,New
24109,Customer 24109,Visakhapatnam,Returning
24110,Customer 24110,Anantapur,VIP
24111,Customer 24111,Tirupati,New
24112,Customer 24112,Vijayawada,Returning
24113,Customer 24113,Ongole,Returning
24114,Customer 24114,Nellore,New
24115,Customer 24115,Vijayawada,VIP
24116,Customer 24116,Vijayawada,Returning
24117,Customer 24117,Ongole,VIP
24118,Customer 24118,Kakinada,VIP
24119,Customer 24119,Kakinada,VIP
24120,Customer 24120,Vijayawada,VIP
24121,Customer 24121,Rajahmundry,Returning
24122,Customer 24122,Nellore,Returning
24123,Customer 24123,Kakinada,New
24124,Customer 24124,Kakinada,Returning
24125,Customer 24125,Vijayawada,VIP
24126,Customer 24126,Kakinada,VIP
24127,Customer 24127,Vijayawada,VIP
24128,Customer 24128,Visakhapatnam,New
24129,Customer 24129,Visakhapatnam,New
24130,Customer 24130,Guntur,New
24131,Customer 24131,Anantapur,Returning
24132,Customer 24132,Kurnool,VIP
24133,Customer 24133,Tirupati,New
24134,Customer 24134,Tirupati,New
24135,Customer 24135,Nellore,Returning
24136,Customer 24136,Kurnool,New
24137,Customer 24137,Ongole,New
24138,Customer 24138,Anantapur,New
24139,Customer 24139,Tirupati,New
24140,Customer 24140,Ongole,VIP
24141,Customer 24141,Guntur,New
24142,Customer 24142,Visakhapatnam,New
24143,Customer 24143,Guntur,New
24144,Customer 24144,Kakinada,Returning
24145,Customer 24145,Kurnool,VIP
24146,Customer 24146,Kakinada,New
24147,Customer 24147,Ongole,New
24148,Customer 24148,Kakinada,Returning
24149,Customer 24149,Ongole,New
24150,Customer 24150,Rajahmundry,Returning
24151,Customer 24151,Vijayawada,Returning
24152,Customer 24152,Kurnool,Returning
24153,Customer 24153,Kurnool,VIP
24154,Customer 24154,Anantapur,Returning
24155,Customer 24155,Visakhapatnam,VIP
24156,Customer 24156,Anantapur,New
24157,Customer 24157,Anantapur,Returning
24158,Customer 24158,Tirupati,Returning
24159,Customer 24159,Kurnool,Returning
24160,Customer 24160,Rajahmundry,VIP
24161,Customer 24161,Anantapur,New
24162,Customer 24162,Kurnool,New
24163,Customer 24163,Anantapur,Returning
24164,Customer 24164,Tirupati,Returning
24165,Customer 24165,Anantapur,Returning
24166,Customer 24166,Anantapur,VIP
24167,Customer 24167,Kurnool,New
24168,Customer 24168,Anantapur,Returning
24169,Customer 24169,Rajahmundry,New
24170,Customer 24170,Kakinada,New
24171,Customer 24171,Vijayawada,New
24172,Customer 24172,Rajahmundry,Returning
24173,Customer 24173,Ongole,Returning
24174,Customer 24174,Vijayawada,Returning
24175,Customer 24175,Anantapur,VIP
24176,Customer 24176,Anantapur,VIP
24177,Customer 24177,Vijayawada,New
24178,Customer 24178,Rajahmundry,VIP
24179,Customer 24179,Anantapur,Returning
24180,Customer 24180,Anantapur,Returning
24181,Customer 24181,Ongole,VIP
24182,Customer 24182,Kakinada,VIP
24183,Customer 24183,Vijayawada,VIP
24184,Customer 24184,Visakhapatnam,New
24185,Customer 24185,Visakhapatnam,New
24186,Customer 24186,Visakhapatnam,Returning
24187,Customer 24187,Tirupati,VIP
24188,Customer 24188,Anantapur,VIP
24189,Customer 24189,Kakinada,New
24190,Customer 24190,Kurnool,Returning
24191,Customer 24191,Rajahmundry,Returning
24192,Customer 24192,Tirupati,New
24193,Customer 24193,Nellore,Returning
24194,Customer 24194,Nellore,New
24195,Customer 24195,Tirupati,New
24196,Customer 24196,Tirupati,VIP
24197,Customer 24197,Anantapur,VIP
24198,Customer 24198,Guntur,New
24199,Customer 24199,Vijayawada,New
24200,Customer 24200,Vijayawada,VIP
24201,Customer 24201,Nellore,Returning
24202,Customer 24202,Vijayawada,New
24203,Customer 24203,Visakhapatnam,VIP
24204,Customer 24204,Visakhapatnam,VIP
24205,Customer 24205,Visakhapatnam,Returning
24206,Customer 24206,Vijayawada,VIP
24207,Customer 24207,Nellore,VIP
24208,Customer 24208,Tirupati,New
24209,Customer 24209,Vijayawada,VIP
24210,Customer 24210,Visakhapatnam,New
24211,Customer 24211,Tirupati,New
24212,Customer 24212,Ongole,New
24213,Customer 24213,Guntur,New
24214,Customer 24214,Rajahmundry,New
24215,Customer 24215,Kurnool,VIP
24216,Customer 24216,Guntur,VIP
24217,Customer 24217,Guntur,VIP
24218,Customer 24218,Nellore,Returning
24219,Customer 24219,Tirupati,New
24220,Customer 24220,Visakhapatnam,VIP
24221,Customer 24221,Kurnool,VIP
24222,Customer 24222,Rajahmundry,Returning
24223,Customer 24223,Tirupati,New
24224,Customer 24224,Anantapur,VIP
24225,Customer 24225,Rajahmundry,VIP
24226,Customer 24226,Nellore,New
24227,Customer 24227,Ongole,VIP
24228,Customer 24228,Nellore,New
24229,Customer 24229,Visakhapatnam,VIP
24230,Customer 24230,Ongole,New
24231,Customer 24231,Visakhapatnam,VIP
24232,Customer 24232,Vijayawada,VIP
24233,Customer 24233,Vijayawada,VIP
24234,Customer 24234,Visakhapatnam,VIP
24235,Customer 24235,Ongole,VIP
24236,Customer 24236,Nellore,Returning
24237,Customer 24237,Ongole,VIP
24238,Customer 24238,Tirupati,Returning
24239,Customer 24239,Visakhapatnam,VIP
24240,Customer 24240,Anantapur,VIP
24241,Customer 24241,Visakhapatnam,VIP
24242,Customer 24242,Nellore,VIP
24243,Customer 24243,Tirupati,VIP
24244,Customer 24244,Kakinada,VIP
24245,Customer 24245,Rajahmundry,New
24246,Customer 24246,Kakinada,VIP
24247,Customer 24247,Ongole,VIP
24248,Customer 24248,Nellore,New
24249,Customer 24249,Rajahmundry,Returning
24250,Customer 24250,Vijayawada,Returning
24251,Customer 24251,Tirupati,Returning
24252,Customer 24252,Kurnool,Returning
24253,Customer 24253,Vijayawada,VIP
24254,Customer 24254,Nellore,VIP
24255,Customer 24255,Anantapur,New
24256,Customer 24256,Vijayawada,Returning
24257,Customer 24257,Guntur,VIP
24258,Customer 24258,Rajahmundry,New
24259,Customer 24259,Vijayawada,New
24260,Customer 24260,Anantapur,VIP
24261,Customer 24261,Nellore,VIP
24262,Customer 24262,Rajahmundry,New
24263,Customer 24263,Nellore,New
24264,Customer 24264,Rajahmundry,VIP
24265,Customer 24265,Kurnool,New
24266,Customer 24266,Kakinada,Returning
24267,Customer 24267,Kurnool,VIP
24268,Customer 24268,Anantapur,VIP
24269,Customer 24269,Guntur,VIP
24270,Customer 24270,Kakinada,VIP
24271,Customer 24271,Anantapur,New
24272,Customer 24272,Guntur,New
24273,Customer 24273,Tirupati,VIP
24274,Customer 24274,Ongole,New
24275,Customer 24275,Kurnool,Returning
24276,Customer 24276,Tirupati,VIP
24277,Customer 24277,Nellore,VIP
24278,Customer 24278,Rajahmundry,Returning
24279,Customer 24279,Vijayawada,New
24280,Customer 24280,Nellore,Returning
24281,Customer 24281,Guntur,New
24282,Customer 24282,Guntur,Returning
24283,Customer 24283,Vijayawada,New
24284,Customer 24284,Nellore,New
24285,Customer 24285,Visakhapatnam,Returning
24286,Customer 24286,Guntur,New
24287,Customer 24287,Kakinada,VIP
24288,Customer 24288,Rajahmundry,VIP
24289,Customer 24289,Guntur,New
24290,Customer 24290,Anantapur,New
24291,Customer 24291,Visakhapatnam,VIP
24292,Customer 24292,Kurnool,Returning
24293,Customer 24293,Ongole,Returning
24294,Customer 24294,Visakhapatnam,New
24295,Customer 24295,Visakhapatnam,Returning
24296,Customer 24296,Kakinada,VIP
24297,Customer 24297,Guntur,New
24298,Customer 24298,Guntur,VIP
24299,Customer 24299,Anantapur,Returning
24300,Customer 24300,Guntur,Returning
24301,Customer 24301,Rajahmundry,VIP
24302,Customer 24302,Visakhapatnam,VIP
24303,Customer 24303,Nellore,VIP
24304,Customer 24304,Kurnool,New
24305,Customer 24305,Nellore,New
24306,Customer 24306,Rajahmundry,VIP
24307,Customer 24307,Visakhapatnam,Returning
24308,Customer 24308,Anantapur,New
24309,Customer 24309,Anantapur,Returning
24310,Customer 24310,Kakinada,New
24311,Customer 24311,Nellore,Returning
24312,Customer 24312,Kurnool,VIP
24313,Customer 24313,Guntur,New
24314,Customer 24314,Visakhapatnam,Returning
24315,Customer 24315,Visakhapatnam,VIP
24316,Customer 24316,Anantapur,Returning
24317,Customer 24317,Kurnool,VIP
24318,Customer 24318,Anantapur,Returning
24319,Customer 24319,Guntur,VIP
24320,Customer 24320,Kurnool,Returning
24321,Customer 24321,Ongole,VIP
24322,Customer 24322,Visakhapatnam,New
24323,Customer 24323,Rajahmundry,Returning
24324,Customer 24324,Guntur,Returning
24325,Customer 24325,Ongole,VIP
24326,Customer 24326,Visakhapatnam,New
24327,Customer 24327,Rajahmundry,New
24328,Customer 24328,Vijayawada,VIP
24329,Customer 24329,Anantapur,Returning
24330,Customer 24330,Anantapur,VIP
24331,Customer 24331,Ongole,VIP
24332,Customer 24332,Tirupati,Returning
24333,Customer 24333,Nellore,VIP
24334,Customer 24334,Nellore,VIP
24335,Customer 24335,Kurnool,VIP
24336,Customer 24336,Guntur,New
24337,Customer 24337,Guntur,New
24338,Customer 24338,Kurnool,New
24339,Customer 24339,Visakhapatnam,VIP
24340,Customer 24340,Tirupati,New
24341,Customer 24341,Anantapur,VIP
24342,Customer 24342,Vijayawada,Returning
24343,Customer 24343,Nellore,VIP
24344,Customer 24344,Visakhapatnam,New
24345,Customer 24345,Kurnool,New
24346,Customer 24346,Tirupati,New
24347,Customer 24347,Ongole,VIP
24348,Customer 24348,Visakhapatnam,New
24349,Customer 24349,Ongole,Returning
24350,Customer 24350,Nellore,Returning
24351,Customer 24351,Visakhapatnam,VIP
24352,Customer 24352,Nellore,New
24353,Customer 24353,Nellore,VIP
24354,Customer 24354,Anantapur,New
24355,Customer 24355,Rajahmundry,VIP
24356,Customer 24356,Kakinada,Returning
24357,Customer 24357,Kurnool,New
24358,Customer 24358,Rajahmundry,Returning
24359,Customer 24359,Nellore,VIP
24360,Customer 24360,Kurnool,New
24361,Customer 24361,Vijayawada,New
24362,Customer 24362,Anantapur,Returning
24363,Customer 24363,Guntur,Returning
24364,Customer 24364,Kakinada,New
24365,Customer 24365,Nellore,New
24366,Customer 24366,Nellore,New
24367,Customer 24367,Nellore,VIP
24368,Customer 24368,Tirupati,New
24369,Customer 24369,Visakhapatnam,VIP
24370,Customer 24370,Guntur,VIP
24371,Customer 24371,Visakhapatnam,VIP
24372,Customer 24372,Guntur,New
24373,Customer 24373,Kakinada,New
24374,Customer 24374,Kurnool,VIP
24375,Customer 24375,Tirupati,VIP
24376,Customer 24376,Kurnool,VIP
24377,Customer 24377,Visakhapatnam,New
24378,Customer 24378,Tirupati,New
24379,Customer 24379,Nellore,Returning
24380,Customer 24380,Tirupati,New
24381,Customer 24381,Vijayawada,New
24382,Customer 24382,Kakinada,VIP
24383,Customer 24383,Kakinada,New
24384,Customer 24384,Ongole,VIP
24385,Customer 24385,Tirupati,New
24386,Customer 24386,Nellore,VIP
24387,Customer 24387,Guntur,VIP
24388,Customer 24388,Rajahmundry,VIP
24389,Customer 24389,Rajahmundry,VIP
24390,Customer 24390,Guntur,VIP
24391,Customer 24391,Nellore,Returning
24392,Customer 24392,Ongole,New
24393,Customer 24393,Nellore,Returning
24394,Customer 24394,Guntur,Returning
24395,Customer 24395,Kakinada,VIP
24396,Customer 24396,Kakinada,VIP
24397,Customer 24397,Anantapur,VIP
24398,Customer 24398,Vijayawada,New
24399,Customer 24399,Vijayawada,Returning
24400,Customer 24400,Guntur,VIP
24401,Customer 24401,Tirupati,Returning
24402,Customer 24402,Tirupati,VIP
24403,Customer 24403,Guntur,New
24404,Customer 24404,Vijayawada,VIP
24405,Customer 24405,Ongole,Returning
24406,Customer 24406,Ongole,VIP
24407,Customer 24407,Guntur,Returning
24408,Customer 24408,Anantapur,New
24409,Customer 24409,Anantapur,VIP
24410,Customer 24410,Ongole,VIP
24411,Customer 24411,Visakhapatnam,New
24412,Customer 24412,Visakhapatnam,VIP
24413,Customer 24413,Tirupati,Returning
24414,Customer 24414,Nellore,Returning
24415,Customer 24415,Nellore,New
24416,Customer 24416,Tirupati,New
24417,Customer 24417,Rajahmundry,Returning
24418,Customer 24418,Anantapur,Returning
24419,Customer 24419,Rajahmundry,VIP
24420,Customer 24420,Nellore,Returning
24421,Customer 24421,Tirupati,Returning
24422,Customer 24422,Vijayawada,Returning
24423,Customer 24423,Visakhapatnam,Returning
24424,Customer 24424,Tirupati,Returning
24425,Customer 24425,Visakhapatnam,VIP
24426,Customer 24426,Anantapur,Returning
24427,Customer 24427,Kurnool,VIP
24428,Customer 24428,Vijayawada,VIP
24429,Customer 24429,Anantapur,VIP
24430,Customer 24430,Kurnool,Returning
24431,Customer 24431,Rajahmundry,VIP
24432,Customer 24432,Kakinada,New
24433,Customer 24433,Guntur,New
24434,Customer 24434,Tirupati,Returning
24435,Customer 24435,Rajahmundry,VIP
24436,Customer 24436,Tirupati,VIP
24437,Customer 24437,Anantapur,Returning
24438,Customer 24438,Kakinada,New
24439,Customer 24439,Guntur,New
24440,Customer 24440,Guntur,New
24441,Customer 24441,Tirupati,New
24442,Customer 24442,Kurnool,Returning
24443,Customer 24443,Vijayawada,New
24444,Customer 24444,Visakhapatnam,Returning
24445,Customer 24445,Vijayawada,New
24446,Customer 24446,Visakhapatnam,Returning
24447,Customer 24447,Kakinada,New
24448,Customer 24448,Guntur,Returning
24449,Customer 24449,Kakinada,New
24450,Customer 24450,Guntur,VIP
24451,Customer 24451,Nellore,VIP
24452,Customer 24452,Vijayawada,New
24453,Customer 24453,Kurnool,VIP
24454,Customer 24454,Visakhapatnam,VIP
24455,Customer 24455,Ongole,VIP
24456,Customer 24456,Rajahmundry,New
24457,Customer 24457,Kurnool,Returning
24458,Customer 24458,Guntur,Returning
24459,Customer 24459,Rajahmundry,New
24460,Customer 24460,Ongole,VIP
24461,Customer 24461,Guntur,Returning
24462,Customer 24462,Anantapur,Returning
24463,Customer 24463,Visakhapatnam,New
24464,Customer 24464,Visakhapatnam,VIP
24465,Customer 24465,Ongole,New
24466,Customer 24466,Guntur,VIP
24467,Customer 24467,Tirupati,New
24468,Customer 24468,Ongole,VIP
24469,Customer 24469,Anantapur,New
24470,Customer 24470,Guntur,VIP
24471,Customer 24471,Kurnool,New
24472,Customer 24472,Anantapur,Returning
24473,Customer 24473,Ongole,VIP
24474,Customer 24474,Kakinada,Returning
24475,Customer 24475,Visakhapatnam,New
24476,Customer 24476,Ongole,VIP
24477,Customer 24477,Ongole,VIP
24478,Customer 24478,Vijayawada,New
24479,Customer 24479,Ongole,VIP
24480,Customer 24480,Visakhapatnam,New
24481,Customer 24481,Rajahmundry,New
24482,Customer 24482,Ongole,New
24483,Customer 24483,Ongole,Returning
24484,Customer 24484,Guntur,Returning
24485,Customer 24485,Rajahmundry,Returning
24486,Customer 24486,Visakhapatnam,Returning
24487,Customer 24487,Kakinada,VIP
24488,Customer 24488,Kakinada,VIP
24489,Customer 24489,Kakinada,Returning
24490,Customer 24490,Guntur,VIP
24491,Customer 24491,Vijayawada,VIP
24492,Customer 24492,Ongole,VIP
24493,Customer 24493,Nellore,New
24494,Customer 24494,Guntur,Returning
24495,Customer 24495,Kakinada,VIP
24496,Customer 24496,Ongole,VIP
24497,Customer 24497,Anantapur,New
24498,Customer 24498,Rajahmundry,Returning
24499,Customer 24499,Visakhapatnam,New
24500,Customer 24500,Kurnool,New
24501,Customer 24501,Guntur,VIP
24502,Customer 24502,Anantapur,New
24503,Customer 24503,Guntur,VIP
24504,Customer 24504,Guntur,Returning
24505,Customer 24505,Ongole,Returning
24506,Customer 24506,Vijayawada,VIP
24507,Customer 24507,Kurnool,New
24508,Customer 24508,Vijayawada,Returning
24509,Customer 24509,Guntur,Returning
24510,Customer 24510,Anantapur,VIP
24511,Customer 24511,Ongole,VIP
24512,Customer 24512,Kurnool,New
24513,Customer 24513,Kakinada,Returning
24514,Customer 24514,Rajahmundry,New
24515,Customer 24515,Guntur,VIP
24516,Customer 24516,Rajahmundry,VIP
24517,Customer 24517,Tirupati,VIP
24518,Customer 24518,Tirupati,New
24519,Customer 24519,Vijayawada,VIP
24520,Customer 24520,Nellore,VIP
24521,Customer 24521,Kakinada,New
24522,Customer 24522,Rajahmundry,Returning
24523,Customer 24523,Kurnool,Returning
24524,Customer 24524,Visakhapatnam,New
24525,Customer 24525,Visakhapatnam,VIP
24526,Customer 24526,Ongole,Returning
24527,Customer 24527,Guntur,Returning
24528,Customer 24528,Anantapur,New
24529,Customer 24529,Nellore,Returning
24530,Customer 24530,Kakinada,VIP
24531,Customer 24531,Anantapur,Returning
24532,Customer 24532,Nellore,Returning
24533,Customer 24533,Vijayawada,New
24534,Customer 24534,Guntur,Returning
24535,Customer 24535,Anantapur,New
24536,Customer 24536,Tirupati,New
24537,Customer 24537,Anantapur,New
24538,Customer 24538,Kurnool,New
24539,Customer 24539,Anantapur,Returning
24540,Customer 24540,Kurnool,VIP
24541,Customer 24541,Anantapur,New
24542,Customer 24542,Tirupati,New
24543,Customer 24543,Kurnool,New
24544,Customer 24544,Visakhapatnam,Returning
24545,Customer 24545,Kakinada,VIP
24546,Customer 24546,Nellore,Returning
24547,Customer 24547,Kakinada,Returning
24548,Customer 24548,Kakinada,VIP
24549,Customer 24549,Vijayawada,VIP
24550,Customer 24550,Guntur,Returning
24551,Customer 24551,Guntur,Returning
24552,Customer 24552,Kurnool,New
24553,Customer 24553,Guntur,VIP
24554,Customer 24554,Kakinada,VIP
24555,Customer 24555,Ongole,New
24556,Customer 24556,Visakhapatnam,Returning
24557,Customer 24557,Anantapur,VIP
24558,Customer 24558,Rajahmundry,Returning
24559,Customer 24559,Kakinada,Returning
24560,Customer 24560,Ongole,VIP
24561,Customer 24561,Ongole,Returning
24562,Customer 24562,Visakhapatnam,Returning
24563,Customer 24563,Nellore,VIP
24564,Customer 24564,Guntur,Returning
24565,Customer 24565,Visakhapatnam,VIP
24566,Customer 24566,Kakinada,VIP
24567,Customer 24567,Nellore,Returning
24568,Customer 24568,Tirupati,New
24569,Customer 24569,Guntur,New
24570,Customer 24570,Vijayawada,Returning
24571,Customer 24571,Nellore,VIP
24572,Customer 24572,Vijayawada,Returning
24573,Customer 24573,Anantapur,New
24574,Customer 24574,Kakinada,Returning
24575,Customer 24575,Ongole,New
24576,Customer 24576,Kakinada,Returning
24577,Customer 24577,Anantapur,New
24578,Customer 24578,Tirupati,New
24579,Customer 24579,Ongole,VIP
24580,Customer 24580,Rajahmundry,VIP
24581,Customer 24581,Visakhapatnam,VIP
24582,Customer 24582,Vijayawada,Returning
24583,Customer 24583,Rajahmundry,VIP
24584,Customer 24584,Rajahmundry,New
24585,Customer 24585,Rajahmundry,New
24586,Customer 24586,Guntur,VIP
24587,Customer 24587,Nellore,Returning
24588,Customer 24588,Guntur,New
24589,Customer 24589,Vijayawada,New
24590,Customer 24590,Rajahmundry,Returning
24591,Customer 24591,Anantapur,Returning
24592,Customer 24592,Rajahmundry,VIP
24593,Customer 24593,Visakhapatnam,New
24594,Customer 24594,Rajahmundry,Returning
24595,Customer 24595,Anantapur,VIP
24596,Customer 24596,Kakinada,New
24597,Customer 24597,Visakhapatnam,VIP
24598,Customer 24598,Tirupati,VIP
24599,Customer 24599,Rajahmundry,Returning
24600,Customer 24600,Anantapur,VIP
24601,Customer 24601,Guntur,Returning
24602,Customer 24602,Visakhapatnam,Returning
24603,Customer 24603,Visakhapatnam,Returning
24604,Customer 24604,Rajahmundry,VIP
24605,Customer 24605,Tirupati,VIP
24606,Customer 24606,Kakinada,Returning
24607,Customer 24607,Rajahmundry,Returning
24608,Customer 24608,Visakhapatnam,New
24609,Customer 24609,Rajahmundry,VIP
24610,Customer 24610,Guntur,VIP
24611,Customer 24611,Anantapur,VIP
24612,Customer 24612,Vijayawada,New
24613,Customer 24613,Nellore,New
24614,Customer 24614,Ongole,VIP
24615,Customer 24615,Rajahmundry,New
24616,Customer 24616,Guntur,VIP
24617,Customer 24617,Tirupati,VIP
24618,Customer 24618,Tirupati,New
24619,Customer 24619,Anantapur,VIP
24620,Customer 24620,Anantapur,VIP
24621,Customer 24621,Visakhapatnam,Returning
24622,Customer 24622,Tirupati,VIP
24623,Customer 24623,Tirupati,Returning
24624,Customer 24624,Vijayawada,New
24625,Customer 24625,Rajahmundry,VIP
24626,Customer 24626,Anantapur,VIP
24627,Customer 24627,Anantapur,Returning
24628,Customer 24628,Tirupati,VIP
24629,Customer 24629,Visakhapatnam,Returning
24630,Customer 24630,Guntur,Returning
24631,Customer 24631,Ongole,VIP
24632,Customer 24632,Vijayawada,VIP
24633,Customer 24633,Visakhapatnam,New
24634,Customer 24634,Ongole,VIP
24635,Customer 24635,Anantapur,VIP
24636,Customer 24636,Nellore,New
24637,Customer 24637,Rajahmundry,New
24638,Customer 24638,Anantapur,Returning
24639,Customer 24639,Rajahmundry,VIP
24640,Customer 24640,Nellore,VIP
24641,Customer 24641,Guntur,Returning
24642,Customer 24642,Vijayawada,New
24643,Customer 24643,Anantapur,New
24644,Customer 24644,Visakhapatnam,New
24645,Customer 24645,Nellore,Returning
24646,Customer 24646,Tirupati,VIP
24647,Customer 24647,Anantapur,Returning
24648,Customer 24648,Ongole,VIP
24649,Customer 24649,Vijayawada,VIP
24650,Customer 24650,Kakinada,VIP
24651,Customer 24651,Ongole,VIP
24652,Customer 24652,Tirupati,VIP
24653,Customer 24653,Visakhapatnam,VIP
24654,Customer 24654,Visakhapatnam,Returning
24655,Customer 24655,Nellore,Returning
24656,Customer 24656,Rajahmundry,VIP
24657,Customer 24657,Rajahmundry,VIP
24658,Customer 24658,Rajahmundry,Returning
24659,Customer 24659,Ongole,Returning
24660,Customer 24660,Ongole,VIP
24661,Customer 24661,Guntur,VIP
24662,Customer 24662,Vijayawada,VIP
24663,Customer 24663,Kurnool,Returning
24664,Customer 24664,Kurnool,VIP
24665,Customer 24665,Visakhapatnam,Returning
24666,Customer 24666,Anantapur,VIP
24667,Customer 24667,Guntur,VIP
24668,Customer 24668,Kurnool,New
24669,Customer 24669,Vijayawada,VIP
24670,Customer 24670,Ongole,VIP
24671,Customer 24671,Guntur,VIP
24672,Customer 24672,Rajahmundry,New
24673,Customer 24673,Nellore,VIP
24674,Customer 24674,Tirupati,Returning
24675,Customer 24675,Rajahmundry,Returning
24676,Customer 24676,Kurnool,VIP
24677,Customer 24677,Rajahmundry,VIP
24678,Customer 24678,Rajahmundry,VIP
24679,Customer 24679,Anantapur,VIP
24680,Customer 24680,Nellore,New
24681,Customer 24681,Nellore,New
24682,Customer 24682,Rajahmundry,Returning
24683,Customer 24683,Ongole,VIP
24684,Customer 24684,Ongole,New
24685,Customer 24685,Rajahmundry,Returning
24686,Customer 24686,Kurnool,New
24687,Customer 24687,Vijayawada,New
24688,Customer 24688,Nellore,Returning
24689,Customer 24689,Rajahmundry,New
24690,Customer 24690,Tirupati,Returning
24691,Customer 24691,Guntur,Returning
24692,Customer 24692,Nellore,Returning
24693,Customer 24693,Anantapur,Returning
24694,Customer 24694,Kurnool,New
24695,Customer 24695,Nellore,VIP
24696,Customer 24696,Rajahmundry,Returning
24697,Customer 24697,Visakhapatnam,Returning
24698,Customer 24698,Ongole,VIP
24699,Customer 24699,Visakhapatnam,New
24700,Customer 24700,Kakinada,New
24701,Customer 24701,Tirupati,New
24702,Customer 24702,Tirupati,Returning
24703,Customer 24703,Tirupati,New
24704,Customer 24704,Guntur,Returning
24705,Customer 24705,Rajahmundry,New
24706,Customer 24706,Tirupati,VIP
24707,Customer 24707,Guntur,VIP
24708,Customer 24708,Guntur,VIP
24709,Customer 24709,Kurnool,Returning
24710,Customer 24710,Tirupati,New
24711,Customer 24711,Nellore,Returning
24712,Customer 24712,Kurnool,VIP
24713,Customer 24713,Kurnool,New
24714,Customer 24714,Guntur,New
24715,Customer 24715,Ongole,VIP
24716,Customer 24716,Vijayawada,Returning
24717,Customer 24717,Kakinada,New
24718,Customer 24718,Tirupati,New
24719,Customer 24719,Kurnool,Returning
24720,Customer 24720,Guntur,VIP
24721,Customer 24721,Tirupati,New
24722,Customer 24722,Kurnool,Returning
24723,Customer 24723,Ongole,New
24724,Customer 24724,Rajahmundry,VIP
24725,Customer 24725,Kurnool,VIP
24726,Customer 24726,Anantapur,Returning
24727,Customer 24727,Anantapur,VIP
24728,Customer 24728,Tirupati,New
24729,Customer 24729,Guntur,Returning
24730,Customer 24730,Tirupati,Returning
24731,Customer 24731,Kurnool,Returning
24732,Customer 24732,Nellore,New
24733,Customer 24733,Rajahmundry,Returning
24734,Customer 24734,Anantapur,VIP
24735,Customer 24735,Vijayawada,Returning
24736,Customer 24736,Visakhapatnam,VIP
24737,Customer 24737,Ongole,VIP
24738,Customer 24738,Nellore,New
24739,Customer 24739,Nellore,New
24740,Customer 24740,Kurnool,VIP
24741,Customer 24741,Visakhapatnam,VIP
24742,Customer 24742,Kakinada,New
24743,Customer 24743,Visakhapatnam,Returning
24744,Customer 24744,Visakhapatnam,Returning
24745,Customer 24745,Nellore,New
24746,Customer 24746,Nellore,VIP
24747,Customer 24747,Visakhapatnam,VIP
24748,Customer 24748,Vijayawada,VIP
24749,Customer 24749,Nellore,Returning
24750,Customer 24750,Guntur,New
24751,Customer 24751,Anantapur,Returning
24752,Customer 24752,Nellore,New
24753,Customer 24753,Tirupati,New
24754,Customer 24754,Kakinada,New
24755,Customer 24755,Rajahmundry,Returning
24756,Customer 24756,Kakinada,Returning
24757,Customer 24757,Visakhapatnam,Returning
24758,Customer 24758,Anantapur,Returning
24759,Customer 24759,Kurnool,New
24760,Customer 24760,Nellore,VIP
24761,Customer 24761,Anantapur,Returning
24762,Customer 24762,Rajahmundry,VIP
24763,Customer 24763,Visakhapatnam,New
24764,Customer 24764,Kakinada,VIP
24765,Customer 24765,Ongole,New
24766,Customer 24766,Ongole,VIP
24767,Customer 24767,Kurnool,VIP
24768,Customer 24768,Rajahmundry,New
24769,Customer 24769,Tirupati,New
24770,Customer 24770,Tirupati,New
24771,Customer 24771,Ongole,VIP
24772,Customer 24772,Anantapur,Returning
24773,Customer 24773,Guntur,Returning
24774,Customer 24774,Nellore,Returning
24775,Customer 24775,Kurnool,Returning
24776,Customer 24776,Rajahmundry,Returning
24777,Customer 24777,Guntur,New
24778,Customer 24778,Guntur,New
24779,Customer 24779,Nellore,New
24780,Customer 24780,Ongole,Returning
24781,Customer 24781,Nellore,New
24782,Customer 24782,Vijayawada,Returning
24783,Customer 24783,Kakinada,VIP
24784,Customer 24784,Ongole,Returning
24785,Customer 24785,Rajahmundry,VIP
24786,Customer 24786,Ongole,Returning
24787,Customer 24787,Ongole,New
24788,Customer 24788,Kakinada,Returning
24789,Customer 24789,Anantapur,VIP
24790,Customer 24790,Tirupati,VIP
24791,Customer 24791,Visakhapatnam,VIP
24792,Customer 24792,Vijayawada,Returning
24793,Customer 24793,Nellore,VIP
24794,Customer 24794,Vijayawada,New
24795,Customer 24795,Nellore,Returning
24796,Customer 24796,Anantapur,New
24797,Customer 24797,Guntur,Returning
24798,Customer 24798,Ongole,Returning
24799,Customer 24799,Kakinada,Returning
24800,Customer 24800,Ongole,New
24801,Customer 24801,Rajahmundry,VIP
24802,Customer 24802,Kakinada,Returning
24803,Customer 24803,Kurnool,Returning
24804,Customer 24804,Tirupati,Returning
24805,Customer 24805,Guntur,New
24806,Customer 24806,Visakhapatnam,VIP
24807,Customer 24807,Visakhapatnam,VIP
24808,Customer 24808,Guntur,VIP
24809,Customer 24809,Vijayawada,VIP
24810,Customer 24810,Ongole,Returning
24811,Customer 24811,Anantapur,VIP
24812,Customer 24812,Tirupati,VIP
24813,Customer 24813,Kurnool,VIP
24814,Customer 24814,Ongole,VIP
24815,Customer 24815,Rajahmundry,VIP
24816,Customer 24816,Anantapur,New
24817,Customer 24817,Kurnool,VIP
24818,Customer 24818,Anantapur,New
24819,Customer 24819,Kurnool,Returning
24820,Customer 24820,Guntur,VIP
24821,Customer 24821,Kakinada,Returning
24822,Customer 24822,Visakhapatnam,Returning
24823,Customer 24823,Vijayawada,VIP
24824,Customer 24824,Anantapur,Returning
24825,Customer 24825,Nellore,VIP
24826,Customer 24826,Nellore,Returning
24827,Customer 24827,Kakinada,New
24828,Customer 24828,Rajahmundry,VIP
24829,Customer 24829,Rajahmundry,VIP
24830,Customer 24830,Kakinada,New
24831,Customer 24831,Rajahmundry,VIP
24832,Customer 24832,Kakinada,New
24833,Customer 24833,Rajahmundry,VIP
24834,Customer 24834,Vijayawada,VIP
24835,Customer 24835,Guntur,Returning
24836,Customer 24836,Anantapur,New
24837,Customer 24837,Tirupati,Returning
24838,Customer 24838,Ongole,Returning
24839,Customer 24839,Kakinada,VIP
24840,Customer 24840,Visakhapatnam,Returning
24841,Customer 24841,Anantapur,Returning
24842,Customer 24842,Guntur,VIP
24843,Customer 24843,Guntur,VIP
24844,Customer 24844,Tirupati,New
24845,Customer 24845,Tirupati,New
24846,Customer 24846,Kakinada,VIP
24847,Customer 24847,Rajahmundry,New
24848,Customer 24848,Tirupati,Returning
24849,Customer 24849,Ongole,New
24850,Customer 24850,Ongole,Returning
24851,Customer 24851,Kurnool,VIP
24852,Customer 24852,Anantapur,New
24853,Customer 24853,Rajahmundry,VIP
24854,Customer 24854,Kakinada,New
24855,Customer 24855,Kurnool,VIP
24856,Customer 24856,Ongole,Returning
24857,Customer 24857,Ongole,Returning
24858,Customer 24858,Rajahmundry,VIP
24859,Customer 24859,Anantapur,New
24860,Customer 24860,Vijayawada,Returning
24861,Customer 24861,Rajahmundry,New
24862,Customer 24862,Tirupati,Returning
24863,Customer 24863,Kakinada,Returning
24864,Customer 24864,Vijayawada,Returning
24865,Customer 24865,Anantapur,Returning
24866,Customer 24866,Anantapur,Returning
24867,Customer 24867,Vijayawada,Returning
24868,Customer 24868,Kurnool,VIP
24869,Customer 24869,Vijayawada,Returning
24870,Customer 24870,Tirupati,VIP
24871,Customer 24871,Guntur,VIP
24872,Customer 24872,Visakhapatnam,VIP
24873,Customer 24873,Nellore,VIP
24874,Customer 24874,Rajahmundry,New
24875,Customer 24875,Kurnool,New
24876,Customer 24876,Tirupati,VIP
24877,Customer 24877,Guntur,VIP
24878,Customer 24878,Visakhapatnam,VIP
24879,Customer 24879,Nellore,VIP
24880,Customer 24880,Tirupati,New
24881,Customer 24881,Vijayawada,VIP
24882,Customer 24882,Tirupati,New
24883,Customer 24883,Kurnool,New
24884,Customer 24884,Kurnool,VIP
24885,Customer 24885,Ongole,VIP
24886,Customer 24886,Vijayawada,VIP
24887,Customer 24887,Kakinada,VIP
24888,Customer 24888,Tirupati,VIP
24889,Customer 24889,Nellore,VIP
24890,Customer 24890,Kakinada,Returning
24891,Customer 24891,Vijayawada,New
24892,Customer 24892,Guntur,Returning
24893,Customer 24893,Kakinada,Returning
24894,Customer 24894,Visakhapatnam,New
24895,Customer 24895,Ongole,Returning
24896,Customer 24896,Rajahmundry,VIP
24897,Customer 24897,Tirupati,New
24898,Customer 24898,Tirupati,Returning
24899,Customer 24899,Kurnool,New
24900,Customer 24900,Anantapur,Returning
24901,Customer 24901,Rajahmundry,Returning
24902,Customer 24902,Rajahmundry,New
24903,Customer 24903,Ongole,Returning
24904,Customer 24904,Guntur,New
24905,Customer 24905,Guntur,VIP
24906,Customer 24906,Kakinada,New
24907,Customer 24907,Anantapur,VIP
24908,Customer 24908,Rajahmundry,Returning
24909,Customer 24909,Vijayawada,Returning
24910,Customer 24910,Kakinada,Returning
24911,Customer 24911,Kakinada,VIP
24912,Customer 24912,Rajahmundry,VIP
24913,Customer 24913,Kurnool,Returning
24914,Customer 24914,Kurnool,Returning
24915,Customer 24915,Tirupati,Returning
24916,Customer 24916,Ongole,New
24917,Customer 24917,Vijayawada,VIP
24918,Customer 24918,Nellore,New
24919,Customer 24919,Anantapur,New
24920,Customer 24920,Guntur,VIP
24921,Customer 24921,Rajahmundry,Returning
24922,Customer 24922,Ongole,VIP
24923,Customer 24923,Visakhapatnam,Returning
24924,Customer 24924,Rajahmundry,VIP
24925,Customer 24925,Rajahmundry,New
24926,Customer 24926,Guntur,New
24927,Customer 24927,Guntur,New
24928,Customer 24928,Kakinada,Returning
24929,Customer 24929,Visakhapatnam,Returning
24930,Customer 24930,Rajahmundry,New
24931,Customer 24931,Ongole,Returning
24932,Customer 24932,Kurnool,VIP
24933,Customer 24933,Visakhapatnam,New
24934,Customer 24934,Kakinada,Returning
24935,Customer 24935,Guntur,VIP
24936,Customer 24936,Kakinada,VIP
24937,Customer 24937,Kakinada,Returning
24938,Customer 24938,Guntur,New
24939,Customer 24939,Visakhapatnam,New
24940,Customer 24940,Guntur,Returning
24941,Customer 24941,Rajahmundry,VIP
24942,Customer 24942,Guntur,Returning
24943,Customer 24943,Tirupati,Returning
24944,Customer 24944,Visakhapatnam,New
24945,Customer 24945,Kurnool,VIP
24946,Customer 24946,Kakinada,New
24947,Customer 24947,Rajahmundry,VIP
24948,Customer 24948,Kurnool,Returning
24949,Customer 24949,Guntur,New
24950,Customer 24950,Tirupati,New
24951,Customer 24951,Anantapur,New
24952,Customer 24952,Kakinada,New
24953,Customer 24953,Kakinada,Returning
24954,Customer 24954,Tirupati,VIP
24955,Customer 24955,Kakinada,VIP
24956,Customer 24956,Kurnool,New
24957,Customer 24957,Vijayawada,VIP
24958,Customer 24958,Visakhapatnam,VIP
24959,Customer 24959,Kakinada,New
24960,Customer 24960,Ongole,VIP
24961,Customer 24961,Guntur,VIP
24962,Customer 24962,Rajahmundry,Returning
24963,Customer 24963,Rajahmundry,Returning
24964,Customer 24964,Tirupati,New
24965,Customer 24965,Anantapur,VIP
24966,Customer 24966,Rajahmundry,Returning
24967,Customer 24967,Kakinada,New
24968,Customer 24968,Vijayawada,Returning
24969,Customer 24969,Visakhapatnam,New
24970,Customer 24970,Visakhapatnam,VIP
24971,Customer 24971,Ongole,New
24972,Customer 24972,Guntur,VIP
24973,Customer 24973,Nellore,VIP
24974,Customer 24974,Rajahmundry,New
24975,Customer 24975,Vijayawada,Returning
24976,Customer 24976,Nellore,New
24977,Customer 24977,Nellore,Returning
24978,Customer 24978,Vijayawada,VIP
24979,Customer 24979,Nellore,Returning
24980,Customer 24980,Kurnool,VIP
24981,Customer 24981,Ongole,New
24982,Customer 24982,Guntur,New
24983,Customer 24983,Nellore,New
24984,Customer 24984,Ongole,New
24985,Customer 24985,Guntur,Returning
24986,Customer 24986,Guntur,VIP
24987,Customer 24987,Vijayawada,New
24988,Customer 24988,Rajahmundry,New
24989,Customer 24989,Vijayawada,VIP
24990,Customer 24990,Rajahmundry,New
24991,Customer 24991,Vijayawada,VIP
24992,Customer 24992,Visakhapatnam,Returning
24993,Customer 24993,Rajahmundry,VIP
24994,Customer 24994,Guntur,New
24995,Customer 24995,Guntur,Returning
24996,Customer 24996,Ongole,New
24997,Customer 24997,Rajahmundry,Returning
24998,Customer 24998,Guntur,VIP
24999,Customer 24999,Nellore,New
25000,Customer 25000,Nellore,Returning
